productId,sku,name,categoryId,categoryName,isActive,quantity,reorderLevel,stockStatus
13436,p6_06_fixture_hostile_sku,"'=1+1, ""special"" café",,,True,0.000,0.000,OutOfStock
92,HDW-1002,Adjustable Wrench 10in,1,Hand Tools,True,2.000,0.000,Normal
94,HDW-1004,Angle Grinder 4in,2,Power Tools,True,0.000,0.000,OutOfStock
91,HDW-1001,Claw Hammer 16oz,1,Hand Tools,True,0.000,0.000,OutOfStock
93,HDW-1003,Cordless Drill 18V,2,Power Tools,True,0.000,0.000,OutOfStock
4,DEMO-HAMMER-01,Demo product (P1-15 client spike),,,True,245.000,0.000,Normal
96,HDW-1006,Hex Bolts M8x40 (50pc box),3,Fasteners,True,0.000,0.000,OutOfStock
97,HDW-1007,Interior Latex Paint White 4L,4,Paint & Finishing,True,0.000,0.000,OutOfStock
2,p1_11_fixture_sku,P1-11 Fixture Product,,,True,96.000,0.000,Normal
3,p1_13_fixture_sku,P1-13 Fixture Product,,,True,0.000,0.000,OutOfStock
5,p2_03_fixture_sku,P2-03 Fixture Product,,,True,9.000,0.000,Normal
22,p2_07_71f3e5282272,P2-07 Audited Create,,,True,0.000,0.000,OutOfStock
32,p2_07_243569e69bd8,P2-07 Audited Create,,,True,0.000,0.000,OutOfStock
42,p2_07_c8c74d07ef63,P2-07 Audited Create,,,True,0.000,0.000,OutOfStock
57,p2_07_140a7e259597,P2-07 Audited Create,,,True,0.000,0.000,OutOfStock
67,p2_07_4051ac4495a7,P2-07 Audited Create,,,True,0.000,0.000,OutOfStock
78,p2_07_654caa0dec88,P2-07 Audited Create,,,True,0.000,0.000,OutOfStock
88,p2_07_9ed8539259d7,P2-07 Audited Create,,,True,0.000,0.000,OutOfStock
106,p2_07_104ad69473d4,P2-07 Audited Create,,,True,0.000,0.000,OutOfStock
119,p2_07_9e6e4f89262a,P2-07 Audited Create,,,True,0.000,0.000,OutOfStock
130,p2_07_3863615ac6ed,P2-07 Audited Create,,,True,0.000,0.000,OutOfStock
141,p2_07_8882929f06cf,P2-07 Audited Create,,,True,0.000,0.000,OutOfStock
152,p2_07_cdd73e8e03f2,P2-07 Audited Create,,,True,0.000,0.000,OutOfStock
163,p2_07_0aa59a3bee55,P2-07 Audited Create,,,True,0.000,0.000,OutOfStock
174,p2_07_7efedef796c1,P2-07 Audited Create,,,True,0.000,0.000,OutOfStock
227,p2_07_0f3ff585a9a8,P2-07 Audited Create,,,True,0.000,0.000,OutOfStock
266,p2_07_cf6e4521c278,P2-07 Audited Create,,,True,0.000,0.000,OutOfStock
293,p2_07_abaef235cb71,P2-07 Audited Create,,,True,0.000,0.000,OutOfStock
318,p2_07_f9e2889bbe6f,P2-07 Audited Create,,,True,0.000,0.000,OutOfStock
343,p2_07_e0b6f87db91f,P2-07 Audited Create,,,True,0.000,0.000,OutOfStock
382,p2_07_36c17aa04c81,P2-07 Audited Create,,,True,0.000,0.000,OutOfStock
407,p2_07_d69035dc8d19,P2-07 Audited Create,,,True,0.000,0.000,OutOfStock
432,p2_07_e912190aca99,P2-07 Audited Create,,,True,0.000,0.000,OutOfStock
458,p2_07_ba4f8e86951a,P2-07 Audited Create,,,True,0.000,0.000,OutOfStock
484,p2_07_992d9e6fd8b5,P2-07 Audited Create,,,True,0.000,0.000,OutOfStock
510,p2_07_c02ec4369855,P2-07 Audited Create,,,True,0.000,0.000,OutOfStock
535,p2_07_ab4d482b3d30,P2-07 Audited Create,,,True,0.000,0.000,OutOfStock
560,p2_07_a8cb18e89799,P2-07 Audited Create,,,True,0.000,0.000,OutOfStock
585,p2_07_f95fe8afcffe,P2-07 Audited Create,,,True,0.000,0.000,OutOfStock
610,p2_07_69dc581059f4,P2-07 Audited Create,,,True,0.000,0.000,OutOfStock
635,p2_07_b6699ece9e74,P2-07 Audited Create,,,True,0.000,0.000,OutOfStock
660,p2_07_1469808af0a2,P2-07 Audited Create,,,True,0.000,0.000,OutOfStock
685,p2_07_97bc30107bea,P2-07 Audited Create,,,True,0.000,0.000,OutOfStock
710,p2_07_89acfe881db5,P2-07 Audited Create,,,True,0.000,0.000,OutOfStock
735,p2_07_2c16ccb93ef4,P2-07 Audited Create,,,True,0.000,0.000,OutOfStock
760,p2_07_d3875ce7da02,P2-07 Audited Create,,,True,0.000,0.000,OutOfStock
785,p2_07_44d9451694a0,P2-07 Audited Create,,,True,0.000,0.000,OutOfStock
811,p2_07_fe0ae11986c4,P2-07 Audited Create,,,True,0.000,0.000,OutOfStock
836,p2_07_49c33507d6b1,P2-07 Audited Create,,,True,0.000,0.000,OutOfStock
868,p2_07_ca9e5c15dfd8,P2-07 Audited Create,,,True,0.000,0.000,OutOfStock
911,p2_07_a37c35823132,P2-07 Audited Create,,,True,0.000,0.000,OutOfStock
972,p2_07_8e0094f7b22f,P2-07 Audited Create,,,True,0.000,0.000,OutOfStock
1051,p2_07_faea574065d4,P2-07 Audited Create,,,True,0.000,0.000,OutOfStock
1112,p2_07_5e1c867f47f0,P2-07 Audited Create,,,True,0.000,0.000,OutOfStock
1173,p2_07_a783d0b9d33c,P2-07 Audited Create,,,True,0.000,0.000,OutOfStock
1288,p2_07_0a6b70692805,P2-07 Audited Create,,,True,0.000,0.000,OutOfStock
1423,p2_07_7e1360b43bd6,P2-07 Audited Create,,,True,0.000,0.000,OutOfStock
1528,p2_07_29d6606d81b4,P2-07 Audited Create,,,True,0.000,0.000,OutOfStock
1633,p2_07_53cb6ef198d0,P2-07 Audited Create,,,True,0.000,0.000,OutOfStock
1763,p2_07_717df64d074c,P2-07 Audited Create,,,True,0.000,0.000,OutOfStock
1893,p2_07_fba160f7f23e,P2-07 Audited Create,,,True,0.000,0.000,OutOfStock
2023,p2_07_201416ccbe90,P2-07 Audited Create,,,True,0.000,0.000,OutOfStock
2205,p2_07_39249d28ebef,P2-07 Audited Create,,,True,0.000,0.000,OutOfStock
2346,p2_07_ba33a595a5b6,P2-07 Audited Create,,,True,0.000,0.000,OutOfStock
2487,p2_07_ea923dcaf858,P2-07 Audited Create,,,True,0.000,0.000,OutOfStock
2628,p2_07_fe3f8ae76d27,P2-07 Audited Create,,,True,0.000,0.000,OutOfStock
2769,p2_07_8540fe2afc48,P2-07 Audited Create,,,True,0.000,0.000,OutOfStock
2910,p2_07_89e0613ed2da,P2-07 Audited Create,,,True,0.000,0.000,OutOfStock
3051,p2_07_31679ee31565,P2-07 Audited Create,,,True,0.000,0.000,OutOfStock
3224,p2_07_bdc4acf71589,P2-07 Audited Create,,,True,0.000,0.000,OutOfStock
3372,p2_07_13e1c6921cb7,P2-07 Audited Create,,,True,0.000,0.000,OutOfStock
3527,p2_07_9bae6a867a19,P2-07 Audited Create,,,True,0.000,0.000,OutOfStock
3675,p2_07_4d9a2fe02a2d,P2-07 Audited Create,,,True,0.000,0.000,OutOfStock
3823,p2_07_12425a33e8d6,P2-07 Audited Create,,,True,0.000,0.000,OutOfStock
4027,p2_07_20b4f4ef2d71,P2-07 Audited Create,,,True,0.000,0.000,OutOfStock
4203,p2_07_8cda6a2eb1e8,P2-07 Audited Create,,,True,0.000,0.000,OutOfStock
4447,p2_07_da9c0f9667b3,P2-07 Audited Create,,,True,0.000,0.000,OutOfStock
4643,p2_07_67f981af66ba,P2-07 Audited Create,,,True,0.000,0.000,OutOfStock
4839,p2_07_bef6bfc48703,P2-07 Audited Create,,,True,0.000,0.000,OutOfStock
5043,p2_07_e3c7998b1fe1,P2-07 Audited Create,,,True,0.000,0.000,OutOfStock
5182,p2_07_d3cd943f4975,P2-07 Audited Create,,,True,0.000,0.000,OutOfStock
5200,p2_07_e5f1d55d8518,P2-07 Audited Create,,,True,0.000,0.000,OutOfStock
5218,p2_07_d4388cb9fd08,P2-07 Audited Create,,,True,0.000,0.000,OutOfStock
5240,p2_07_90b2bbfd819d,P2-07 Audited Create,,,True,0.000,0.000,OutOfStock
5319,p2_07_fed71e109529,P2-07 Audited Create,,,True,0.000,0.000,OutOfStock
5550,p2_07_4285706eb80f,P2-07 Audited Create,,,True,0.000,0.000,OutOfStock
5819,p2_07_99a4ae6b0db7,P2-07 Audited Create,,,True,0.000,0.000,OutOfStock
6073,p2_07_19b9638ea864,P2-07 Audited Create,,,True,0.000,0.000,OutOfStock
6313,p2_07_b09238611fd8,P2-07 Audited Create,,,True,0.000,0.000,OutOfStock
6560,p2_07_9ce32353ff28,P2-07 Audited Create,,,True,0.000,0.000,OutOfStock
6803,p2_07_6832bbe00b0b,P2-07 Audited Create,,,True,0.000,0.000,OutOfStock
7111,p2_07_36682b78f33c,P2-07 Audited Create,,,True,0.000,0.000,OutOfStock
7382,p2_07_2899a69fb97a,P2-07 Audited Create,,,True,0.000,0.000,OutOfStock
7638,p2_07_f4600959c979,P2-07 Audited Create,,,True,0.000,0.000,OutOfStock
7894,p2_07_9838af481415,P2-07 Audited Create,,,True,0.000,0.000,OutOfStock
8150,p2_07_4336dee4982b,P2-07 Audited Create,,,True,0.000,0.000,OutOfStock
8406,p2_07_da157aa7d966,P2-07 Audited Create,,,True,0.000,0.000,OutOfStock
8662,p2_07_6db3941e1e1b,P2-07 Audited Create,,,True,0.000,0.000,OutOfStock
8918,p2_07_089b140b3fa8,P2-07 Audited Create,,,True,0.000,0.000,OutOfStock
9174,p2_07_30edfd302fb9,P2-07 Audited Create,,,True,0.000,0.000,OutOfStock
9447,p2_07_862f734eb474,P2-07 Audited Create,,,True,0.000,0.000,OutOfStock
9703,p2_07_15971109f2f4,P2-07 Audited Create,,,True,0.000,0.000,OutOfStock
9959,p2_07_52f3d18ca050,P2-07 Audited Create,,,True,0.000,0.000,OutOfStock
10225,p2_07_6f58e63e631f,P2-07 Audited Create,,,True,0.000,0.000,OutOfStock
10498,p2_07_6c097d0411c1,P2-07 Audited Create,,,True,0.000,0.000,OutOfStock
10765,p2_07_f855e1475917,P2-07 Audited Create,,,True,0.000,0.000,OutOfStock
11043,p2_07_a6eaf763618d,P2-07 Audited Create,,,True,0.000,0.000,OutOfStock
11310,p2_07_20dc47614ddb,P2-07 Audited Create,,,True,0.000,0.000,OutOfStock
11577,p2_07_83fd186f6890,P2-07 Audited Create,,,True,0.000,0.000,OutOfStock
11847,p2_07_3e1c3628d8ca,P2-07 Audited Create,,,True,0.000,0.000,OutOfStock
12117,p2_07_06b2a10be43a,P2-07 Audited Create,,,True,0.000,0.000,OutOfStock
12397,p2_07_2ffb6f9826bf,P2-07 Audited Create,,,True,0.000,0.000,OutOfStock
12677,p2_07_12983f2c87d5,P2-07 Audited Create,,,True,0.000,0.000,OutOfStock
12957,p2_07_b2e61d769f50,P2-07 Audited Create,,,True,0.000,0.000,OutOfStock
13237,p2_07_dd2f9302a26d,P2-07 Audited Create,,,True,0.000,0.000,OutOfStock
13518,p2_07_ebb055679c0c,P2-07 Audited Create,,,True,0.000,0.000,OutOfStock
13798,p2_07_12404b1a8067,P2-07 Audited Create,,,True,0.000,0.000,OutOfStock
23,p2_07_6464ff04ebb2,P2-07 Audited Update Renamed,,,True,0.000,0.000,OutOfStock
33,p2_07_6dec4dd409a9,P2-07 Audited Update Renamed,,,True,0.000,0.000,OutOfStock
43,p2_07_4a3da410632c,P2-07 Audited Update Renamed,,,True,0.000,0.000,OutOfStock
58,p2_07_cf05959e8b06,P2-07 Audited Update Renamed,,,True,0.000,0.000,OutOfStock
68,p2_07_f3553fa7a4d1,P2-07 Audited Update Renamed,,,True,0.000,0.000,OutOfStock
79,p2_07_56dc6ca2ce6b,P2-07 Audited Update Renamed,,,True,0.000,0.000,OutOfStock
89,p2_07_62c45942f0d0,P2-07 Audited Update Renamed,,,True,0.000,0.000,OutOfStock
107,p2_07_fde3bed868b9,P2-07 Audited Update Renamed,,,True,0.000,0.000,OutOfStock
120,p2_07_d391544d836f,P2-07 Audited Update Renamed,,,True,0.000,0.000,OutOfStock
131,p2_07_7e1b6fa063af,P2-07 Audited Update Renamed,,,True,0.000,0.000,OutOfStock
142,p2_07_fc25d63d529b,P2-07 Audited Update Renamed,,,True,0.000,0.000,OutOfStock
153,p2_07_a7d76c4ce883,P2-07 Audited Update Renamed,,,True,0.000,0.000,OutOfStock
164,p2_07_cff88148667c,P2-07 Audited Update Renamed,,,True,0.000,0.000,OutOfStock
175,p2_07_db3abd9f5f23,P2-07 Audited Update Renamed,,,True,0.000,0.000,OutOfStock
228,p2_07_865ce6f90b78,P2-07 Audited Update Renamed,,,True,0.000,0.000,OutOfStock
267,p2_07_5b418c2f316b,P2-07 Audited Update Renamed,,,True,0.000,0.000,OutOfStock
294,p2_07_16972bb2fd3e,P2-07 Audited Update Renamed,,,True,0.000,0.000,OutOfStock
319,p2_07_e815c8d42e4e,P2-07 Audited Update Renamed,,,True,0.000,0.000,OutOfStock
344,p2_07_026521927304,P2-07 Audited Update Renamed,,,True,0.000,0.000,OutOfStock
383,p2_07_1f73b6ac685b,P2-07 Audited Update Renamed,,,True,0.000,0.000,OutOfStock
408,p2_07_2d2482f5e320,P2-07 Audited Update Renamed,,,True,0.000,0.000,OutOfStock
433,p2_07_46ee67f9d063,P2-07 Audited Update Renamed,,,True,0.000,0.000,OutOfStock
459,p2_07_67d8da77b34f,P2-07 Audited Update Renamed,,,True,0.000,0.000,OutOfStock
485,p2_07_c87bd39ee691,P2-07 Audited Update Renamed,,,True,0.000,0.000,OutOfStock
511,p2_07_a5c44f7b4816,P2-07 Audited Update Renamed,,,True,0.000,0.000,OutOfStock
536,p2_07_82a7430591c7,P2-07 Audited Update Renamed,,,True,0.000,0.000,OutOfStock
561,p2_07_5d943093a9cd,P2-07 Audited Update Renamed,,,True,0.000,0.000,OutOfStock
586,p2_07_603f6b4fcf80,P2-07 Audited Update Renamed,,,True,0.000,0.000,OutOfStock
611,p2_07_edbabdd509d0,P2-07 Audited Update Renamed,,,True,0.000,0.000,OutOfStock
636,p2_07_3f8ca478219e,P2-07 Audited Update Renamed,,,True,0.000,0.000,OutOfStock
661,p2_07_449adbbbcb39,P2-07 Audited Update Renamed,,,True,0.000,0.000,OutOfStock
686,p2_07_ddcc4e9284d0,P2-07 Audited Update Renamed,,,True,0.000,0.000,OutOfStock
711,p2_07_75dd2b3b318a,P2-07 Audited Update Renamed,,,True,0.000,0.000,OutOfStock
736,p2_07_6406d160a8b4,P2-07 Audited Update Renamed,,,True,0.000,0.000,OutOfStock
761,p2_07_1d5435bf1f0b,P2-07 Audited Update Renamed,,,True,0.000,0.000,OutOfStock
786,p2_07_d6b9c49f5fde,P2-07 Audited Update Renamed,,,True,0.000,0.000,OutOfStock
812,p2_07_6b9961366684,P2-07 Audited Update Renamed,,,True,0.000,0.000,OutOfStock
837,p2_07_f15a54089069,P2-07 Audited Update Renamed,,,True,0.000,0.000,OutOfStock
869,p2_07_7293a1294bad,P2-07 Audited Update Renamed,,,True,0.000,0.000,OutOfStock
912,p2_07_d8dcb5e494f7,P2-07 Audited Update Renamed,,,True,0.000,0.000,OutOfStock
973,p2_07_9035371a0bd5,P2-07 Audited Update Renamed,,,True,0.000,0.000,OutOfStock
1052,p2_07_45d5a297fa83,P2-07 Audited Update Renamed,,,True,0.000,0.000,OutOfStock
1113,p2_07_9876a3c6ae3e,P2-07 Audited Update Renamed,,,True,0.000,0.000,OutOfStock
1174,p2_07_8c411e5d798b,P2-07 Audited Update Renamed,,,True,0.000,0.000,OutOfStock
1289,p2_07_436b04c0cd12,P2-07 Audited Update Renamed,,,True,0.000,0.000,OutOfStock
1424,p2_07_39c74db141d3,P2-07 Audited Update Renamed,,,True,0.000,0.000,OutOfStock
1529,p2_07_3d4954e54ef9,P2-07 Audited Update Renamed,,,True,0.000,0.000,OutOfStock
1634,p2_07_0f14dd2ea2d8,P2-07 Audited Update Renamed,,,True,0.000,0.000,OutOfStock
1764,p2_07_aa1907fd137d,P2-07 Audited Update Renamed,,,True,0.000,0.000,OutOfStock
1894,p2_07_ff4cb5c8b5e3,P2-07 Audited Update Renamed,,,True,0.000,0.000,OutOfStock
2024,p2_07_571aa8668035,P2-07 Audited Update Renamed,,,True,0.000,0.000,OutOfStock
2206,p2_07_b928dd2175ab,P2-07 Audited Update Renamed,,,True,0.000,0.000,OutOfStock
2347,p2_07_c6c11b7d545b,P2-07 Audited Update Renamed,,,True,0.000,0.000,OutOfStock
2488,p2_07_da8674b562f0,P2-07 Audited Update Renamed,,,True,0.000,0.000,OutOfStock
2629,p2_07_ad23b7ad44fe,P2-07 Audited Update Renamed,,,True,0.000,0.000,OutOfStock
2770,p2_07_2719056f65a0,P2-07 Audited Update Renamed,,,True,0.000,0.000,OutOfStock
2911,p2_07_e42a30fc44e3,P2-07 Audited Update Renamed,,,True,0.000,0.000,OutOfStock
3052,p2_07_2be1ffacf5e9,P2-07 Audited Update Renamed,,,True,0.000,0.000,OutOfStock
3225,p2_07_4f3d3739a5cc,P2-07 Audited Update Renamed,,,True,0.000,0.000,OutOfStock
3373,p2_07_89838e35c6e1,P2-07 Audited Update Renamed,,,True,0.000,0.000,OutOfStock
3528,p2_07_28cb71794157,P2-07 Audited Update Renamed,,,True,0.000,0.000,OutOfStock
3676,p2_07_ff751238889e,P2-07 Audited Update Renamed,,,True,0.000,0.000,OutOfStock
3824,p2_07_0e27e6d1162d,P2-07 Audited Update Renamed,,,True,0.000,0.000,OutOfStock
4028,p2_07_1d853bce382c,P2-07 Audited Update Renamed,,,True,0.000,0.000,OutOfStock
4204,p2_07_e78c58b5d1e3,P2-07 Audited Update Renamed,,,True,0.000,0.000,OutOfStock
4448,p2_07_53d826304844,P2-07 Audited Update Renamed,,,True,0.000,0.000,OutOfStock
4644,p2_07_59a47b28c4f6,P2-07 Audited Update Renamed,,,True,0.000,0.000,OutOfStock
4840,p2_07_be67e34634dd,P2-07 Audited Update Renamed,,,True,0.000,0.000,OutOfStock
5044,p2_07_fcb9f6bd39c8,P2-07 Audited Update Renamed,,,True,0.000,0.000,OutOfStock
5183,p2_07_f339af3e59a8,P2-07 Audited Update Renamed,,,True,0.000,0.000,OutOfStock
5201,p2_07_de35d11840bb,P2-07 Audited Update Renamed,,,True,0.000,0.000,OutOfStock
5219,p2_07_ad239794ef76,P2-07 Audited Update Renamed,,,True,0.000,0.000,OutOfStock
5241,p2_07_7273a1bafc0a,P2-07 Audited Update Renamed,,,True,0.000,0.000,OutOfStock
5320,p2_07_322e7454c5e8,P2-07 Audited Update Renamed,,,True,0.000,0.000,OutOfStock
5551,p2_07_2d22d8216bf9,P2-07 Audited Update Renamed,,,True,0.000,0.000,OutOfStock
5820,p2_07_3d05d80bc072,P2-07 Audited Update Renamed,,,True,0.000,0.000,OutOfStock
6074,p2_07_6ff0a8bf7555,P2-07 Audited Update Renamed,,,True,0.000,0.000,OutOfStock
6314,p2_07_56c10c5767af,P2-07 Audited Update Renamed,,,True,0.000,0.000,OutOfStock
6561,p2_07_a8f31b73294c,P2-07 Audited Update Renamed,,,True,0.000,0.000,OutOfStock
6804,p2_07_dbed92e1fe07,P2-07 Audited Update Renamed,,,True,0.000,0.000,OutOfStock
7112,p2_07_b41c1b9ea940,P2-07 Audited Update Renamed,,,True,0.000,0.000,OutOfStock
7383,p2_07_5df74bb3568f,P2-07 Audited Update Renamed,,,True,0.000,0.000,OutOfStock
7639,p2_07_76b8e2ad6f72,P2-07 Audited Update Renamed,,,True,0.000,0.000,OutOfStock
7895,p2_07_a4a556eb8900,P2-07 Audited Update Renamed,,,True,0.000,0.000,OutOfStock
8151,p2_07_a5f17070187b,P2-07 Audited Update Renamed,,,True,0.000,0.000,OutOfStock
8407,p2_07_7c8d4936d3a2,P2-07 Audited Update Renamed,,,True,0.000,0.000,OutOfStock
8663,p2_07_c725918411c3,P2-07 Audited Update Renamed,,,True,0.000,0.000,OutOfStock
8919,p2_07_9977ca07434d,P2-07 Audited Update Renamed,,,True,0.000,0.000,OutOfStock
9175,p2_07_70ee652ac1b4,P2-07 Audited Update Renamed,,,True,0.000,0.000,OutOfStock
9448,p2_07_0e84db8afbfb,P2-07 Audited Update Renamed,,,True,0.000,0.000,OutOfStock
9704,p2_07_c1ddaa55d22b,P2-07 Audited Update Renamed,,,True,0.000,0.000,OutOfStock
9960,p2_07_420866609c9a,P2-07 Audited Update Renamed,,,True,0.000,0.000,OutOfStock
10226,p2_07_eb9b8279fef0,P2-07 Audited Update Renamed,,,True,0.000,0.000,OutOfStock
10499,p2_07_48665f9f62a8,P2-07 Audited Update Renamed,,,True,0.000,0.000,OutOfStock
10766,p2_07_f3aeda93c57e,P2-07 Audited Update Renamed,,,True,0.000,0.000,OutOfStock
11044,p2_07_7f8068022edf,P2-07 Audited Update Renamed,,,True,0.000,0.000,OutOfStock
11311,p2_07_d4382350cea4,P2-07 Audited Update Renamed,,,True,0.000,0.000,OutOfStock
11578,p2_07_e7a98afffc76,P2-07 Audited Update Renamed,,,True,0.000,0.000,OutOfStock
11848,p2_07_c2df4d23df2d,P2-07 Audited Update Renamed,,,True,0.000,0.000,OutOfStock
12118,p2_07_0345071a8b55,P2-07 Audited Update Renamed,,,True,0.000,0.000,OutOfStock
12398,p2_07_12cbaad815ee,P2-07 Audited Update Renamed,,,True,0.000,0.000,OutOfStock
12678,p2_07_02d66ddf9520,P2-07 Audited Update Renamed,,,True,0.000,0.000,OutOfStock
12958,p2_07_12edbb8131bc,P2-07 Audited Update Renamed,,,True,0.000,0.000,OutOfStock
13238,p2_07_f84f462cff00,P2-07 Audited Update Renamed,,,True,0.000,0.000,OutOfStock
13519,p2_07_b70a50bfdb29,P2-07 Audited Update Renamed,,,True,0.000,0.000,OutOfStock
13799,p2_07_0c62ae36881e,P2-07 Audited Update Renamed,,,True,0.000,0.000,OutOfStock
17,p2_07_0bf9ac134493,P2-07 Duplicate Barcode Original,,,True,0.000,0.000,OutOfStock
27,p2_07_6923c4c3d22b,P2-07 Duplicate Barcode Original,,,True,0.000,0.000,OutOfStock
37,p2_07_d5afcbc2fd2a,P2-07 Duplicate Barcode Original,,,True,0.000,0.000,OutOfStock
52,p2_07_89c793c34fff,P2-07 Duplicate Barcode Original,,,True,0.000,0.000,OutOfStock
62,p2_07_64b10b99d46a,P2-07 Duplicate Barcode Original,,,True,0.000,0.000,OutOfStock
73,p2_07_a499ac8d6b4e,P2-07 Duplicate Barcode Original,,,True,0.000,0.000,OutOfStock
83,p2_07_c0d0ef87644e,P2-07 Duplicate Barcode Original,,,True,0.000,0.000,OutOfStock
101,p2_07_6b5c57bd4552,P2-07 Duplicate Barcode Original,,,True,0.000,0.000,OutOfStock
114,p2_07_636ed96e33af,P2-07 Duplicate Barcode Original,,,True,0.000,0.000,OutOfStock
125,p2_07_3d09231b577c,P2-07 Duplicate Barcode Original,,,True,0.000,0.000,OutOfStock
136,p2_07_bb573812871f,P2-07 Duplicate Barcode Original,,,True,0.000,0.000,OutOfStock
147,p2_07_599898cb439a,P2-07 Duplicate Barcode Original,,,True,0.000,0.000,OutOfStock
158,p2_07_82d656550a62,P2-07 Duplicate Barcode Original,,,True,0.000,0.000,OutOfStock
169,p2_07_d93f39ae7957,P2-07 Duplicate Barcode Original,,,True,0.000,0.000,OutOfStock
222,p2_07_5bca8c11c611,P2-07 Duplicate Barcode Original,,,True,0.000,0.000,OutOfStock
261,p2_07_8b93e8aa9d84,P2-07 Duplicate Barcode Original,,,True,0.000,0.000,OutOfStock
288,p2_07_309f0f3b2029,P2-07 Duplicate Barcode Original,,,True,0.000,0.000,OutOfStock
313,p2_07_cefaf47d0a53,P2-07 Duplicate Barcode Original,,,True,0.000,0.000,OutOfStock
338,p2_07_35529ef87b7b,P2-07 Duplicate Barcode Original,,,True,0.000,0.000,OutOfStock
377,p2_07_f5d635e00611,P2-07 Duplicate Barcode Original,,,True,0.000,0.000,OutOfStock
402,p2_07_ebff578b4142,P2-07 Duplicate Barcode Original,,,True,0.000,0.000,OutOfStock
427,p2_07_34a98b53a90e,P2-07 Duplicate Barcode Original,,,True,0.000,0.000,OutOfStock
453,p2_07_4dbccc4e45b1,P2-07 Duplicate Barcode Original,,,True,0.000,0.000,OutOfStock
479,p2_07_c1996ba75905,P2-07 Duplicate Barcode Original,,,True,0.000,0.000,OutOfStock
505,p2_07_df40d3bd3262,P2-07 Duplicate Barcode Original,,,True,0.000,0.000,OutOfStock
530,p2_07_06322fa7f499,P2-07 Duplicate Barcode Original,,,True,0.000,0.000,OutOfStock
555,p2_07_803e1036447c,P2-07 Duplicate Barcode Original,,,True,0.000,0.000,OutOfStock
580,p2_07_a10caf9b9ad8,P2-07 Duplicate Barcode Original,,,True,0.000,0.000,OutOfStock
605,p2_07_47698edb0445,P2-07 Duplicate Barcode Original,,,True,0.000,0.000,OutOfStock
630,p2_07_7353682b5a99,P2-07 Duplicate Barcode Original,,,True,0.000,0.000,OutOfStock
655,p2_07_874810d18684,P2-07 Duplicate Barcode Original,,,True,0.000,0.000,OutOfStock
680,p2_07_1cafda2edf08,P2-07 Duplicate Barcode Original,,,True,0.000,0.000,OutOfStock
705,p2_07_638e74235f0f,P2-07 Duplicate Barcode Original,,,True,0.000,0.000,OutOfStock
730,p2_07_39c0609e58b3,P2-07 Duplicate Barcode Original,,,True,0.000,0.000,OutOfStock
755,p2_07_00d54234625b,P2-07 Duplicate Barcode Original,,,True,0.000,0.000,OutOfStock
780,p2_07_e61ebc39f84d,P2-07 Duplicate Barcode Original,,,True,0.000,0.000,OutOfStock
806,p2_07_08817ddc3cc7,P2-07 Duplicate Barcode Original,,,True,0.000,0.000,OutOfStock
831,p2_07_3d2fefa6fe5c,P2-07 Duplicate Barcode Original,,,True,0.000,0.000,OutOfStock
856,p2_07_6b1c5a1c49ec,P2-07 Duplicate Barcode Original,,,True,0.000,0.000,OutOfStock
863,p2_07_7177e3cdd391,P2-07 Duplicate Barcode Original,,,True,0.000,0.000,OutOfStock
906,p2_07_685b06b9e83e,P2-07 Duplicate Barcode Original,,,True,0.000,0.000,OutOfStock
967,p2_07_8f2e54622018,P2-07 Duplicate Barcode Original,,,True,0.000,0.000,OutOfStock
1046,p2_07_7f4c2026b3ef,P2-07 Duplicate Barcode Original,,,True,0.000,0.000,OutOfStock
1107,p2_07_58efc42dbb2f,P2-07 Duplicate Barcode Original,,,True,0.000,0.000,OutOfStock
1168,p2_07_fc68fcd255d0,P2-07 Duplicate Barcode Original,,,True,0.000,0.000,OutOfStock
1283,p2_07_37022eed859b,P2-07 Duplicate Barcode Original,,,True,0.000,0.000,OutOfStock
1418,p2_07_10df8864b2e2,P2-07 Duplicate Barcode Original,,,True,0.000,0.000,OutOfStock
1523,p2_07_70e32add53b3,P2-07 Duplicate Barcode Original,,,True,0.000,0.000,OutOfStock
1628,p2_07_38706fde9122,P2-07 Duplicate Barcode Original,,,True,0.000,0.000,OutOfStock
1758,p2_07_77ab695f5e41,P2-07 Duplicate Barcode Original,,,True,0.000,0.000,OutOfStock
1888,p2_07_0711abb285d2,P2-07 Duplicate Barcode Original,,,True,0.000,0.000,OutOfStock
2018,p2_07_9a61d76f451e,P2-07 Duplicate Barcode Original,,,True,0.000,0.000,OutOfStock
2200,p2_07_ec79a517160b,P2-07 Duplicate Barcode Original,,,True,0.000,0.000,OutOfStock
2341,p2_07_1ddf20010cd7,P2-07 Duplicate Barcode Original,,,True,0.000,0.000,OutOfStock
2482,p2_07_d15fe6250145,P2-07 Duplicate Barcode Original,,,True,0.000,0.000,OutOfStock
2623,p2_07_189629ab42eb,P2-07 Duplicate Barcode Original,,,True,0.000,0.000,OutOfStock
2764,p2_07_861cd2d6a488,P2-07 Duplicate Barcode Original,,,True,0.000,0.000,OutOfStock
2905,p2_07_0936f2816845,P2-07 Duplicate Barcode Original,,,True,0.000,0.000,OutOfStock
3046,p2_07_1f2692db4e26,P2-07 Duplicate Barcode Original,,,True,0.000,0.000,OutOfStock
3219,p2_07_014b74e2b749,P2-07 Duplicate Barcode Original,,,True,0.000,0.000,OutOfStock
3367,p2_07_245ef435fa59,P2-07 Duplicate Barcode Original,,,True,0.000,0.000,OutOfStock
3522,p2_07_63a61bdc3500,P2-07 Duplicate Barcode Original,,,True,0.000,0.000,OutOfStock
3670,p2_07_f97082e96d04,P2-07 Duplicate Barcode Original,,,True,0.000,0.000,OutOfStock
3818,p2_07_30eab9bdd328,P2-07 Duplicate Barcode Original,,,True,0.000,0.000,OutOfStock
4022,p2_07_993499b95bf7,P2-07 Duplicate Barcode Original,,,True,0.000,0.000,OutOfStock
4198,p2_07_dbf6154706a4,P2-07 Duplicate Barcode Original,,,True,0.000,0.000,OutOfStock
4442,p2_07_a0bf7089633e,P2-07 Duplicate Barcode Original,,,True,0.000,0.000,OutOfStock
4638,p2_07_a5f6347049ea,P2-07 Duplicate Barcode Original,,,True,0.000,0.000,OutOfStock
4834,p2_07_d5a85edd0fc7,P2-07 Duplicate Barcode Original,,,True,0.000,0.000,OutOfStock
5038,p2_07_ee5cf1c56baf,P2-07 Duplicate Barcode Original,,,True,0.000,0.000,OutOfStock
5177,p2_07_665d99221795,P2-07 Duplicate Barcode Original,,,True,0.000,0.000,OutOfStock
5195,p2_07_5ef7ed761ab1,P2-07 Duplicate Barcode Original,,,True,0.000,0.000,OutOfStock
5213,p2_07_432fe018a09f,P2-07 Duplicate Barcode Original,,,True,0.000,0.000,OutOfStock
5235,p2_07_6bd25b7c8b22,P2-07 Duplicate Barcode Original,,,True,0.000,0.000,OutOfStock
5314,p2_07_214ed19b2fb5,P2-07 Duplicate Barcode Original,,,True,0.000,0.000,OutOfStock
5545,p2_07_d1acd52c5b65,P2-07 Duplicate Barcode Original,,,True,0.000,0.000,OutOfStock
5814,p2_07_2cdffe4d1d4e,P2-07 Duplicate Barcode Original,,,True,0.000,0.000,OutOfStock
6068,p2_07_b43fe03ef339,P2-07 Duplicate Barcode Original,,,True,0.000,0.000,OutOfStock
6308,p2_07_eaa3355c4f82,P2-07 Duplicate Barcode Original,,,True,0.000,0.000,OutOfStock
6555,p2_07_b3982b0cc0f4,P2-07 Duplicate Barcode Original,,,True,0.000,0.000,OutOfStock
6798,p2_07_9d7493c85825,P2-07 Duplicate Barcode Original,,,True,0.000,0.000,OutOfStock
7106,p2_07_c4f000196a70,P2-07 Duplicate Barcode Original,,,True,0.000,0.000,OutOfStock
7377,p2_07_dc65eee6aad5,P2-07 Duplicate Barcode Original,,,True,0.000,0.000,OutOfStock
7633,p2_07_f7ac774fc509,P2-07 Duplicate Barcode Original,,,True,0.000,0.000,OutOfStock
7889,p2_07_797c507b0dc7,P2-07 Duplicate Barcode Original,,,True,0.000,0.000,OutOfStock
8145,p2_07_f54f5c1299d8,P2-07 Duplicate Barcode Original,,,True,0.000,0.000,OutOfStock
8401,p2_07_a2d932e0ccc6,P2-07 Duplicate Barcode Original,,,True,0.000,0.000,OutOfStock
8657,p2_07_15a10555c47e,P2-07 Duplicate Barcode Original,,,True,0.000,0.000,OutOfStock
8913,p2_07_503c51042a40,P2-07 Duplicate Barcode Original,,,True,0.000,0.000,OutOfStock
9169,p2_07_79c020205c16,P2-07 Duplicate Barcode Original,,,True,0.000,0.000,OutOfStock
9442,p2_07_a6a822d1215a,P2-07 Duplicate Barcode Original,,,True,0.000,0.000,OutOfStock
9698,p2_07_5bbf6c6cb60e,P2-07 Duplicate Barcode Original,,,True,0.000,0.000,OutOfStock
9954,p2_07_0e9daacdc81f,P2-07 Duplicate Barcode Original,,,True,0.000,0.000,OutOfStock
10220,p2_07_5fe6f497315a,P2-07 Duplicate Barcode Original,,,True,0.000,0.000,OutOfStock
10493,p2_07_52d81fc34e4f,P2-07 Duplicate Barcode Original,,,True,0.000,0.000,OutOfStock
10760,p2_07_7e3c300a8441,P2-07 Duplicate Barcode Original,,,True,0.000,0.000,OutOfStock
11038,p2_07_a702e29b5e0d,P2-07 Duplicate Barcode Original,,,True,0.000,0.000,OutOfStock
11305,p2_07_e65dc0bf5014,P2-07 Duplicate Barcode Original,,,True,0.000,0.000,OutOfStock
11572,p2_07_987461aaedf7,P2-07 Duplicate Barcode Original,,,True,0.000,0.000,OutOfStock
11842,p2_07_cf4f6f1a6e5e,P2-07 Duplicate Barcode Original,,,True,0.000,0.000,OutOfStock
12112,p2_07_d0de415e933d,P2-07 Duplicate Barcode Original,,,True,0.000,0.000,OutOfStock
12392,p2_07_a8a4e7720e08,P2-07 Duplicate Barcode Original,,,True,0.000,0.000,OutOfStock
12672,p2_07_351882f6a915,P2-07 Duplicate Barcode Original,,,True,0.000,0.000,OutOfStock
12952,p2_07_b8a1d1561105,P2-07 Duplicate Barcode Original,,,True,0.000,0.000,OutOfStock
13232,p2_07_0e5c36ce608c,P2-07 Duplicate Barcode Original,,,True,0.000,0.000,OutOfStock
13513,p2_07_e663e5dbd4a2,P2-07 Duplicate Barcode Original,,,True,0.000,0.000,OutOfStock
13793,p2_07_8d24d049bbf7,P2-07 Duplicate Barcode Original,,,True,0.000,0.000,OutOfStock
16,p2_07_c6d488d6e7fc,P2-07 Duplicate Sku Original,,,True,0.000,0.000,OutOfStock
26,p2_07_f701a0fc97aa,P2-07 Duplicate Sku Original,,,True,0.000,0.000,OutOfStock
36,p2_07_10e94a0e80a0,P2-07 Duplicate Sku Original,,,True,0.000,0.000,OutOfStock
51,p2_07_372f004cae74,P2-07 Duplicate Sku Original,,,True,0.000,0.000,OutOfStock
61,p2_07_f5137541e692,P2-07 Duplicate Sku Original,,,True,0.000,0.000,OutOfStock
72,p2_07_b9da4e97dd4a,P2-07 Duplicate Sku Original,,,True,0.000,0.000,OutOfStock
82,p2_07_accb11aff715,P2-07 Duplicate Sku Original,,,True,0.000,0.000,OutOfStock
100,p2_07_f3742208b884,P2-07 Duplicate Sku Original,,,True,0.000,0.000,OutOfStock
113,p2_07_155355854e20,P2-07 Duplicate Sku Original,,,True,0.000,0.000,OutOfStock
124,p2_07_80b623c504b7,P2-07 Duplicate Sku Original,,,True,0.000,0.000,OutOfStock
135,p2_07_3817e4f2df4f,P2-07 Duplicate Sku Original,,,True,0.000,0.000,OutOfStock
146,p2_07_1a0974a9ae75,P2-07 Duplicate Sku Original,,,True,0.000,0.000,OutOfStock
157,p2_07_515462835eca,P2-07 Duplicate Sku Original,,,True,0.000,0.000,OutOfStock
168,p2_07_a82e138ec948,P2-07 Duplicate Sku Original,,,True,0.000,0.000,OutOfStock
221,p2_07_4850f0afa3f3,P2-07 Duplicate Sku Original,,,True,0.000,0.000,OutOfStock
260,p2_07_35aa6beaf330,P2-07 Duplicate Sku Original,,,True,0.000,0.000,OutOfStock
287,p2_07_f074f6f29ede,P2-07 Duplicate Sku Original,,,True,0.000,0.000,OutOfStock
312,p2_07_05793256430c,P2-07 Duplicate Sku Original,,,True,0.000,0.000,OutOfStock
337,p2_07_71f2dd2dcf25,P2-07 Duplicate Sku Original,,,True,0.000,0.000,OutOfStock
376,p2_07_4c96351ebc62,P2-07 Duplicate Sku Original,,,True,0.000,0.000,OutOfStock
401,p2_07_3658070dd6c9,P2-07 Duplicate Sku Original,,,True,0.000,0.000,OutOfStock
426,p2_07_033e5da7b394,P2-07 Duplicate Sku Original,,,True,0.000,0.000,OutOfStock
452,p2_07_20ac1b7e346f,P2-07 Duplicate Sku Original,,,True,0.000,0.000,OutOfStock
478,p2_07_408ecfc19875,P2-07 Duplicate Sku Original,,,True,0.000,0.000,OutOfStock
504,p2_07_897decca1086,P2-07 Duplicate Sku Original,,,True,0.000,0.000,OutOfStock
529,p2_07_c3f7c453e9c2,P2-07 Duplicate Sku Original,,,True,0.000,0.000,OutOfStock
554,p2_07_b04d01fa7fad,P2-07 Duplicate Sku Original,,,True,0.000,0.000,OutOfStock
579,p2_07_b9e1a686643c,P2-07 Duplicate Sku Original,,,True,0.000,0.000,OutOfStock
604,p2_07_e3a32cc747a1,P2-07 Duplicate Sku Original,,,True,0.000,0.000,OutOfStock
629,p2_07_99ea9acb7ab8,P2-07 Duplicate Sku Original,,,True,0.000,0.000,OutOfStock
654,p2_07_44b9b14d4bd9,P2-07 Duplicate Sku Original,,,True,0.000,0.000,OutOfStock
679,p2_07_f226a6a8c8ad,P2-07 Duplicate Sku Original,,,True,0.000,0.000,OutOfStock
704,p2_07_ea3d109f9015,P2-07 Duplicate Sku Original,,,True,0.000,0.000,OutOfStock
729,p2_07_272fcb0e82f5,P2-07 Duplicate Sku Original,,,True,0.000,0.000,OutOfStock
754,p2_07_18d290a09bec,P2-07 Duplicate Sku Original,,,True,0.000,0.000,OutOfStock
779,p2_07_8fc6fd0f7930,P2-07 Duplicate Sku Original,,,True,0.000,0.000,OutOfStock
805,p2_07_86ee889c6f30,P2-07 Duplicate Sku Original,,,True,0.000,0.000,OutOfStock
830,p2_07_984414f016e2,P2-07 Duplicate Sku Original,,,True,0.000,0.000,OutOfStock
855,p2_07_87e7eef2cacc,P2-07 Duplicate Sku Original,,,True,0.000,0.000,OutOfStock
862,p2_07_93e97bee5dd4,P2-07 Duplicate Sku Original,,,True,0.000,0.000,OutOfStock
905,p2_07_73be8a39309b,P2-07 Duplicate Sku Original,,,True,0.000,0.000,OutOfStock
966,p2_07_d070186eab15,P2-07 Duplicate Sku Original,,,True,0.000,0.000,OutOfStock
1045,p2_07_b424b124bf23,P2-07 Duplicate Sku Original,,,True,0.000,0.000,OutOfStock
1106,p2_07_cafabb1055ed,P2-07 Duplicate Sku Original,,,True,0.000,0.000,OutOfStock
1167,p2_07_4c49e2cda7db,P2-07 Duplicate Sku Original,,,True,0.000,0.000,OutOfStock
1282,p2_07_9ea41eb6b54d,P2-07 Duplicate Sku Original,,,True,0.000,0.000,OutOfStock
1417,p2_07_a4d1d40e5d1e,P2-07 Duplicate Sku Original,,,True,0.000,0.000,OutOfStock
1522,p2_07_f366b6ac2977,P2-07 Duplicate Sku Original,,,True,0.000,0.000,OutOfStock
1627,p2_07_64c818543c8e,P2-07 Duplicate Sku Original,,,True,0.000,0.000,OutOfStock
1757,p2_07_54ebc30d048c,P2-07 Duplicate Sku Original,,,True,0.000,0.000,OutOfStock
1887,p2_07_ba536b1832ec,P2-07 Duplicate Sku Original,,,True,0.000,0.000,OutOfStock
2017,p2_07_5f6c197c1b9d,P2-07 Duplicate Sku Original,,,True,0.000,0.000,OutOfStock
2199,p2_07_c4b9920fd1ee,P2-07 Duplicate Sku Original,,,True,0.000,0.000,OutOfStock
2340,p2_07_0705cfd9c0c9,P2-07 Duplicate Sku Original,,,True,0.000,0.000,OutOfStock
2481,p2_07_ffa26d253d6a,P2-07 Duplicate Sku Original,,,True,0.000,0.000,OutOfStock
2622,p2_07_43e37dec10d8,P2-07 Duplicate Sku Original,,,True,0.000,0.000,OutOfStock
2763,p2_07_619402d67e53,P2-07 Duplicate Sku Original,,,True,0.000,0.000,OutOfStock
2904,p2_07_844016dcc19c,P2-07 Duplicate Sku Original,,,True,0.000,0.000,OutOfStock
3045,p2_07_86d5e35b84e4,P2-07 Duplicate Sku Original,,,True,0.000,0.000,OutOfStock
3218,p2_07_c6dc60de1386,P2-07 Duplicate Sku Original,,,True,0.000,0.000,OutOfStock
3366,p2_07_26582c31dfb6,P2-07 Duplicate Sku Original,,,True,0.000,0.000,OutOfStock
3521,p2_07_65dfa5436271,P2-07 Duplicate Sku Original,,,True,0.000,0.000,OutOfStock
3669,p2_07_846406dd7921,P2-07 Duplicate Sku Original,,,True,0.000,0.000,OutOfStock
3817,p2_07_5770dfb785bc,P2-07 Duplicate Sku Original,,,True,0.000,0.000,OutOfStock
4021,p2_07_609cbf927f1f,P2-07 Duplicate Sku Original,,,True,0.000,0.000,OutOfStock
4197,p2_07_dc92dee22a68,P2-07 Duplicate Sku Original,,,True,0.000,0.000,OutOfStock
4441,p2_07_52f2354301e3,P2-07 Duplicate Sku Original,,,True,0.000,0.000,OutOfStock
4637,p2_07_3aaa323612a3,P2-07 Duplicate Sku Original,,,True,0.000,0.000,OutOfStock
4833,p2_07_eaae1d011104,P2-07 Duplicate Sku Original,,,True,0.000,0.000,OutOfStock
5037,p2_07_b0c5b389c1ac,P2-07 Duplicate Sku Original,,,True,0.000,0.000,OutOfStock
5176,p2_07_624ccdef613b,P2-07 Duplicate Sku Original,,,True,0.000,0.000,OutOfStock
5194,p2_07_80bb8e77e741,P2-07 Duplicate Sku Original,,,True,0.000,0.000,OutOfStock
5212,p2_07_6deceb055052,P2-07 Duplicate Sku Original,,,True,0.000,0.000,OutOfStock
5234,p2_07_5daf0358a75d,P2-07 Duplicate Sku Original,,,True,0.000,0.000,OutOfStock
5313,p2_07_7c2b5d3a4aec,P2-07 Duplicate Sku Original,,,True,0.000,0.000,OutOfStock
5544,p2_07_14f590f60a59,P2-07 Duplicate Sku Original,,,True,0.000,0.000,OutOfStock
5813,p2_07_60eff56013ef,P2-07 Duplicate Sku Original,,,True,0.000,0.000,OutOfStock
6067,p2_07_5cd69d341755,P2-07 Duplicate Sku Original,,,True,0.000,0.000,OutOfStock
6307,p2_07_4e8bde46b70d,P2-07 Duplicate Sku Original,,,True,0.000,0.000,OutOfStock
6554,p2_07_df5e2bcdd81e,P2-07 Duplicate Sku Original,,,True,0.000,0.000,OutOfStock
6797,p2_07_8482888fa131,P2-07 Duplicate Sku Original,,,True,0.000,0.000,OutOfStock
7105,p2_07_71eccd5ea0fd,P2-07 Duplicate Sku Original,,,True,0.000,0.000,OutOfStock
7376,p2_07_d9782bb702cd,P2-07 Duplicate Sku Original,,,True,0.000,0.000,OutOfStock
7632,p2_07_78795da55eb6,P2-07 Duplicate Sku Original,,,True,0.000,0.000,OutOfStock
7888,p2_07_e3727d248efe,P2-07 Duplicate Sku Original,,,True,0.000,0.000,OutOfStock
8144,p2_07_2de2ab93f4f7,P2-07 Duplicate Sku Original,,,True,0.000,0.000,OutOfStock
8400,p2_07_e5644e8d08f0,P2-07 Duplicate Sku Original,,,True,0.000,0.000,OutOfStock
8656,p2_07_8f7f2f31e235,P2-07 Duplicate Sku Original,,,True,0.000,0.000,OutOfStock
8912,p2_07_a305df212e22,P2-07 Duplicate Sku Original,,,True,0.000,0.000,OutOfStock
9168,p2_07_5130845dcae3,P2-07 Duplicate Sku Original,,,True,0.000,0.000,OutOfStock
9441,p2_07_e07c6d531261,P2-07 Duplicate Sku Original,,,True,0.000,0.000,OutOfStock
9697,p2_07_d242543df435,P2-07 Duplicate Sku Original,,,True,0.000,0.000,OutOfStock
9953,p2_07_71082eb2444f,P2-07 Duplicate Sku Original,,,True,0.000,0.000,OutOfStock
10219,p2_07_e16427b0f262,P2-07 Duplicate Sku Original,,,True,0.000,0.000,OutOfStock
10492,p2_07_ec4553fb3dc3,P2-07 Duplicate Sku Original,,,True,0.000,0.000,OutOfStock
10759,p2_07_623692c4115a,P2-07 Duplicate Sku Original,,,True,0.000,0.000,OutOfStock
11037,p2_07_fda625b211dc,P2-07 Duplicate Sku Original,,,True,0.000,0.000,OutOfStock
11304,p2_07_a7e22c6e3019,P2-07 Duplicate Sku Original,,,True,0.000,0.000,OutOfStock
11571,p2_07_a7c71ee57444,P2-07 Duplicate Sku Original,,,True,0.000,0.000,OutOfStock
11841,p2_07_8d38c6e53d5e,P2-07 Duplicate Sku Original,,,True,0.000,0.000,OutOfStock
12111,p2_07_c6cd2fbc7b97,P2-07 Duplicate Sku Original,,,True,0.000,0.000,OutOfStock
12391,p2_07_4e6ecfc8cf3e,P2-07 Duplicate Sku Original,,,True,0.000,0.000,OutOfStock
12671,p2_07_be36c1ac6a8b,P2-07 Duplicate Sku Original,,,True,0.000,0.000,OutOfStock
12951,p2_07_e08ea90d7617,P2-07 Duplicate Sku Original,,,True,0.000,0.000,OutOfStock
13231,p2_07_8e0b52d03bbf,P2-07 Duplicate Sku Original,,,True,0.000,0.000,OutOfStock
13512,p2_07_bc0f8b866deb,P2-07 Duplicate Sku Original,,,True,0.000,0.000,OutOfStock
13792,p2_07_e26d71348c0e,P2-07 Duplicate Sku Original,,,True,0.000,0.000,OutOfStock
18,p2_07_cb10c2cffd69,P2-07 Race Product,,,True,0.000,0.000,OutOfStock
20,p2_07_bfacc700fcf6,P2-07 Race Product,,,True,0.000,0.000,OutOfStock
28,p2_07_09bf311d7e14,P2-07 Race Product,,,True,0.000,0.000,OutOfStock
30,p2_07_8b44e17406e8,P2-07 Race Product,,,True,0.000,0.000,OutOfStock
38,p2_07_6472bd03bcec,P2-07 Race Product,,,True,0.000,0.000,OutOfStock
40,p2_07_090a4a1b9e18,P2-07 Race Product,,,True,0.000,0.000,OutOfStock
46,p2_07_aee91171e973,P2-07 Race Product,,,True,0.000,0.000,OutOfStock
47,p2_07_ba5ceb83aa33,P2-07 Race Product,,,True,0.000,0.000,OutOfStock
53,p2_07_cf5f71b06f6b,P2-07 Race Product,,,True,0.000,0.000,OutOfStock
55,p2_07_f1eabdb8f613,P2-07 Race Product,,,True,0.000,0.000,OutOfStock
63,p2_07_1894ee23695a,P2-07 Race Product,,,True,0.000,0.000,OutOfStock
65,p2_07_e7065e86e8ff,P2-07 Race Product,,,True,0.000,0.000,OutOfStock
74,p2_07_ed2aca27b1a1,P2-07 Race Product,,,True,0.000,0.000,OutOfStock
76,p2_07_85f4a6ceb983,P2-07 Race Product,,,True,0.000,0.000,OutOfStock
84,p2_07_218590075b5d,P2-07 Race Product,,,True,0.000,0.000,OutOfStock
86,p2_07_9ed373a274e2,P2-07 Race Product,,,True,0.000,0.000,OutOfStock
102,p2_07_3de1d8098351,P2-07 Race Product,,,True,0.000,0.000,OutOfStock
104,p2_07_76d84e6c2092,P2-07 Race Product,,,True,0.000,0.000,OutOfStock
115,p2_07_fbae6d1441d6,P2-07 Race Product,,,True,0.000,0.000,OutOfStock
117,p2_07_bb3f0e6804d8,P2-07 Race Product,,,True,0.000,0.000,OutOfStock
126,p2_07_b4d97627b297,P2-07 Race Product,,,True,0.000,0.000,OutOfStock
128,p2_07_a285f6a6524f,P2-07 Race Product,,,True,0.000,0.000,OutOfStock
137,p2_07_3360b79bda82,P2-07 Race Product,,,True,0.000,0.000,OutOfStock
139,p2_07_4edde6fa7970,P2-07 Race Product,,,True,0.000,0.000,OutOfStock
148,p2_07_f4120c239a1b,P2-07 Race Product,,,True,0.000,0.000,OutOfStock
151,p2_07_1a94c8ea802b,P2-07 Race Product,,,True,0.000,0.000,OutOfStock
159,p2_07_3f28c3b589c0,P2-07 Race Product,,,True,0.000,0.000,OutOfStock
162,p2_07_04b71f2fa63d,P2-07 Race Product,,,True,0.000,0.000,OutOfStock
170,p2_07_c8406996a22e,P2-07 Race Product,,,True,0.000,0.000,OutOfStock
172,p2_07_04d4450b050a,P2-07 Race Product,,,True,0.000,0.000,OutOfStock
223,p2_07_1a0639ad4d09,P2-07 Race Product,,,True,0.000,0.000,OutOfStock
225,p2_07_35be974ec6d1,P2-07 Race Product,,,True,0.000,0.000,OutOfStock
262,p2_07_a7b9844fa7f1,P2-07 Race Product,,,True,0.000,0.000,OutOfStock
265,p2_07_c4056bbabe7f,P2-07 Race Product,,,True,0.000,0.000,OutOfStock
289,p2_07_2b1edc3a3d76,P2-07 Race Product,,,True,0.000,0.000,OutOfStock
291,p2_07_add54ae1f7cc,P2-07 Race Product,,,True,0.000,0.000,OutOfStock
314,p2_07_9b67cce8fef9,P2-07 Race Product,,,True,0.000,0.000,OutOfStock
316,p2_07_4081a2e2e74a,P2-07 Race Product,,,True,0.000,0.000,OutOfStock
339,p2_07_279a2707975a,P2-07 Race Product,,,True,0.000,0.000,OutOfStock
341,p2_07_1e7a495e1e92,P2-07 Race Product,,,True,0.000,0.000,OutOfStock
378,p2_07_b28d7ae17fe9,P2-07 Race Product,,,True,0.000,0.000,OutOfStock
380,p2_07_40fab847060f,P2-07 Race Product,,,True,0.000,0.000,OutOfStock
403,p2_07_f3da149337e6,P2-07 Race Product,,,True,0.000,0.000,OutOfStock
405,p2_07_abe5f770721b,P2-07 Race Product,,,True,0.000,0.000,OutOfStock
428,p2_07_653bc18a60f3,P2-07 Race Product,,,True,0.000,0.000,OutOfStock
430,p2_07_1a4aa9e7069a,P2-07 Race Product,,,True,0.000,0.000,OutOfStock
454,p2_07_a81a0e2eeea9,P2-07 Race Product,,,True,0.000,0.000,OutOfStock
456,p2_07_7257f812e12b,P2-07 Race Product,,,True,0.000,0.000,OutOfStock
480,p2_07_54621bd0d8f6,P2-07 Race Product,,,True,0.000,0.000,OutOfStock
482,p2_07_edf248b35ad2,P2-07 Race Product,,,True,0.000,0.000,OutOfStock
506,p2_07_601ab4778060,P2-07 Race Product,,,True,0.000,0.000,OutOfStock
509,p2_07_656a39ddd1dd,P2-07 Race Product,,,True,0.000,0.000,OutOfStock
531,p2_07_5d6c3ebe81fc,P2-07 Race Product,,,True,0.000,0.000,OutOfStock
533,p2_07_8ace74f3a337,P2-07 Race Product,,,True,0.000,0.000,OutOfStock
556,p2_07_64cc4153f848,P2-07 Race Product,,,True,0.000,0.000,OutOfStock
558,p2_07_138f31bba25b,P2-07 Race Product,,,True,0.000,0.000,OutOfStock
581,p2_07_446a798d9caa,P2-07 Race Product,,,True,0.000,0.000,OutOfStock
583,p2_07_9f66b90dae2a,P2-07 Race Product,,,True,0.000,0.000,OutOfStock
606,p2_07_dd7e7d73a65e,P2-07 Race Product,,,True,0.000,0.000,OutOfStock
608,p2_07_1e4ca1b695fd,P2-07 Race Product,,,True,0.000,0.000,OutOfStock
631,p2_07_ea58c8231af6,P2-07 Race Product,,,True,0.000,0.000,OutOfStock
634,p2_07_8b12003352fa,P2-07 Race Product,,,True,0.000,0.000,OutOfStock
656,p2_07_dc7411cecfd8,P2-07 Race Product,,,True,0.000,0.000,OutOfStock
658,p2_07_31c67ffb0383,P2-07 Race Product,,,True,0.000,0.000,OutOfStock
681,p2_07_5fd967b25435,P2-07 Race Product,,,True,0.000,0.000,OutOfStock
683,p2_07_d21ce64986f4,P2-07 Race Product,,,True,0.000,0.000,OutOfStock
706,p2_07_5973e2816701,P2-07 Race Product,,,True,0.000,0.000,OutOfStock
708,p2_07_20247878e264,P2-07 Race Product,,,True,0.000,0.000,OutOfStock
731,p2_07_c08ef6ec6411,P2-07 Race Product,,,True,0.000,0.000,OutOfStock
733,p2_07_72de271b7ce3,P2-07 Race Product,,,True,0.000,0.000,OutOfStock
756,p2_07_339eeb8be7a7,P2-07 Race Product,,,True,0.000,0.000,OutOfStock
758,p2_07_31ebededa69a,P2-07 Race Product,,,True,0.000,0.000,OutOfStock
781,p2_07_92669796e242,P2-07 Race Product,,,True,0.000,0.000,OutOfStock
783,p2_07_4e54b556b224,P2-07 Race Product,,,True,0.000,0.000,OutOfStock
807,p2_07_34ad59d59223,P2-07 Race Product,,,True,0.000,0.000,OutOfStock
809,p2_07_28c96b698d3c,P2-07 Race Product,,,True,0.000,0.000,OutOfStock
832,p2_07_7f86186f8fc9,P2-07 Race Product,,,True,0.000,0.000,OutOfStock
834,p2_07_af257d9179e6,P2-07 Race Product,,,True,0.000,0.000,OutOfStock
857,p2_07_b17d26443c60,P2-07 Race Product,,,True,0.000,0.000,OutOfStock
859,p2_07_860724f559b3,P2-07 Race Product,,,True,0.000,0.000,OutOfStock
864,p2_07_80404340bb0d,P2-07 Race Product,,,True,0.000,0.000,OutOfStock
866,p2_07_46475d595c52,P2-07 Race Product,,,True,0.000,0.000,OutOfStock
907,p2_07_4f21e48c41a5,P2-07 Race Product,,,True,0.000,0.000,OutOfStock
909,p2_07_9fa9b8adc160,P2-07 Race Product,,,True,0.000,0.000,OutOfStock
968,p2_07_7a6c9ee84238,P2-07 Race Product,,,True,0.000,0.000,OutOfStock
971,p2_07_63c1b62332f9,P2-07 Race Product,,,True,0.000,0.000,OutOfStock
1047,p2_07_a4b770faf8bb,P2-07 Race Product,,,True,0.000,0.000,OutOfStock
1049,p2_07_8144711757d7,P2-07 Race Product,,,True,0.000,0.000,OutOfStock
1108,p2_07_c14ddba7829a,P2-07 Race Product,,,True,0.000,0.000,OutOfStock
1110,p2_07_d7da7c18f6b3,P2-07 Race Product,,,True,0.000,0.000,OutOfStock
1169,p2_07_7848024a1925,P2-07 Race Product,,,True,0.000,0.000,OutOfStock
1171,p2_07_312e4f0221bb,P2-07 Race Product,,,True,0.000,0.000,OutOfStock
1284,p2_07_87b92c4407c2,P2-07 Race Product,,,True,0.000,0.000,OutOfStock
1286,p2_07_b82b963252ab,P2-07 Race Product,,,True,0.000,0.000,OutOfStock
1419,p2_07_fd1adc70998e,P2-07 Race Product,,,True,0.000,0.000,OutOfStock
1422,p2_07_0adc4d0a8ee0,P2-07 Race Product,,,True,0.000,0.000,OutOfStock
1524,p2_07_9dde9e0f2c7c,P2-07 Race Product,,,True,0.000,0.000,OutOfStock
1526,p2_07_8929638d797e,P2-07 Race Product,,,True,0.000,0.000,OutOfStock
1629,p2_07_676ec9e72286,P2-07 Race Product,,,True,0.000,0.000,OutOfStock
1631,p2_07_0ad0398b569e,P2-07 Race Product,,,True,0.000,0.000,OutOfStock
1759,p2_07_0a976f1d770a,P2-07 Race Product,,,True,0.000,0.000,OutOfStock
1761,p2_07_d2dc39f3b5e8,P2-07 Race Product,,,True,0.000,0.000,OutOfStock
1889,p2_07_6afc9606ced5,P2-07 Race Product,,,True,0.000,0.000,OutOfStock
1891,p2_07_c47ffa7a141e,P2-07 Race Product,,,True,0.000,0.000,OutOfStock
2019,p2_07_ac40310bf262,P2-07 Race Product,,,True,0.000,0.000,OutOfStock
2022,p2_07_8de72893298e,P2-07 Race Product,,,True,0.000,0.000,OutOfStock
2201,p2_07_221f406e2529,P2-07 Race Product,,,True,0.000,0.000,OutOfStock
2203,p2_07_ed377fc82b08,P2-07 Race Product,,,True,0.000,0.000,OutOfStock
2342,p2_07_c7481fb3c626,P2-07 Race Product,,,True,0.000,0.000,OutOfStock
2344,p2_07_05cc09ff926b,P2-07 Race Product,,,True,0.000,0.000,OutOfStock
2483,p2_07_8faa961072f4,P2-07 Race Product,,,True,0.000,0.000,OutOfStock
2486,p2_07_574ed830ffe8,P2-07 Race Product,,,True,0.000,0.000,OutOfStock
2624,p2_07_2d42b6b5e39d,P2-07 Race Product,,,True,0.000,0.000,OutOfStock
2626,p2_07_785e70250f98,P2-07 Race Product,,,True,0.000,0.000,OutOfStock
2765,p2_07_de94ab52f089,P2-07 Race Product,,,True,0.000,0.000,OutOfStock
2767,p2_07_052a3718754a,P2-07 Race Product,,,True,0.000,0.000,OutOfStock
2906,p2_07_3c1f614183e6,P2-07 Race Product,,,True,0.000,0.000,OutOfStock
2908,p2_07_d695421d0f95,P2-07 Race Product,,,True,0.000,0.000,OutOfStock
3047,p2_07_83969bbf2a01,P2-07 Race Product,,,True,0.000,0.000,OutOfStock
3049,p2_07_9eb77fba9634,P2-07 Race Product,,,True,0.000,0.000,OutOfStock
3220,p2_07_70d01f73bc0e,P2-07 Race Product,,,True,0.000,0.000,OutOfStock
3222,p2_07_8aad6ade0a8d,P2-07 Race Product,,,True,0.000,0.000,OutOfStock
3368,p2_07_6d1a929f0952,P2-07 Race Product,,,True,0.000,0.000,OutOfStock
3370,p2_07_b7cfde507779,P2-07 Race Product,,,True,0.000,0.000,OutOfStock
3523,p2_07_c18a43604fa8,P2-07 Race Product,,,True,0.000,0.000,OutOfStock
3525,p2_07_a29cec2f9fba,P2-07 Race Product,,,True,0.000,0.000,OutOfStock
3671,p2_07_1bfa6f691d37,P2-07 Race Product,,,True,0.000,0.000,OutOfStock
3673,p2_07_9df85e394c21,P2-07 Race Product,,,True,0.000,0.000,OutOfStock
3819,p2_07_3e4f62aefa4d,P2-07 Race Product,,,True,0.000,0.000,OutOfStock
3821,p2_07_17d0e03e8c08,P2-07 Race Product,,,True,0.000,0.000,OutOfStock
4023,p2_07_d270d9bbf76c,P2-07 Race Product,,,True,0.000,0.000,OutOfStock
4025,p2_07_0e032d987b16,P2-07 Race Product,,,True,0.000,0.000,OutOfStock
4199,p2_07_7f66fa0fd187,P2-07 Race Product,,,True,0.000,0.000,OutOfStock
4201,p2_07_74ee16372d91,P2-07 Race Product,,,True,0.000,0.000,OutOfStock
4443,p2_07_e318474bb573,P2-07 Race Product,,,True,0.000,0.000,OutOfStock
4446,p2_07_20a2c70d7e97,P2-07 Race Product,,,True,0.000,0.000,OutOfStock
4639,p2_07_0e37fb31b11a,P2-07 Race Product,,,True,0.000,0.000,OutOfStock
4641,p2_07_804f81f97239,P2-07 Race Product,,,True,0.000,0.000,OutOfStock
4836,p2_07_7e23a0ff7bd6,P2-07 Race Product,,,True,0.000,0.000,OutOfStock
4837,p2_07_cbbbe8a949b1,P2-07 Race Product,,,True,0.000,0.000,OutOfStock
5040,p2_07_457944f76790,P2-07 Race Product,,,True,0.000,0.000,OutOfStock
5041,p2_07_3cf299560410,P2-07 Race Product,,,True,0.000,0.000,OutOfStock
5178,p2_07_87766fa7ee06,P2-07 Race Product,,,True,0.000,0.000,OutOfStock
5180,p2_07_285dfd66990f,P2-07 Race Product,,,True,0.000,0.000,OutOfStock
5196,p2_07_9dc96ee41d9e,P2-07 Race Product,,,True,0.000,0.000,OutOfStock
5198,p2_07_b02cb945b6bc,P2-07 Race Product,,,True,0.000,0.000,OutOfStock
5214,p2_07_29ac17d94c20,P2-07 Race Product,,,True,0.000,0.000,OutOfStock
5217,p2_07_af37f2caab4e,P2-07 Race Product,,,True,0.000,0.000,OutOfStock
5236,p2_07_699d8765174f,P2-07 Race Product,,,True,0.000,0.000,OutOfStock
5238,p2_07_6a8e2728927d,P2-07 Race Product,,,True,0.000,0.000,OutOfStock
5315,p2_07_81a8e672aece,P2-07 Race Product,,,True,0.000,0.000,OutOfStock
5317,p2_07_185288bd809e,P2-07 Race Product,,,True,0.000,0.000,OutOfStock
5546,p2_07_9961ab617685,P2-07 Race Product,,,True,0.000,0.000,OutOfStock
5548,p2_07_cf65fdeda0d7,P2-07 Race Product,,,True,0.000,0.000,OutOfStock
5815,p2_07_2553a42db5d3,P2-07 Race Product,,,True,0.000,0.000,OutOfStock
5817,p2_07_13c4cc28a0f7,P2-07 Race Product,,,True,0.000,0.000,OutOfStock
6069,p2_07_177a7f5333d7,P2-07 Race Product,,,True,0.000,0.000,OutOfStock
6071,p2_07_da5791623d7e,P2-07 Race Product,,,True,0.000,0.000,OutOfStock
6309,p2_07_f7b4818a347c,P2-07 Race Product,,,True,0.000,0.000,OutOfStock
6311,p2_07_7dab24c4f57c,P2-07 Race Product,,,True,0.000,0.000,OutOfStock
6557,p2_07_881051ca3f00,P2-07 Race Product,,,True,0.000,0.000,OutOfStock
6558,p2_07_50a9b36cbe93,P2-07 Race Product,,,True,0.000,0.000,OutOfStock
6799,p2_07_c9511f77be3a,P2-07 Race Product,,,True,0.000,0.000,OutOfStock
6802,p2_07_b785aa126da7,P2-07 Race Product,,,True,0.000,0.000,OutOfStock
7108,p2_07_3104eb2cb64f,P2-07 Race Product,,,True,0.000,0.000,OutOfStock
7110,p2_07_4a5648510076,P2-07 Race Product,,,True,0.000,0.000,OutOfStock
7378,p2_07_385f7a4a88c7,P2-07 Race Product,,,True,0.000,0.000,OutOfStock
7380,p2_07_d5e660a5bdff,P2-07 Race Product,,,True,0.000,0.000,OutOfStock
7634,p2_07_50f21fdec955,P2-07 Race Product,,,True,0.000,0.000,OutOfStock
7636,p2_07_86cbd9a458d4,P2-07 Race Product,,,True,0.000,0.000,OutOfStock
7890,p2_07_dd2802dfdd2b,P2-07 Race Product,,,True,0.000,0.000,OutOfStock
7892,p2_07_e47d4e08fb78,P2-07 Race Product,,,True,0.000,0.000,OutOfStock
8146,p2_07_66112f1c5b50,P2-07 Race Product,,,True,0.000,0.000,OutOfStock
8149,p2_07_79a4378e8336,P2-07 Race Product,,,True,0.000,0.000,OutOfStock
8402,p2_07_91982d86a724,P2-07 Race Product,,,True,0.000,0.000,OutOfStock
8404,p2_07_55c1814b45a1,P2-07 Race Product,,,True,0.000,0.000,OutOfStock
8658,p2_07_a3e8c3c53370,P2-07 Race Product,,,True,0.000,0.000,OutOfStock
8660,p2_07_74bca1f588e2,P2-07 Race Product,,,True,0.000,0.000,OutOfStock
8914,p2_07_c6370af99a77,P2-07 Race Product,,,True,0.000,0.000,OutOfStock
8916,p2_07_fe71381008ff,P2-07 Race Product,,,True,0.000,0.000,OutOfStock
9171,p2_07_1ffa6bec56c1,P2-07 Race Product,,,True,0.000,0.000,OutOfStock
9173,p2_07_061d4633c6ae,P2-07 Race Product,,,True,0.000,0.000,OutOfStock
9443,p2_07_e1949f3330b6,P2-07 Race Product,,,True,0.000,0.000,OutOfStock
9445,p2_07_5e9a4b8e9e91,P2-07 Race Product,,,True,0.000,0.000,OutOfStock
9699,p2_07_49e0c936bef7,P2-07 Race Product,,,True,0.000,0.000,OutOfStock
9701,p2_07_5afa739d0420,P2-07 Race Product,,,True,0.000,0.000,OutOfStock
9955,p2_07_0076f78d9675,P2-07 Race Product,,,True,0.000,0.000,OutOfStock
9957,p2_07_67579fb3c07c,P2-07 Race Product,,,True,0.000,0.000,OutOfStock
10221,p2_07_081d45c9a6a0,P2-07 Race Product,,,True,0.000,0.000,OutOfStock
10223,p2_07_5e5b91240069,P2-07 Race Product,,,True,0.000,0.000,OutOfStock
10495,p2_07_9349b564a092,P2-07 Race Product,,,True,0.000,0.000,OutOfStock
10496,p2_07_49b9d806b5c4,P2-07 Race Product,,,True,0.000,0.000,OutOfStock
10762,p2_07_349a05b9d480,P2-07 Race Product,,,True,0.000,0.000,OutOfStock
10763,p2_07_58f7758d1786,P2-07 Race Product,,,True,0.000,0.000,OutOfStock
11040,p2_07_3141da219780,P2-07 Race Product,,,True,0.000,0.000,OutOfStock
11041,p2_07_5d5fb6b4e7fa,P2-07 Race Product,,,True,0.000,0.000,OutOfStock
11306,p2_07_3386d44f2334,P2-07 Race Product,,,True,0.000,0.000,OutOfStock
11308,p2_07_17d8daf37a00,P2-07 Race Product,,,True,0.000,0.000,OutOfStock
11574,p2_07_c4c1eb81bda6,P2-07 Race Product,,,True,0.000,0.000,OutOfStock
11575,p2_07_3fbcee4e5642,P2-07 Race Product,,,True,0.000,0.000,OutOfStock
11843,p2_07_2e61809f60fb,P2-07 Race Product,,,True,0.000,0.000,OutOfStock
11845,p2_07_9eeff7dbf372,P2-07 Race Product,,,True,0.000,0.000,OutOfStock
12113,p2_07_008627512b8a,P2-07 Race Product,,,True,0.000,0.000,OutOfStock
12115,p2_07_6782958e1144,P2-07 Race Product,,,True,0.000,0.000,OutOfStock
12393,p2_07_9bc1248c0a26,P2-07 Race Product,,,True,0.000,0.000,OutOfStock
12395,p2_07_937e3356a110,P2-07 Race Product,,,True,0.000,0.000,OutOfStock
12674,p2_07_02a84966286d,P2-07 Race Product,,,True,0.000,0.000,OutOfStock
12676,p2_07_334db0f364a2,P2-07 Race Product,,,True,0.000,0.000,OutOfStock
12953,p2_07_fc9fcb69c2b5,P2-07 Race Product,,,True,0.000,0.000,OutOfStock
12956,p2_07_8524d9bf8072,P2-07 Race Product,,,True,0.000,0.000,OutOfStock
13234,p2_07_507d8429d840,P2-07 Race Product,,,True,0.000,0.000,OutOfStock
13235,p2_07_f373a9be9fac,P2-07 Race Product,,,True,0.000,0.000,OutOfStock
13514,p2_07_4f2433866f49,P2-07 Race Product,,,True,0.000,0.000,OutOfStock
13516,p2_07_2e76b22644dd,P2-07 Race Product,,,True,0.000,0.000,OutOfStock
13794,p2_07_287a8a42e644,P2-07 Race Product,,,True,0.000,0.000,OutOfStock
13796,p2_07_fc9d4a27781d,P2-07 Race Product,,,True,0.000,0.000,OutOfStock
15,p2_07_4966f8ca1c2c,P2-07 Renamed Product,,,True,0.000,5.000,OutOfStock
25,p2_07_7829be53508c,P2-07 Renamed Product,,,True,0.000,5.000,OutOfStock
35,p2_07_885d509e3282,P2-07 Renamed Product,,,True,0.000,5.000,OutOfStock
50,p2_07_5dd29aedaa3b,P2-07 Renamed Product,,,True,0.000,5.000,OutOfStock
60,p2_07_4dc5c6fb40d6,P2-07 Renamed Product,,,True,0.000,5.000,OutOfStock
71,p2_07_7eb7f09bf42a,P2-07 Renamed Product,,,True,0.000,5.000,OutOfStock
81,p2_07_d5e843b72369,P2-07 Renamed Product,,,True,0.000,5.000,OutOfStock
99,p2_07_49e85bff80b7,P2-07 Renamed Product,,,True,0.000,5.000,OutOfStock
112,p2_07_3405b997fa45,P2-07 Renamed Product,,,True,0.000,5.000,OutOfStock
123,p2_07_f44f5870ae4f,P2-07 Renamed Product,,,True,0.000,5.000,OutOfStock
134,p2_07_41737ad39847,P2-07 Renamed Product,,,True,0.000,5.000,OutOfStock
145,p2_07_900272ddbaa1,P2-07 Renamed Product,,,True,0.000,5.000,OutOfStock
156,p2_07_8c26736ceec5,P2-07 Renamed Product,,,True,0.000,5.000,OutOfStock
167,p2_07_cc2f0d97b0c4,P2-07 Renamed Product,,,True,0.000,5.000,OutOfStock
220,p2_07_cc0ab7fc24dc,P2-07 Renamed Product,,,True,0.000,5.000,OutOfStock
259,p2_07_efe0e4c7a51f,P2-07 Renamed Product,,,True,0.000,5.000,OutOfStock
286,p2_07_e64d215910e2,P2-07 Renamed Product,,,True,0.000,5.000,OutOfStock
311,p2_07_49578c100ace,P2-07 Renamed Product,,,True,0.000,5.000,OutOfStock
336,p2_07_2a43145dd6c1,P2-07 Renamed Product,,,True,0.000,5.000,OutOfStock
375,p2_07_8fc99cc6a76a,P2-07 Renamed Product,,,True,0.000,5.000,OutOfStock
400,p2_07_d56b5810dc26,P2-07 Renamed Product,,,True,0.000,5.000,OutOfStock
425,p2_07_b759c050baed,P2-07 Renamed Product,,,True,0.000,5.000,OutOfStock
451,p2_07_b7bb002075ac,P2-07 Renamed Product,,,True,0.000,5.000,OutOfStock
477,p2_07_566f98c34464,P2-07 Renamed Product,,,True,0.000,5.000,OutOfStock
503,p2_07_45a98880152f,P2-07 Renamed Product,,,True,0.000,5.000,OutOfStock
528,p2_07_e95fcc2f44aa,P2-07 Renamed Product,,,True,0.000,5.000,OutOfStock
553,p2_07_989fae9f8bc8,P2-07 Renamed Product,,,True,0.000,5.000,OutOfStock
578,p2_07_a58ab760d95f,P2-07 Renamed Product,,,True,0.000,5.000,OutOfStock
603,p2_07_16a598af4985,P2-07 Renamed Product,,,True,0.000,5.000,OutOfStock
628,p2_07_e287b9565d00,P2-07 Renamed Product,,,True,0.000,5.000,OutOfStock
653,p2_07_8d7e3faa5a01,P2-07 Renamed Product,,,True,0.000,5.000,OutOfStock
678,p2_07_dd7e9f10de6a,P2-07 Renamed Product,,,True,0.000,5.000,OutOfStock
703,p2_07_0e0e7cbd9fa4,P2-07 Renamed Product,,,True,0.000,5.000,OutOfStock
728,p2_07_80b4e1e0ac35,P2-07 Renamed Product,,,True,0.000,5.000,OutOfStock
753,p2_07_e038518d007d,P2-07 Renamed Product,,,True,0.000,5.000,OutOfStock
778,p2_07_be918c9423dc,P2-07 Renamed Product,,,True,0.000,5.000,OutOfStock
804,p2_07_c9c93e525ea6,P2-07 Renamed Product,,,True,0.000,5.000,OutOfStock
829,p2_07_40cb53d16009,P2-07 Renamed Product,,,True,0.000,5.000,OutOfStock
854,p2_07_5742d93b5d8e,P2-07 Renamed Product,,,True,0.000,5.000,OutOfStock
861,p2_07_bed9efe07a98,P2-07 Renamed Product,,,True,0.000,5.000,OutOfStock
904,p2_07_69430d44bbba,P2-07 Renamed Product,,,True,0.000,5.000,OutOfStock
965,p2_07_571112a54efd,P2-07 Renamed Product,,,True,0.000,5.000,OutOfStock
1044,p2_07_5c026b2aa3fd,P2-07 Renamed Product,,,True,0.000,5.000,OutOfStock
1105,p2_07_f5fac0ccef89,P2-07 Renamed Product,,,True,0.000,5.000,OutOfStock
1166,p2_07_a316d24eab71,P2-07 Renamed Product,,,True,0.000,5.000,OutOfStock
1281,p2_07_7d13c885c9a4,P2-07 Renamed Product,,,True,0.000,5.000,OutOfStock
1416,p2_07_d1612f8de0a0,P2-07 Renamed Product,,,True,0.000,5.000,OutOfStock
1521,p2_07_1686f908aa85,P2-07 Renamed Product,,,True,0.000,5.000,OutOfStock
1626,p2_07_a414318cde18,P2-07 Renamed Product,,,True,0.000,5.000,OutOfStock
1756,p2_07_a05fd2790255,P2-07 Renamed Product,,,True,0.000,5.000,OutOfStock
1886,p2_07_af6c96ea27aa,P2-07 Renamed Product,,,True,0.000,5.000,OutOfStock
2016,p2_07_ac08a1b0c466,P2-07 Renamed Product,,,True,0.000,5.000,OutOfStock
2198,p2_07_e0658f879754,P2-07 Renamed Product,,,True,0.000,5.000,OutOfStock
2339,p2_07_3c184224eb21,P2-07 Renamed Product,,,True,0.000,5.000,OutOfStock
2480,p2_07_b5d3f7580d62,P2-07 Renamed Product,,,True,0.000,5.000,OutOfStock
2621,p2_07_a54d77a6e32f,P2-07 Renamed Product,,,True,0.000,5.000,OutOfStock
2762,p2_07_825157de64e7,P2-07 Renamed Product,,,True,0.000,5.000,OutOfStock
2903,p2_07_0d01ffb16eb2,P2-07 Renamed Product,,,True,0.000,5.000,OutOfStock
3044,p2_07_4204e9478b07,P2-07 Renamed Product,,,True,0.000,5.000,OutOfStock
3217,p2_07_d1ee47cf8303,P2-07 Renamed Product,,,True,0.000,5.000,OutOfStock
3365,p2_07_6bbbc7a4f2a5,P2-07 Renamed Product,,,True,0.000,5.000,OutOfStock
3520,p2_07_f16ab1a358b9,P2-07 Renamed Product,,,True,0.000,5.000,OutOfStock
3668,p2_07_b320550c83e7,P2-07 Renamed Product,,,True,0.000,5.000,OutOfStock
3816,p2_07_9faf203b8a3f,P2-07 Renamed Product,,,True,0.000,5.000,OutOfStock
4020,p2_07_5828665a6819,P2-07 Renamed Product,,,True,0.000,5.000,OutOfStock
4196,p2_07_17c558085832,P2-07 Renamed Product,,,True,0.000,5.000,OutOfStock
4440,p2_07_56def115979a,P2-07 Renamed Product,,,True,0.000,5.000,OutOfStock
4636,p2_07_a14a8b5c2517,P2-07 Renamed Product,,,True,0.000,5.000,OutOfStock
4832,p2_07_b3307d1994f1,P2-07 Renamed Product,,,True,0.000,5.000,OutOfStock
5036,p2_07_196c0fef2bf5,P2-07 Renamed Product,,,True,0.000,5.000,OutOfStock
5175,p2_07_3e9a12521ecd,P2-07 Renamed Product,,,True,0.000,5.000,OutOfStock
5193,p2_07_5b9d34bbf420,P2-07 Renamed Product,,,True,0.000,5.000,OutOfStock
5211,p2_07_7df9f3501a8e,P2-07 Renamed Product,,,True,0.000,5.000,OutOfStock
5233,p2_07_b2a8ad4f68c5,P2-07 Renamed Product,,,True,0.000,5.000,OutOfStock
5312,p2_07_677f93f9a001,P2-07 Renamed Product,,,True,0.000,5.000,OutOfStock
5543,p2_07_2c36ea4642d9,P2-07 Renamed Product,,,True,0.000,5.000,OutOfStock
5812,p2_07_63ae6ca9bfc1,P2-07 Renamed Product,,,True,0.000,5.000,OutOfStock
6066,p2_07_8e01cfd9291e,P2-07 Renamed Product,,,True,0.000,5.000,OutOfStock
6306,p2_07_2912fadb5a1e,P2-07 Renamed Product,,,True,0.000,5.000,OutOfStock
6553,p2_07_277b1f91a480,P2-07 Renamed Product,,,True,0.000,5.000,OutOfStock
6796,p2_07_bc1fd4a3ea8e,P2-07 Renamed Product,,,True,0.000,5.000,OutOfStock
7104,p2_07_f59039751069,P2-07 Renamed Product,,,True,0.000,5.000,OutOfStock
7375,p2_07_ca660d129eb2,P2-07 Renamed Product,,,True,0.000,5.000,OutOfStock
7631,p2_07_e3b83267317e,P2-07 Renamed Product,,,True,0.000,5.000,OutOfStock
7887,p2_07_72ad58c53f5d,P2-07 Renamed Product,,,True,0.000,5.000,OutOfStock
8143,p2_07_b80a8769446a,P2-07 Renamed Product,,,True,0.000,5.000,OutOfStock
8399,p2_07_934e5ee83bb2,P2-07 Renamed Product,,,True,0.000,5.000,OutOfStock
8655,p2_07_4fae1a6abd60,P2-07 Renamed Product,,,True,0.000,5.000,OutOfStock
8911,p2_07_c7af9f346f8d,P2-07 Renamed Product,,,True,0.000,5.000,OutOfStock
9167,p2_07_05a8d65091d0,P2-07 Renamed Product,,,True,0.000,5.000,OutOfStock
9440,p2_07_e4297cdc662c,P2-07 Renamed Product,,,True,0.000,5.000,OutOfStock
9696,p2_07_f18ccfc1dcbc,P2-07 Renamed Product,,,True,0.000,5.000,OutOfStock
9952,p2_07_cc596e44ee04,P2-07 Renamed Product,,,True,0.000,5.000,OutOfStock
10218,p2_07_8c2e863ae688,P2-07 Renamed Product,,,True,0.000,5.000,OutOfStock
10491,p2_07_10aa4ce64824,P2-07 Renamed Product,,,True,0.000,5.000,OutOfStock
10758,p2_07_37e6a39abef8,P2-07 Renamed Product,,,True,0.000,5.000,OutOfStock
11036,p2_07_83633e4bfb05,P2-07 Renamed Product,,,True,0.000,5.000,OutOfStock
11303,p2_07_cde91ab63221,P2-07 Renamed Product,,,True,0.000,5.000,OutOfStock
11570,p2_07_cdc96c0ca182,P2-07 Renamed Product,,,True,0.000,5.000,OutOfStock
11840,p2_07_4263fd278f06,P2-07 Renamed Product,,,True,0.000,5.000,OutOfStock
12110,p2_07_c42f3ef38597,P2-07 Renamed Product,,,True,0.000,5.000,OutOfStock
12390,p2_07_faba60ce5c6b,P2-07 Renamed Product,,,True,0.000,5.000,OutOfStock
12670,p2_07_c0fd619125c7,P2-07 Renamed Product,,,True,0.000,5.000,OutOfStock
12950,p2_07_888946daa729,P2-07 Renamed Product,,,True,0.000,5.000,OutOfStock
13230,p2_07_59db85e0633b,P2-07 Renamed Product,,,True,0.000,5.000,OutOfStock
13511,p2_07_ba70c471b80b,P2-07 Renamed Product,,,True,0.000,5.000,OutOfStock
13791,p2_07_eee5177ad230,P2-07 Renamed Product,,,True,0.000,5.000,OutOfStock
24,p2_07_294ccb20df94,P2-07 Searchable Product,,,True,0.000,0.000,OutOfStock
34,p2_07_6a6d527fcdf1,P2-07 Searchable Product,,,True,0.000,0.000,OutOfStock
44,p2_07_96a906215ad9,P2-07 Searchable Product,,,True,0.000,0.000,OutOfStock
59,p2_07_6d743211bc2c,P2-07 Searchable Product,,,True,0.000,0.000,OutOfStock
69,p2_07_9fd06e9107db,P2-07 Searchable Product,,,True,0.000,0.000,OutOfStock
80,p2_07_eeeced3100aa,P2-07 Searchable Product,,,True,0.000,0.000,OutOfStock
90,p2_07_2578003559ca,P2-07 Searchable Product,,,True,0.000,0.000,OutOfStock
108,p2_07_733f52b97cd9,P2-07 Searchable Product,,,True,0.000,0.000,OutOfStock
121,p2_07_0d06a527f4fe,P2-07 Searchable Product,,,True,0.000,0.000,OutOfStock
132,p2_07_5d22c99b61d1,P2-07 Searchable Product,,,True,0.000,0.000,OutOfStock
143,p2_07_430459a03816,P2-07 Searchable Product,,,True,0.000,0.000,OutOfStock
154,p2_07_b5732b4048f3,P2-07 Searchable Product,,,True,0.000,0.000,OutOfStock
165,p2_07_0d728c3c5d96,P2-07 Searchable Product,,,True,0.000,0.000,OutOfStock
176,p2_07_c10c9a86b127,P2-07 Searchable Product,,,True,0.000,0.000,OutOfStock
229,p2_07_e4233ad6e8e3,P2-07 Searchable Product,,,True,0.000,0.000,OutOfStock
268,p2_07_0073f5106098,P2-07 Searchable Product,,,True,0.000,0.000,OutOfStock
295,p2_07_bfb114e3f492,P2-07 Searchable Product,,,True,0.000,0.000,OutOfStock
320,p2_07_0d3169d8be34,P2-07 Searchable Product,,,True,0.000,0.000,OutOfStock
345,p2_07_410f80fb7521,P2-07 Searchable Product,,,True,0.000,0.000,OutOfStock
384,p2_07_29481615c788,P2-07 Searchable Product,,,True,0.000,0.000,OutOfStock
409,p2_07_7709f6fd109f,P2-07 Searchable Product,,,True,0.000,0.000,OutOfStock
434,p2_07_0ebe2d9eb669,P2-07 Searchable Product,,,True,0.000,0.000,OutOfStock
460,p2_07_2b42a0374ff1,P2-07 Searchable Product,,,True,0.000,0.000,OutOfStock
486,p2_07_951ba359910b,P2-07 Searchable Product,,,True,0.000,0.000,OutOfStock
512,p2_07_1c3c77e9b9f2,P2-07 Searchable Product,,,True,0.000,0.000,OutOfStock
537,p2_07_203dac03f144,P2-07 Searchable Product,,,True,0.000,0.000,OutOfStock
562,p2_07_0b7f68632540,P2-07 Searchable Product,,,True,0.000,0.000,OutOfStock
587,p2_07_4e40d81eb452,P2-07 Searchable Product,,,True,0.000,0.000,OutOfStock
612,p2_07_ed5be97ba5cb,P2-07 Searchable Product,,,True,0.000,0.000,OutOfStock
637,p2_07_a870e8d890c8,P2-07 Searchable Product,,,True,0.000,0.000,OutOfStock
662,p2_07_19adbe000c87,P2-07 Searchable Product,,,True,0.000,0.000,OutOfStock
687,p2_07_ca9dda74e8ff,P2-07 Searchable Product,,,True,0.000,0.000,OutOfStock
712,p2_07_2ef8d8ca4b8f,P2-07 Searchable Product,,,True,0.000,0.000,OutOfStock
737,p2_07_551e7875ecdd,P2-07 Searchable Product,,,True,0.000,0.000,OutOfStock
762,p2_07_3c1331d8cb51,P2-07 Searchable Product,,,True,0.000,0.000,OutOfStock
787,p2_07_4b628c19ecf3,P2-07 Searchable Product,,,True,0.000,0.000,OutOfStock
813,p2_07_8a29c87137de,P2-07 Searchable Product,,,True,0.000,0.000,OutOfStock
838,p2_07_1f26ea3acc5f,P2-07 Searchable Product,,,True,0.000,0.000,OutOfStock
870,p2_07_f16039590d9f,P2-07 Searchable Product,,,True,0.000,0.000,OutOfStock
913,p2_07_d8787e5ad2e7,P2-07 Searchable Product,,,True,0.000,0.000,OutOfStock
974,p2_07_46d4a8752dfd,P2-07 Searchable Product,,,True,0.000,0.000,OutOfStock
1053,p2_07_a842b8e0738a,P2-07 Searchable Product,,,True,0.000,0.000,OutOfStock
1114,p2_07_5a4d38f183a9,P2-07 Searchable Product,,,True,0.000,0.000,OutOfStock
1175,p2_07_d081b5f6a2dc,P2-07 Searchable Product,,,True,0.000,0.000,OutOfStock
1290,p2_07_56027c1a0305,P2-07 Searchable Product,,,True,0.000,0.000,OutOfStock
1425,p2_07_f68e1d6aa939,P2-07 Searchable Product,,,True,0.000,0.000,OutOfStock
1530,p2_07_a91ae787d2ae,P2-07 Searchable Product,,,True,0.000,0.000,OutOfStock
1635,p2_07_43c4948d91a7,P2-07 Searchable Product,,,True,0.000,0.000,OutOfStock
1765,p2_07_f786225941b0,P2-07 Searchable Product,,,True,0.000,0.000,OutOfStock
1895,p2_07_50c504b4634e,P2-07 Searchable Product,,,True,0.000,0.000,OutOfStock
2025,p2_07_05156da2d56a,P2-07 Searchable Product,,,True,0.000,0.000,OutOfStock
2207,p2_07_a0043f407ea4,P2-07 Searchable Product,,,True,0.000,0.000,OutOfStock
2348,p2_07_5377631a9a74,P2-07 Searchable Product,,,True,0.000,0.000,OutOfStock
2489,p2_07_f222fec13675,P2-07 Searchable Product,,,True,0.000,0.000,OutOfStock
2630,p2_07_497c968ca7b6,P2-07 Searchable Product,,,True,0.000,0.000,OutOfStock
2771,p2_07_6540f4924072,P2-07 Searchable Product,,,True,0.000,0.000,OutOfStock
2912,p2_07_7cc538c2b4ef,P2-07 Searchable Product,,,True,0.000,0.000,OutOfStock
3053,p2_07_67d6549faf97,P2-07 Searchable Product,,,True,0.000,0.000,OutOfStock
3226,p2_07_f243c2cd3145,P2-07 Searchable Product,,,True,0.000,0.000,OutOfStock
3374,p2_07_bd318f952c2c,P2-07 Searchable Product,,,True,0.000,0.000,OutOfStock
3529,p2_07_751b9bf53466,P2-07 Searchable Product,,,True,0.000,0.000,OutOfStock
3677,p2_07_bbb05cc1f80f,P2-07 Searchable Product,,,True,0.000,0.000,OutOfStock
3825,p2_07_2c5835ea9402,P2-07 Searchable Product,,,True,0.000,0.000,OutOfStock
4029,p2_07_3b6bfdf9aa3d,P2-07 Searchable Product,,,True,0.000,0.000,OutOfStock
4205,p2_07_837715c45104,P2-07 Searchable Product,,,True,0.000,0.000,OutOfStock
4449,p2_07_de1dff8c97ab,P2-07 Searchable Product,,,True,0.000,0.000,OutOfStock
4645,p2_07_042a7ebc9077,P2-07 Searchable Product,,,True,0.000,0.000,OutOfStock
4841,p2_07_e03aacbfc181,P2-07 Searchable Product,,,True,0.000,0.000,OutOfStock
5045,p2_07_b0b3429efca3,P2-07 Searchable Product,,,True,0.000,0.000,OutOfStock
5184,p2_07_a00162c44413,P2-07 Searchable Product,,,True,0.000,0.000,OutOfStock
5202,p2_07_5a6cd8437df7,P2-07 Searchable Product,,,True,0.000,0.000,OutOfStock
5220,p2_07_ebacc6f742ef,P2-07 Searchable Product,,,True,0.000,0.000,OutOfStock
5242,p2_07_95e725a34b1d,P2-07 Searchable Product,,,True,0.000,0.000,OutOfStock
5321,p2_07_108be6238f49,P2-07 Searchable Product,,,True,0.000,0.000,OutOfStock
5459,p2_07_3f4a627df810,P2-07 Searchable Product,,,True,0.000,0.000,OutOfStock
5552,p2_07_00bdee0d7d7c,P2-07 Searchable Product,,,True,0.000,0.000,OutOfStock
5821,p2_07_71c2aa3beb13,P2-07 Searchable Product,,,True,0.000,0.000,OutOfStock
6075,p2_07_cef276364310,P2-07 Searchable Product,,,True,0.000,0.000,OutOfStock
6315,p2_07_f84f018096f6,P2-07 Searchable Product,,,True,0.000,0.000,OutOfStock
6562,p2_07_61a50d32cc6f,P2-07 Searchable Product,,,True,0.000,0.000,OutOfStock
6805,p2_07_c1ab77bac9f8,P2-07 Searchable Product,,,True,0.000,0.000,OutOfStock
7113,p2_07_92782bd7e247,P2-07 Searchable Product,,,True,0.000,0.000,OutOfStock
7384,p2_07_c90cbfd4d0e4,P2-07 Searchable Product,,,True,0.000,0.000,OutOfStock
7640,p2_07_9f58486ec446,P2-07 Searchable Product,,,True,0.000,0.000,OutOfStock
7896,p2_07_ccaed35292e5,P2-07 Searchable Product,,,True,0.000,0.000,OutOfStock
8152,p2_07_21bc6b60942c,P2-07 Searchable Product,,,True,0.000,0.000,OutOfStock
8408,p2_07_53e7979dfe9a,P2-07 Searchable Product,,,True,0.000,0.000,OutOfStock
8664,p2_07_99dc146ad0b8,P2-07 Searchable Product,,,True,0.000,0.000,OutOfStock
8920,p2_07_207988540252,P2-07 Searchable Product,,,True,0.000,0.000,OutOfStock
9176,p2_07_71f2645cbf70,P2-07 Searchable Product,,,True,0.000,0.000,OutOfStock
9449,p2_07_eb6c7a51141c,P2-07 Searchable Product,,,True,0.000,0.000,OutOfStock
9705,p2_07_5ef6ca06ad99,P2-07 Searchable Product,,,True,0.000,0.000,OutOfStock
9961,p2_07_45162f5e37a0,P2-07 Searchable Product,,,True,0.000,0.000,OutOfStock
10227,p2_07_b9eee66c63e3,P2-07 Searchable Product,,,True,0.000,0.000,OutOfStock
10500,p2_07_b8ca42d614bd,P2-07 Searchable Product,,,True,0.000,0.000,OutOfStock
10767,p2_07_2abdfac11080,P2-07 Searchable Product,,,True,0.000,0.000,OutOfStock
11045,p2_07_56d20919b1e2,P2-07 Searchable Product,,,True,0.000,0.000,OutOfStock
11312,p2_07_fe43b9c3fce0,P2-07 Searchable Product,,,True,0.000,0.000,OutOfStock
11579,p2_07_8078b2105dec,P2-07 Searchable Product,,,True,0.000,0.000,OutOfStock
11849,p2_07_6c3bcf6b713a,P2-07 Searchable Product,,,True,0.000,0.000,OutOfStock
12119,p2_07_bb96ae982f35,P2-07 Searchable Product,,,True,0.000,0.000,OutOfStock
12399,p2_07_3ad13b224e6b,P2-07 Searchable Product,,,True,0.000,0.000,OutOfStock
12679,p2_07_66c00c0f0fe7,P2-07 Searchable Product,,,True,0.000,0.000,OutOfStock
12959,p2_07_05e7a40b3cfb,P2-07 Searchable Product,,,True,0.000,0.000,OutOfStock
13239,p2_07_3fdc02935036,P2-07 Searchable Product,,,True,0.000,0.000,OutOfStock
13520,p2_07_1cbbe7b1a66c,P2-07 Searchable Product,,,True,0.000,0.000,OutOfStock
13800,p2_07_de2705494290,P2-07 Searchable Product,,,True,0.000,0.000,OutOfStock
49,p2_08_fixture_sku,P2-08 Fixture Product,,,True,0.000,0.000,OutOfStock
70,p2_09_fixture_sku,P2-09 Fixture Product,,,True,19.000,0.000,Normal
284,p3_03_fixture_active_sku,P3-03 Fixture p3_03_fixture_active_sku,,,True,0.000,0.000,OutOfStock
285,p3_03_fixture_inactive_sku,P3-03 Fixture p3_03_fixture_inactive_sku,,,False,0.000,0.000,OutOfStock
435,p3_04_fixture_sku,P3-04 Fixture Product,,,True,0.000,0.000,OutOfStock
461,p3_05_fixture_sku,P3-05 Fixture Product,,,True,0.000,0.000,OutOfStock
502,p3_06_fixture_sku,P3-06 Fixture Product,,,True,0.000,0.000,OutOfStock
803,p4_01_fixture_sku,P4-01 Fixture Product,,,True,525.000,0.000,Normal
1208,p4_05_fixture_sku_08e69a2c12964c02,P4-05 Fixture Product,,,True,10.000,0.000,Normal
1209,p4_05_fixture_sku_48eb5885d27e4e8a,P4-05 Fixture Product,,,True,5.000,0.000,Normal
1210,p4_05_fixture_sku_266c2215c5594ef7,P4-05 Fixture Product,,,True,8.000,0.000,Normal
1211,p4_05_fixture_sku_a014d91c580d4b3c,P4-05 Fixture Product,,,True,4.000,0.000,Normal
1212,p4_05_fixture_sku_45caa79a2b0147c2,P4-05 Fixture Product,,,True,5.000,0.000,Normal
1213,p4_05_fixture_sku_5e3b33dc399f441a,P4-05 Fixture Product,,,True,3.000,0.000,Normal
1214,p4_05_fixture_sku_7403c419ce9b4b95,P4-05 Fixture Product,,,True,5.000,0.000,Normal
1215,p4_05_fixture_sku_d638cfb5fd5e4a9f,P4-05 Fixture Product,,,True,6.000,0.000,Normal
1216,p4_05_fixture_sku_d350a0df36794412,P4-05 Fixture Product,,,True,0.000,0.000,OutOfStock
1217,p4_05_fixture_sku_690d07f25d554107,P4-05 Fixture Product,,,True,9.000,0.000,Normal
1218,p4_05_fixture_sku_2887a2418b214e51,P4-05 Fixture Product,,,True,0.000,0.000,OutOfStock
1219,p4_05_fixture_sku_1703f9c654f849b1,P4-05 Fixture Product,,,True,0.000,0.000,OutOfStock
1220,p4_05_fixture_sku_1ef2f67cba2e484d,P4-05 Fixture Product,,,True,5.000,0.000,Normal
1221,p4_05_fixture_sku_164fb8ff8feb4948,P4-05 Fixture Product,,,True,4.000,0.000,Normal
1222,p4_05_fixture_sku_77d16bd8622d49b0,P4-05 Fixture Product,,,True,0.000,0.000,OutOfStock
1223,p4_05_fixture_sku_78245706625d4c3a,P4-05 Fixture Product,,,True,0.000,0.000,OutOfStock
1243,p4_05_fixture_sku_1ec8bb1519244ee5,P4-05 Fixture Product,,,True,10.000,0.000,Normal
1244,p4_05_fixture_sku_80234e51be8f4cdd,P4-05 Fixture Product,,,True,5.000,0.000,Normal
1245,p4_05_fixture_sku_b60c56f507bb473a,P4-05 Fixture Product,,,True,8.000,0.000,Normal
1246,p4_05_fixture_sku_84602a514b77451c,P4-05 Fixture Product,,,True,4.000,0.000,Normal
1247,p4_05_fixture_sku_9dea4c78afc44c00,P4-05 Fixture Product,,,True,5.000,0.000,Normal
1248,p4_05_fixture_sku_79a89cf319a24faf,P4-05 Fixture Product,,,True,3.000,0.000,Normal
1249,p4_05_fixture_sku_b1aa2d9fa6644797,P4-05 Fixture Product,,,True,5.000,0.000,Normal
1250,p4_05_fixture_sku_8847f7252f664efa,P4-05 Fixture Product,,,True,6.000,0.000,Normal
1251,p4_05_fixture_sku_46657bf67a464fe4,P4-05 Fixture Product,,,True,0.000,0.000,OutOfStock
1252,p4_05_fixture_sku_c861d8160e494a75,P4-05 Fixture Product,,,True,9.000,0.000,Normal
1253,p4_05_fixture_sku_df40927b64a04ef6,P4-05 Fixture Product,,,True,0.000,0.000,OutOfStock
1254,p4_05_fixture_sku_71783f00806e4f9d,P4-05 Fixture Product,,,True,0.000,0.000,OutOfStock
1255,p4_05_fixture_sku_fdb83075bbfe424c,P4-05 Fixture Product,,,True,5.000,0.000,Normal
1256,p4_05_fixture_sku_ee047e8fba094423,P4-05 Fixture Product,,,True,4.000,0.000,Normal
1257,p4_05_fixture_sku_4b39a789ae6d4895,P4-05 Fixture Product,,,True,0.000,0.000,OutOfStock
1258,p4_05_fixture_sku_f3b6bea49a3049f5,P4-05 Fixture Product,,,True,0.000,0.000,OutOfStock
1259,p4_05_fixture_sku_dc0fa864985041d6,P4-05 Fixture Product,,,True,10.000,0.000,Normal
1260,p4_05_fixture_sku_5dd1924ccde7472e,P4-05 Fixture Product,,,True,5.000,0.000,Normal
1261,p4_05_fixture_sku_11140e07e7784220,P4-05 Fixture Product,,,True,8.000,0.000,Normal
1262,p4_05_fixture_sku_6175687399c04a86,P4-05 Fixture Product,,,True,4.000,0.000,Normal
1263,p4_05_fixture_sku_2049640830894007,P4-05 Fixture Product,,,True,5.000,0.000,Normal
1264,p4_05_fixture_sku_71653ae423b242e2,P4-05 Fixture Product,,,True,3.000,0.000,Normal
1265,p4_05_fixture_sku_cf6c19b073cb4564,P4-05 Fixture Product,,,True,5.000,0.000,Normal
1266,p4_05_fixture_sku_497a446e222a4f9b,P4-05 Fixture Product,,,True,6.000,0.000,Normal
1267,p4_05_fixture_sku_022ff3f219334938,P4-05 Fixture Product,,,True,0.000,0.000,OutOfStock
1268,p4_05_fixture_sku_b57b1fcafa6b4f20,P4-05 Fixture Product,,,True,9.000,0.000,Normal
1269,p4_05_fixture_sku_c0a0cb82e17048c3,P4-05 Fixture Product,,,True,10.000,0.000,Normal
1270,p4_05_fixture_sku_44fb7b2d70c54d6e,P4-05 Fixture Product,,,True,15.000,0.000,Normal
1271,p4_05_fixture_sku_462c12e8cac845c8,P4-05 Fixture Product,,,True,10.000,0.000,Normal
1272,p4_05_fixture_sku_4251c21625754314,P4-05 Fixture Product,,,True,5.000,0.000,Normal
1273,p4_05_fixture_sku_312e3895f73b4d14,P4-05 Fixture Product,,,True,8.000,0.000,Normal
1274,p4_05_fixture_sku_62ab96cb5b484133,P4-05 Fixture Product,,,True,0.000,0.000,OutOfStock
1275,p4_05_fixture_sku_0b4f5a37de2f4d11,P4-05 Fixture Product,,,True,0.000,0.000,OutOfStock
1276,p4_05_fixture_sku_02668a60f5b246b3,P4-05 Fixture Product,,,True,5.000,0.000,Normal
1277,p4_05_fixture_sku_e1052ef8fb374002,P4-05 Fixture Product,,,True,4.000,0.000,Normal
1278,p4_05_fixture_sku_a1d315918e444b3b,P4-05 Fixture Product,,,True,10.000,0.000,Normal
1279,p4_05_fixture_sku_6d5ec12f51a342d8,P4-05 Fixture Product,,,True,0.000,0.000,OutOfStock
1280,p4_05_fixture_sku_d420bff2f2344176,P4-05 Fixture Product,,,True,0.000,0.000,OutOfStock
1323,p4_05_fixture_sku_2b6eba46a9944fb3,P4-05 Fixture Product,,,True,10.000,0.000,Normal
1324,p4_05_fixture_sku_1a96ef84e7da4e44,P4-05 Fixture Product,,,True,5.000,0.000,Normal
1325,p4_05_fixture_sku_cb2e93ca08664845,P4-05 Fixture Product,,,True,8.000,0.000,Normal
1326,p4_05_fixture_sku_d101ff785a6f43fa,P4-05 Fixture Product,,,True,4.000,0.000,Normal
1327,p4_05_fixture_sku_9019067f0972400f,P4-05 Fixture Product,,,True,5.000,0.000,Normal
1328,p4_05_fixture_sku_8b41d5da9a934d00,P4-05 Fixture Product,,,True,3.000,0.000,Normal
1329,p4_05_fixture_sku_167b55a19ecb44cf,P4-05 Fixture Product,,,True,5.000,0.000,Normal
1330,p4_05_fixture_sku_a30e68098b8a4201,P4-05 Fixture Product,,,True,6.000,0.000,Normal
1331,p4_05_fixture_sku_2561df64b9704fc0,P4-05 Fixture Product,,,True,0.000,0.000,OutOfStock
1332,p4_05_fixture_sku_32dbe954fb614fa3,P4-05 Fixture Product,,,True,9.000,0.000,Normal
1333,p4_05_fixture_sku_e57bac5638364444,P4-05 Fixture Product,,,True,10.000,0.000,Normal
1334,p4_05_fixture_sku_a3ef568b5ae244ae,P4-05 Fixture Product,,,True,15.000,0.000,Normal
1335,p4_05_fixture_sku_23d4b2e00251484b,P4-05 Fixture Product,,,True,10.000,0.000,Normal
1336,p4_05_fixture_sku_46f23beebe2c40cd,P4-05 Fixture Product,,,True,5.000,0.000,Normal
1337,p4_05_fixture_sku_1cb59290b57b4f46,P4-05 Fixture Product,,,True,8.000,0.000,Normal
1338,p4_05_fixture_sku_31d29d7650304f4b,P4-05 Fixture Product,,,True,0.000,0.000,OutOfStock
1339,p4_05_fixture_sku_676e9e17f8c74b22,P4-05 Fixture Product,,,True,0.000,0.000,OutOfStock
1340,p4_05_fixture_sku_39d191d63b974242,P4-05 Fixture Product,,,True,5.000,0.000,Normal
1341,p4_05_fixture_sku_2f19e3bf16f94811,P4-05 Fixture Product,,,True,4.000,0.000,Normal
1342,p4_05_fixture_sku_b0fd641d22e54dd6,P4-05 Fixture Product,,,True,10.000,0.000,Normal
1343,p4_05_fixture_sku_ccbea047b6c04968,P4-05 Fixture Product,,,True,0.000,0.000,OutOfStock
1344,p4_05_fixture_sku_3f439286b17a45ce,P4-05 Fixture Product,,,True,0.000,0.000,OutOfStock
1364,p4_05_fixture_sku_ab544c58cda64059,P4-05 Fixture Product,,,True,10.000,0.000,Normal
1365,p4_05_fixture_sku_9700e7cc3fd44fa4,P4-05 Fixture Product,,,True,5.000,0.000,Normal
1366,p4_05_fixture_sku_0ba8ecc77aa44e48,P4-05 Fixture Product,,,True,8.000,0.000,Normal
1367,p4_05_fixture_sku_0cb44121dcce4631,P4-05 Fixture Product,,,True,4.000,0.000,Normal
1368,p4_05_fixture_sku_1c29f3f484f741e6,P4-05 Fixture Product,,,True,5.000,0.000,Normal
1369,p4_05_fixture_sku_7a7a3a387a5842fb,P4-05 Fixture Product,,,True,3.000,0.000,Normal
1370,p4_05_fixture_sku_aa9b93abd14c4a7b,P4-05 Fixture Product,,,True,5.000,0.000,Normal
1371,p4_05_fixture_sku_2ea846e226364a92,P4-05 Fixture Product,,,True,6.000,0.000,Normal
1372,p4_05_fixture_sku_d0f17d833bff4e58,P4-05 Fixture Product,,,True,0.000,0.000,OutOfStock
1373,p4_05_fixture_sku_f7250ebe54a443a8,P4-05 Fixture Product,,,True,9.000,0.000,Normal
1374,p4_05_fixture_sku_dd67beb61fdb4e93,P4-05 Fixture Product,,,True,10.000,0.000,Normal
1375,p4_05_fixture_sku_80b45fd97f224130,P4-05 Fixture Product,,,True,15.000,0.000,Normal
1376,p4_05_fixture_sku_1840d6df476740dc,P4-05 Fixture Product,,,True,10.000,0.000,Normal
1377,p4_05_fixture_sku_9dd4ccb0d6264ba5,P4-05 Fixture Product,,,True,5.000,0.000,Normal
1378,p4_05_fixture_sku_f3c5a3b75e6048d4,P4-05 Fixture Product,,,True,8.000,0.000,Normal
1379,p4_05_fixture_sku_cf9586512ab34d7d,P4-05 Fixture Product,,,True,0.000,0.000,OutOfStock
1380,p4_05_fixture_sku_451bf1487af34052,P4-05 Fixture Product,,,True,5.000,0.000,Normal
1381,p4_05_fixture_sku_6dae8a57f7a24ec8,P4-05 Fixture Product,,,True,1.000,0.000,Normal
1382,p4_05_fixture_sku_9005de1508234e56,P4-05 Fixture Product,,,True,0.000,0.000,OutOfStock
1383,p4_05_fixture_sku_1fed1c22b2164f68,P4-05 Fixture Product,,,True,0.000,0.000,OutOfStock
1384,p4_05_fixture_sku_e72e13c8a198469a,P4-05 Fixture Product,,,True,0.000,0.000,OutOfStock
1385,p4_05_fixture_sku_59fb228e16e94f09,P4-05 Fixture Product,,,True,5.000,0.000,Normal
1386,p4_05_fixture_sku_aa549530d86f4f26,P4-05 Fixture Product,,,True,4.000,0.000,Normal
1387,p4_05_fixture_sku_020683e3f6de465d,P4-05 Fixture Product,,,True,10.000,0.000,Normal
1388,p4_05_fixture_sku_70de106aa5cd445b,P4-05 Fixture Product,,,True,0.000,0.000,OutOfStock
1389,p4_05_fixture_sku_9bd96d3390cd46dd,P4-05 Fixture Product,,,True,0.000,0.000,OutOfStock
1390,p4_05_fixture_sku_709c96a36b5f4a03,P4-05 Fixture Product,,,True,10.000,0.000,Normal
1391,p4_05_fixture_sku_b4315347a102453d,P4-05 Fixture Product,,,True,5.000,0.000,Normal
1392,p4_05_fixture_sku_500d4b70b5b94267,P4-05 Fixture Product,,,True,8.000,0.000,Normal
1393,p4_05_fixture_sku_df14ec217fd84f17,P4-05 Fixture Product,,,True,4.000,0.000,Normal
1394,p4_05_fixture_sku_7243b453f3214655,P4-05 Fixture Product,,,True,5.000,0.000,Normal
1395,p4_05_fixture_sku_379f589b87b447c0,P4-05 Fixture Product,,,True,3.000,0.000,Normal
1396,p4_05_fixture_sku_cfb2794ac883419c,P4-05 Fixture Product,,,True,5.000,0.000,Normal
1397,p4_05_fixture_sku_c28561153ed0430c,P4-05 Fixture Product,,,True,6.000,0.000,Normal
1398,p4_05_fixture_sku_47fdaf2068ef428d,P4-05 Fixture Product,,,True,0.000,0.000,OutOfStock
1399,p4_05_fixture_sku_1e23fe3d625b4311,P4-05 Fixture Product,,,True,9.000,0.000,Normal
1400,p4_05_fixture_sku_0bcf196dba3b44c8,P4-05 Fixture Product,,,True,10.000,0.000,Normal
1401,p4_05_fixture_sku_ef0636608a5145cd,P4-05 Fixture Product,,,True,15.000,0.000,Normal
1402,p4_05_fixture_sku_4d6d3dfe04ce4017,P4-05 Fixture Product,,,True,10.000,0.000,Normal
1403,p4_05_fixture_sku_bdc18baeff3f4692,P4-05 Fixture Product,,,True,5.000,0.000,Normal
1404,p4_05_fixture_sku_d66a8ef272244239,P4-05 Fixture Product,,,True,8.000,0.000,Normal
1405,p4_05_fixture_sku_391ce20e729a4428,P4-05 Fixture Product,,,True,0.000,0.000,OutOfStock
1406,p4_05_fixture_sku_dab13ce9d0b64938,P4-05 Fixture Product,,,True,5.000,0.000,Normal
1407,p4_05_fixture_sku_7fb3f62a70124c73,P4-05 Fixture Product,,,True,1.000,0.000,Normal
1408,p4_05_fixture_sku_1cf95ac29521440f,P4-05 Fixture Product,,,True,0.000,0.000,OutOfStock
1409,p4_05_fixture_sku_721b662832b34d2b,P4-05 Fixture Product,,,True,0.000,0.000,OutOfStock
1410,p4_05_fixture_sku_d8d1e6dbd0f74084,P4-05 Fixture Product,,,True,0.000,0.000,OutOfStock
1411,p4_05_fixture_sku_5405caa0a8d545a6,P4-05 Fixture Product,,,True,5.000,0.000,Normal
1412,p4_05_fixture_sku_d31ac5c00a014469,P4-05 Fixture Product,,,True,4.000,0.000,Normal
1413,p4_05_fixture_sku_c601991a846d43cd,P4-05 Fixture Product,,,True,10.000,0.000,Normal
1414,p4_05_fixture_sku_b1b4872465154673,P4-05 Fixture Product,,,True,0.000,0.000,OutOfStock
1415,p4_05_fixture_sku_bd69f65966be4945,P4-05 Fixture Product,,,True,0.000,0.000,OutOfStock
1458,p4_05_fixture_sku_b4ddd3725e654904,P4-05 Fixture Product,,,True,10.000,0.000,Normal
1459,p4_05_fixture_sku_77c709f366124acf,P4-05 Fixture Product,,,True,5.000,0.000,Normal
1460,p4_05_fixture_sku_ce1981dbedac4c02,P4-05 Fixture Product,,,True,8.000,0.000,Normal
1461,p4_05_fixture_sku_b0bcb79a76764221,P4-05 Fixture Product,,,True,4.000,0.000,Normal
1462,p4_05_fixture_sku_655b0d689b4a4d33,P4-05 Fixture Product,,,True,5.000,0.000,Normal
1463,p4_05_fixture_sku_be5123ddd7414134,P4-05 Fixture Product,,,True,3.000,0.000,Normal
1464,p4_05_fixture_sku_3d097269796e40de,P4-05 Fixture Product,,,True,5.000,0.000,Normal
1465,p4_05_fixture_sku_44ade9e3724547f7,P4-05 Fixture Product,,,True,6.000,0.000,Normal
1466,p4_05_fixture_sku_3e6f6794399241fb,P4-05 Fixture Product,,,True,0.000,0.000,OutOfStock
1467,p4_05_fixture_sku_ab9b62a0d9984e5b,P4-05 Fixture Product,,,True,9.000,0.000,Normal
1468,p4_05_fixture_sku_30435e94b8924e3a,P4-05 Fixture Product,,,True,10.000,0.000,Normal
1469,p4_05_fixture_sku_6f7db367f44a4b9f,P4-05 Fixture Product,,,True,15.000,0.000,Normal
1470,p4_05_fixture_sku_ef9d9348ef764b11,P4-05 Fixture Product,,,True,10.000,0.000,Normal
1471,p4_05_fixture_sku_cb4dda77561a4e97,P4-05 Fixture Product,,,True,5.000,0.000,Normal
1472,p4_05_fixture_sku_ddb6180288bc44eb,P4-05 Fixture Product,,,True,8.000,0.000,Normal
1473,p4_05_fixture_sku_d2aecb8b3561417f,P4-05 Fixture Product,,,True,0.000,0.000,OutOfStock
1474,p4_05_fixture_sku_1fd28bde32d44337,P4-05 Fixture Product,,,True,5.000,0.000,Normal
1475,p4_05_fixture_sku_51a55faec73c49c9,P4-05 Fixture Product,,,True,1.000,0.000,Normal
1476,p4_05_fixture_sku_9293205c679d4cd0,P4-05 Fixture Product,,,True,0.000,0.000,OutOfStock
1477,p4_05_fixture_sku_af77dc16c59d4838,P4-05 Fixture Product,,,True,0.000,0.000,OutOfStock
1478,p4_05_fixture_sku_4ae4883982514765,P4-05 Fixture Product,,,True,0.000,0.000,OutOfStock
1479,p4_05_fixture_sku_776cc540e5a34336,P4-05 Fixture Product,,,True,5.000,0.000,Normal
1480,p4_05_fixture_sku_749dbbb4263b47cd,P4-05 Fixture Product,,,True,4.000,0.000,Normal
1481,p4_05_fixture_sku_50232e95da8e4947,P4-05 Fixture Product,,,True,10.000,0.000,Normal
1482,p4_05_fixture_sku_64b8070d49c348d9,P4-05 Fixture Product,,,True,0.000,0.000,OutOfStock
1483,p4_05_fixture_sku_ab36de96260448ad,P4-05 Fixture Product,,,True,0.000,0.000,OutOfStock
1581,p4_05_fixture_sku_e5934efaaff24adc,P4-05 Fixture Product,,,True,10.000,0.000,Normal
1582,p4_05_fixture_sku_a3221a9217cf4d87,P4-05 Fixture Product,,,True,5.000,0.000,Normal
1583,p4_05_fixture_sku_d2087b79304b4a31,P4-05 Fixture Product,,,True,8.000,0.000,Normal
1584,p4_05_fixture_sku_226dcf034613484f,P4-05 Fixture Product,,,True,4.000,0.000,Normal
1585,p4_05_fixture_sku_c2959cfe67524c63,P4-05 Fixture Product,,,True,5.000,0.000,Normal
1586,p4_05_fixture_sku_5c34e0ed1abe4a31,P4-05 Fixture Product,,,True,3.000,0.000,Normal
1587,p4_05_fixture_sku_e00878d4ce044c13,P4-05 Fixture Product,,,True,5.000,0.000,Normal
1588,p4_05_fixture_sku_79f369c3c14f4a4a,P4-05 Fixture Product,,,True,6.000,0.000,Normal
1589,p4_05_fixture_sku_d02a737fc2284d56,P4-05 Fixture Product,,,True,0.000,0.000,OutOfStock
1590,p4_05_fixture_sku_d4834042c8af4cd5,P4-05 Fixture Product,,,True,9.000,0.000,Normal
1591,p4_05_fixture_sku_50328a30b86143a0,P4-05 Fixture Product,,,True,10.000,0.000,Normal
1592,p4_05_fixture_sku_19cabd257b134fe9,P4-05 Fixture Product,,,True,15.000,0.000,Normal
1593,p4_05_fixture_sku_4826b62acc6e46b9,P4-05 Fixture Product,,,True,10.000,0.000,Normal
1594,p4_05_fixture_sku_b757e26598ab43fb,P4-05 Fixture Product,,,True,5.000,0.000,Normal
1595,p4_05_fixture_sku_570d398c34c245aa,P4-05 Fixture Product,,,True,8.000,0.000,Normal
1596,p4_05_fixture_sku_dd9fe4dce8c149f0,P4-05 Fixture Product,,,True,0.000,0.000,OutOfStock
1597,p4_05_fixture_sku_bb6186dd44094cb5,P4-05 Fixture Product,,,True,5.000,0.000,Normal
1598,p4_05_fixture_sku_e6f3544c67df419b,P4-05 Fixture Product,,,True,1.000,0.000,Normal
1599,p4_05_fixture_sku_f9f43cf3813c4464,P4-05 Fixture Product,,,True,0.000,0.000,OutOfStock
1600,p4_05_fixture_sku_de912da13a1a4e5e,P4-05 Fixture Product,,,True,0.000,0.000,OutOfStock
1601,p4_05_fixture_sku_b6ae1cd5da044e79,P4-05 Fixture Product,,,True,0.000,0.000,OutOfStock
1602,p4_05_fixture_sku_9236faf65ba84ef8,P4-05 Fixture Product,,,True,5.000,0.000,Normal
1603,p4_05_fixture_sku_1d3f677d27b64882,P4-05 Fixture Product,,,True,4.000,0.000,Normal
1604,p4_05_fixture_sku_b8f1470940414921,P4-05 Fixture Product,,,True,10.000,0.000,Normal
1605,p4_05_fixture_sku_441b1b04b47d4759,P4-05 Fixture Product,,,True,0.000,0.000,OutOfStock
1606,p4_05_fixture_sku_b9f5e080b9f34583,P4-05 Fixture Product,,,True,0.000,0.000,OutOfStock
1686,p4_05_fixture_sku_e66f2a7e271543aa,P4-05 Fixture Product,,,True,10.000,0.000,Normal
1687,p4_05_fixture_sku_cb9b9c6180ac4fca,P4-05 Fixture Product,,,True,5.000,0.000,Normal
1688,p4_05_fixture_sku_39612eb016b745fc,P4-05 Fixture Product,,,True,8.000,0.000,Normal
1689,p4_05_fixture_sku_ab027ebe05e148c8,P4-05 Fixture Product,,,True,4.000,0.000,Normal
1690,p4_05_fixture_sku_b8b769b484f4432a,P4-05 Fixture Product,,,True,5.000,0.000,Normal
1691,p4_05_fixture_sku_df22f7a281414922,P4-05 Fixture Product,,,True,3.000,0.000,Normal
1692,p4_05_fixture_sku_1955da442a7340ea,P4-05 Fixture Product,,,True,5.000,0.000,Normal
1693,p4_05_fixture_sku_03d2690003094468,P4-05 Fixture Product,,,True,6.000,0.000,Normal
1694,p4_05_fixture_sku_1572391ab45640cb,P4-05 Fixture Product,,,True,0.000,0.000,OutOfStock
1695,p4_05_fixture_sku_b1cec0557b3e43ae,P4-05 Fixture Product,,,True,9.000,0.000,Normal
1696,p4_05_fixture_sku_6ce2d894aa0b4191,P4-05 Fixture Product,,,True,10.000,0.000,Normal
1697,p4_05_fixture_sku_e88bdc3dfceb4149,P4-05 Fixture Product,,,True,15.000,0.000,Normal
1698,p4_05_fixture_sku_a87a063889f9494d,P4-05 Fixture Product,,,True,10.000,0.000,Normal
1699,p4_05_fixture_sku_0bb6c0b386754485,P4-05 Fixture Product,,,True,5.000,0.000,Normal
1700,p4_05_fixture_sku_5e58d7d872d04b39,P4-05 Fixture Product,,,True,8.000,0.000,Normal
1701,p4_05_fixture_sku_1d49af6dc326486a,P4-05 Fixture Product,,,True,0.000,0.000,OutOfStock
1702,p4_05_fixture_sku_b2ca7989918b4c54,P4-05 Fixture Product,,,True,5.000,0.000,Normal
1703,p4_05_fixture_sku_21438260a3a045b5,P4-05 Fixture Product,,,True,1.000,0.000,Normal
1704,p4_05_fixture_sku_49591c793fac4e33,P4-05 Fixture Product,,,True,0.000,0.000,OutOfStock
1705,p4_05_fixture_sku_263eb5684ff44e30,P4-05 Fixture Product,,,True,0.000,0.000,OutOfStock
1706,p4_05_fixture_sku_8f26ed196b804403,P4-05 Fixture Product,,,True,0.000,0.000,OutOfStock
1707,p4_05_fixture_sku_07c79d0e7f6e4976,P4-05 Fixture Product,,,True,5.000,0.000,Normal
1708,p4_05_fixture_sku_6fc1908285844100,P4-05 Fixture Product,,,True,4.000,0.000,Normal
1709,p4_05_fixture_sku_6965e8c511c14768,P4-05 Fixture Product,,,True,10.000,0.000,Normal
1710,p4_05_fixture_sku_525d750dc69b4095,P4-05 Fixture Product,,,True,0.000,0.000,OutOfStock
1711,p4_05_fixture_sku_a46b33f1a40044aa,P4-05 Fixture Product,,,True,0.000,0.000,OutOfStock
1816,p4_05_fixture_sku_9039dd2bfe4a497f,P4-05 Fixture Product,,,True,10.000,0.000,Normal
1817,p4_05_fixture_sku_a67af8fd27b14258,P4-05 Fixture Product,,,True,5.000,0.000,Normal
1818,p4_05_fixture_sku_9bd62b8160a14c9c,P4-05 Fixture Product,,,True,8.000,0.000,Normal
1819,p4_05_fixture_sku_83e2b2d783c54970,P4-05 Fixture Product,,,True,4.000,0.000,Normal
1820,p4_05_fixture_sku_3fa1fd258ab94148,P4-05 Fixture Product,,,True,5.000,0.000,Normal
1821,p4_05_fixture_sku_b9262d6881e84aea,P4-05 Fixture Product,,,True,3.000,0.000,Normal
1822,p4_05_fixture_sku_25bae432991c4fc0,P4-05 Fixture Product,,,True,5.000,0.000,Normal
1823,p4_05_fixture_sku_e32fc25c527b4ebe,P4-05 Fixture Product,,,True,6.000,0.000,Normal
1824,p4_05_fixture_sku_e67314b5a9e24815,P4-05 Fixture Product,,,True,0.000,0.000,OutOfStock
1825,p4_05_fixture_sku_942a4726bac74282,P4-05 Fixture Product,,,True,9.000,0.000,Normal
1826,p4_05_fixture_sku_3d1edc17bf464f9f,P4-05 Fixture Product,,,True,10.000,0.000,Normal
1827,p4_05_fixture_sku_77f3171219d14db8,P4-05 Fixture Product,,,True,15.000,0.000,Normal
1828,p4_05_fixture_sku_24c4b37b348e46bf,P4-05 Fixture Product,,,True,10.000,0.000,Normal
1829,p4_05_fixture_sku_c00152941dbf469e,P4-05 Fixture Product,,,True,5.000,0.000,Normal
1830,p4_05_fixture_sku_22041c3b5aa64ccf,P4-05 Fixture Product,,,True,8.000,0.000,Normal
1831,p4_05_fixture_sku_b4940c51d68e469b,P4-05 Fixture Product,,,True,0.000,0.000,OutOfStock
1832,p4_05_fixture_sku_44bf7343e4784cd3,P4-05 Fixture Product,,,True,5.000,0.000,Normal
1833,p4_05_fixture_sku_b9349217cf2c4b41,P4-05 Fixture Product,,,True,1.000,0.000,Normal
1834,p4_05_fixture_sku_d107eacfc20c4c26,P4-05 Fixture Product,,,True,0.000,0.000,OutOfStock
1835,p4_05_fixture_sku_b56bb34ca997455e,P4-05 Fixture Product,,,True,0.000,0.000,OutOfStock
1836,p4_05_fixture_sku_df11685b837246ac,P4-05 Fixture Product,,,True,0.000,0.000,OutOfStock
1837,p4_05_fixture_sku_ae84073d648048fb,P4-05 Fixture Product,,,True,5.000,0.000,Normal
1838,p4_05_fixture_sku_a001325a01ae4441,P4-05 Fixture Product,,,True,4.000,0.000,Normal
1839,p4_05_fixture_sku_e671fbda681642f4,P4-05 Fixture Product,,,True,10.000,0.000,Normal
1840,p4_05_fixture_sku_6754acd80f3e4501,P4-05 Fixture Product,,,True,0.000,0.000,OutOfStock
1841,p4_05_fixture_sku_0d5d1942662b4a52,P4-05 Fixture Product,,,True,0.000,0.000,OutOfStock
1946,p4_05_fixture_sku_58117e6b3d83433c,P4-05 Fixture Product,,,True,10.000,0.000,Normal
1947,p4_05_fixture_sku_987adfac72ad4f2c,P4-05 Fixture Product,,,True,5.000,0.000,Normal
1948,p4_05_fixture_sku_81bc27f31ed94aa6,P4-05 Fixture Product,,,True,8.000,0.000,Normal
1949,p4_05_fixture_sku_7e7f4b80f40c4aab,P4-05 Fixture Product,,,True,4.000,0.000,Normal
1950,p4_05_fixture_sku_672d4fa907ca4d94,P4-05 Fixture Product,,,True,5.000,0.000,Normal
1951,p4_05_fixture_sku_1276d11a675d4ff3,P4-05 Fixture Product,,,True,3.000,0.000,Normal
1952,p4_05_fixture_sku_f4823bb92824438c,P4-05 Fixture Product,,,True,5.000,0.000,Normal
1953,p4_05_fixture_sku_0e4fe8d1bc0341c3,P4-05 Fixture Product,,,True,6.000,0.000,Normal
1954,p4_05_fixture_sku_6ca1f62bbbdb43ee,P4-05 Fixture Product,,,True,0.000,0.000,OutOfStock
1955,p4_05_fixture_sku_1203c5c2a1844fcf,P4-05 Fixture Product,,,True,9.000,0.000,Normal
1956,p4_05_fixture_sku_b832a50c44504f9e,P4-05 Fixture Product,,,True,10.000,0.000,Normal
1957,p4_05_fixture_sku_a991f331b0234f3e,P4-05 Fixture Product,,,True,15.000,0.000,Normal
1958,p4_05_fixture_sku_8168605b4b814605,P4-05 Fixture Product,,,True,10.000,0.000,Normal
1959,p4_05_fixture_sku_48d5a0fa38544edb,P4-05 Fixture Product,,,True,5.000,0.000,Normal
1960,p4_05_fixture_sku_71a11c879d1d41b1,P4-05 Fixture Product,,,True,8.000,0.000,Normal
1961,p4_05_fixture_sku_91e11c742eae48f0,P4-05 Fixture Product,,,True,0.000,0.000,OutOfStock
1962,p4_05_fixture_sku_6cac9c0193bc4e4a,P4-05 Fixture Product,,,True,5.000,0.000,Normal
1963,p4_05_fixture_sku_a2597fbd33f34b67,P4-05 Fixture Product,,,True,1.000,0.000,Normal
1964,p4_05_fixture_sku_34b9857f4f9c4d68,P4-05 Fixture Product,,,True,0.000,0.000,OutOfStock
1965,p4_05_fixture_sku_1d6b0cd365bb4b52,P4-05 Fixture Product,,,True,0.000,0.000,OutOfStock
1966,p4_05_fixture_sku_d3b9eba0f2f14fc7,P4-05 Fixture Product,,,True,0.000,0.000,OutOfStock
1967,p4_05_fixture_sku_f7407e7362964ca3,P4-05 Fixture Product,,,True,5.000,0.000,Normal
1968,p4_05_fixture_sku_43f8006877864172,P4-05 Fixture Product,,,True,4.000,0.000,Normal
1969,p4_05_fixture_sku_f1c6770dfe3f49c7,P4-05 Fixture Product,,,True,10.000,0.000,Normal
1970,p4_05_fixture_sku_c72ef860905b4317,P4-05 Fixture Product,,,True,0.000,0.000,OutOfStock
1971,p4_05_fixture_sku_8b819ca4ab7d421f,P4-05 Fixture Product,,,True,0.000,0.000,OutOfStock
2076,p4_05_fixture_sku_19d8fbbebc85481a,P4-05 Fixture Product,,,True,10.000,0.000,Normal
2077,p4_05_fixture_sku_7fc729e418c84dce,P4-05 Fixture Product,,,True,5.000,0.000,Normal
2078,p4_05_fixture_sku_84390640b60a4203,P4-05 Fixture Product,,,True,8.000,0.000,Normal
2079,p4_05_fixture_sku_41a3abef20ae4a21,P4-05 Fixture Product,,,True,4.000,0.000,Normal
2080,p4_05_fixture_sku_79d37cdc4fc9462d,P4-05 Fixture Product,,,True,5.000,0.000,Normal
2081,p4_05_fixture_sku_66107221f1dc44f7,P4-05 Fixture Product,,,True,3.000,0.000,Normal
2082,p4_05_fixture_sku_fcf907f51b3d4047,P4-05 Fixture Product,,,True,5.000,0.000,Normal
2083,p4_05_fixture_sku_47978444f6ca4143,P4-05 Fixture Product,,,True,6.000,0.000,Normal
2084,p4_05_fixture_sku_dec32ab85d75470a,P4-05 Fixture Product,,,True,0.000,0.000,OutOfStock
2085,p4_05_fixture_sku_dba37afd444c4400,P4-05 Fixture Product,,,True,9.000,0.000,Normal
2086,p4_05_fixture_sku_3889c183d8744685,P4-05 Fixture Product,,,True,10.000,0.000,Normal
2087,p4_05_fixture_sku_d348b6a0f39a49a3,P4-05 Fixture Product,,,True,15.000,0.000,Normal
2088,p4_05_fixture_sku_6f786c50fa8a48a6,P4-05 Fixture Product,,,True,10.000,0.000,Normal
2089,p4_05_fixture_sku_5ed84bb8f29f4e54,P4-05 Fixture Product,,,True,5.000,0.000,Normal
2090,p4_05_fixture_sku_bca29f60e0294807,P4-05 Fixture Product,,,True,8.000,0.000,Normal
2091,p4_05_fixture_sku_c258d30398124789,P4-05 Fixture Product,,,True,0.000,0.000,OutOfStock
2092,p4_05_fixture_sku_579c8c59ae144c82,P4-05 Fixture Product,,,True,5.000,0.000,Normal
2093,p4_05_fixture_sku_7f297990ebfa4236,P4-05 Fixture Product,,,True,1.000,0.000,Normal
2094,p4_05_fixture_sku_e40518e35b58462b,P4-05 Fixture Product,,,True,0.000,0.000,OutOfStock
2095,p4_05_fixture_sku_8bcad7432bcb41f0,P4-05 Fixture Product,,,True,0.000,0.000,OutOfStock
2096,p4_05_fixture_sku_ea3c88492df945aa,P4-05 Fixture Product,,,True,0.000,0.000,OutOfStock
2097,p4_05_fixture_sku_fe6d82d9c96b49b1,P4-05 Fixture Product,,,True,5.000,0.000,Normal
2098,p4_05_fixture_sku_7c15eabc33e84854,P4-05 Fixture Product,,,True,4.000,0.000,Normal
2099,p4_05_fixture_sku_f87fa52756ff45dc,P4-05 Fixture Product,,,True,10.000,0.000,Normal
2100,p4_05_fixture_sku_c7a112cc316a43fb,P4-05 Fixture Product,,,True,0.000,0.000,OutOfStock
2101,p4_05_fixture_sku_db6af343da3f459c,P4-05 Fixture Product,,,True,0.000,0.000,OutOfStock
2258,p4_05_fixture_sku_d65707e5b2494dde,P4-05 Fixture Product,,,True,10.000,0.000,Normal
2259,p4_05_fixture_sku_e8301c5a91684d88,P4-05 Fixture Product,,,True,5.000,0.000,Normal
2260,p4_05_fixture_sku_b69d2bb7b18f405d,P4-05 Fixture Product,,,True,8.000,0.000,Normal
2261,p4_05_fixture_sku_7c7a5e2a4a98470b,P4-05 Fixture Product,,,True,4.000,0.000,Normal
2262,p4_05_fixture_sku_c918f1a8c4dc4435,P4-05 Fixture Product,,,True,5.000,0.000,Normal
2263,p4_05_fixture_sku_2f831944431b40c4,P4-05 Fixture Product,,,True,3.000,0.000,Normal
2264,p4_05_fixture_sku_f64325fdeec24d7f,P4-05 Fixture Product,,,True,5.000,0.000,Normal
2265,p4_05_fixture_sku_4c935e41f082406f,P4-05 Fixture Product,,,True,6.000,0.000,Normal
2266,p4_05_fixture_sku_b3cb5fd82cf2468b,P4-05 Fixture Product,,,True,0.000,0.000,OutOfStock
2267,p4_05_fixture_sku_4a894905d8244cc1,P4-05 Fixture Product,,,True,9.000,0.000,Normal
2268,p4_05_fixture_sku_9aa89b725b7f4222,P4-05 Fixture Product,,,True,10.000,0.000,Normal
2269,p4_05_fixture_sku_452bc491f3cd4ce0,P4-05 Fixture Product,,,True,15.000,0.000,Normal
2270,p4_05_fixture_sku_355e48e400394e86,P4-05 Fixture Product,,,True,10.000,0.000,Normal
2271,p4_05_fixture_sku_fc6288bb9c974a18,P4-05 Fixture Product,,,True,5.000,0.000,Normal
2272,p4_05_fixture_sku_c258510c82364545,P4-05 Fixture Product,,,True,8.000,0.000,Normal
2273,p4_05_fixture_sku_053f214782904790,P4-05 Fixture Product,,,True,0.000,0.000,OutOfStock
2274,p4_05_fixture_sku_ce9d448949a448d2,P4-05 Fixture Product,,,True,5.000,0.000,Normal
2275,p4_05_fixture_sku_46765dfa5ca64f37,P4-05 Fixture Product,,,True,1.000,0.000,Normal
2276,p4_05_fixture_sku_4d5159f154f74727,P4-05 Fixture Product,,,True,0.000,0.000,OutOfStock
2277,p4_05_fixture_sku_7139675071ab43f0,P4-05 Fixture Product,,,True,0.000,0.000,OutOfStock
2278,p4_05_fixture_sku_a54c68b1815b4b2f,P4-05 Fixture Product,,,True,0.000,0.000,OutOfStock
2279,p4_05_fixture_sku_cee39d7439bf46d8,P4-05 Fixture Product,,,True,5.000,0.000,Normal
2280,p4_05_fixture_sku_8bc05669615c464d,P4-05 Fixture Product,,,True,4.000,0.000,Normal
2281,p4_05_fixture_sku_4bbf443b1f87446d,P4-05 Fixture Product,,,True,10.000,0.000,Normal
2282,p4_05_fixture_sku_a45feacb032040e7,P4-05 Fixture Product,,,True,0.000,0.000,OutOfStock
2283,p4_05_fixture_sku_da4cfbeb721d41ed,P4-05 Fixture Product,,,True,0.000,0.000,OutOfStock
2399,p4_05_fixture_sku_f0138ce2a0144dfe,P4-05 Fixture Product,,,True,10.000,0.000,Normal
2400,p4_05_fixture_sku_7dc3a5c412964a14,P4-05 Fixture Product,,,True,5.000,0.000,Normal
2401,p4_05_fixture_sku_5ede178084574eb9,P4-05 Fixture Product,,,True,8.000,0.000,Normal
2402,p4_05_fixture_sku_e4bd8ade92204d8c,P4-05 Fixture Product,,,True,4.000,0.000,Normal
2403,p4_05_fixture_sku_6ce9bf729cec48ab,P4-05 Fixture Product,,,True,5.000,0.000,Normal
2404,p4_05_fixture_sku_02b30f65c9114720,P4-05 Fixture Product,,,True,3.000,0.000,Normal
2405,p4_05_fixture_sku_27211993759d4a63,P4-05 Fixture Product,,,True,5.000,0.000,Normal
2406,p4_05_fixture_sku_b0e404b38ed64e9e,P4-05 Fixture Product,,,True,6.000,0.000,Normal
2407,p4_05_fixture_sku_14246760a0874a38,P4-05 Fixture Product,,,True,0.000,0.000,OutOfStock
2408,p4_05_fixture_sku_5ed6a9e76a0e48b5,P4-05 Fixture Product,,,True,9.000,0.000,Normal
2409,p4_05_fixture_sku_6c44196537a240e6,P4-05 Fixture Product,,,True,10.000,0.000,Normal
2410,p4_05_fixture_sku_b4864679903d4163,P4-05 Fixture Product,,,True,15.000,0.000,Normal
2411,p4_05_fixture_sku_d0b53483ecaa4d25,P4-05 Fixture Product,,,True,10.000,0.000,Normal
2412,p4_05_fixture_sku_5f6229ccb8184cd3,P4-05 Fixture Product,,,True,5.000,0.000,Normal
2413,p4_05_fixture_sku_5a93d6fd91c74b75,P4-05 Fixture Product,,,True,8.000,0.000,Normal
2414,p4_05_fixture_sku_16a357b4de2a4694,P4-05 Fixture Product,,,True,0.000,0.000,OutOfStock
2415,p4_05_fixture_sku_eb368619710e462f,P4-05 Fixture Product,,,True,5.000,0.000,Normal
2416,p4_05_fixture_sku_0faad488467c493a,P4-05 Fixture Product,,,True,1.000,0.000,Normal
2417,p4_05_fixture_sku_6f12ec4c037b41d1,P4-05 Fixture Product,,,True,0.000,0.000,OutOfStock
2418,p4_05_fixture_sku_45b06cc3556f4c83,P4-05 Fixture Product,,,True,0.000,0.000,OutOfStock
2419,p4_05_fixture_sku_158ae075a2ce4029,P4-05 Fixture Product,,,True,0.000,0.000,OutOfStock
2420,p4_05_fixture_sku_d6018d7147f841a5,P4-05 Fixture Product,,,True,5.000,0.000,Normal
2421,p4_05_fixture_sku_2ceed4a9da114311,P4-05 Fixture Product,,,True,4.000,0.000,Normal
2422,p4_05_fixture_sku_cfa09a7355874a09,P4-05 Fixture Product,,,True,10.000,0.000,Normal
2423,p4_05_fixture_sku_7eaad57c844b4689,P4-05 Fixture Product,,,True,0.000,0.000,OutOfStock
2424,p4_05_fixture_sku_cab3083e902c4f7e,P4-05 Fixture Product,,,True,0.000,0.000,OutOfStock
2540,p4_05_fixture_sku_323e518ab5b34807,P4-05 Fixture Product,,,True,10.000,0.000,Normal
2541,p4_05_fixture_sku_bd8ff257e1d2481b,P4-05 Fixture Product,,,True,5.000,0.000,Normal
2542,p4_05_fixture_sku_239c54849cb74007,P4-05 Fixture Product,,,True,8.000,0.000,Normal
2543,p4_05_fixture_sku_4472fd16356b4596,P4-05 Fixture Product,,,True,4.000,0.000,Normal
2544,p4_05_fixture_sku_0f14f0d20d314311,P4-05 Fixture Product,,,True,5.000,0.000,Normal
2545,p4_05_fixture_sku_5ec0d3d1fe5a465c,P4-05 Fixture Product,,,True,3.000,0.000,Normal
2546,p4_05_fixture_sku_d3d862a88d35406c,P4-05 Fixture Product,,,True,5.000,0.000,Normal
2547,p4_05_fixture_sku_881e698e803842ba,P4-05 Fixture Product,,,True,6.000,0.000,Normal
2548,p4_05_fixture_sku_35454d035ace4987,P4-05 Fixture Product,,,True,0.000,0.000,OutOfStock
2549,p4_05_fixture_sku_4879d61003de4b82,P4-05 Fixture Product,,,True,9.000,0.000,Normal
2550,p4_05_fixture_sku_21eb57b1789343f6,P4-05 Fixture Product,,,True,10.000,0.000,Normal
2551,p4_05_fixture_sku_830af441c64042fe,P4-05 Fixture Product,,,True,15.000,0.000,Normal
2552,p4_05_fixture_sku_75acf315bb1542a1,P4-05 Fixture Product,,,True,10.000,0.000,Normal
2553,p4_05_fixture_sku_0e1a0f60a8994900,P4-05 Fixture Product,,,True,5.000,0.000,Normal
2554,p4_05_fixture_sku_9b7d244c475e4a88,P4-05 Fixture Product,,,True,8.000,0.000,Normal
2555,p4_05_fixture_sku_8be32095a8cb44e1,P4-05 Fixture Product,,,True,0.000,0.000,OutOfStock
2556,p4_05_fixture_sku_17816026a47e4bcf,P4-05 Fixture Product,,,True,5.000,0.000,Normal
2557,p4_05_fixture_sku_8d538c8c5e0041a2,P4-05 Fixture Product,,,True,1.000,0.000,Normal
2558,p4_05_fixture_sku_9242e9fbacc440ba,P4-05 Fixture Product,,,True,0.000,0.000,OutOfStock
2559,p4_05_fixture_sku_92a8fe4f4c194aef,P4-05 Fixture Product,,,True,0.000,0.000,OutOfStock
2560,p4_05_fixture_sku_d0fa801850e7427c,P4-05 Fixture Product,,,True,0.000,0.000,OutOfStock
2561,p4_05_fixture_sku_4b4e4f3c30ac4a2f,P4-05 Fixture Product,,,True,5.000,0.000,Normal
2562,p4_05_fixture_sku_e0b99cfe3fe04119,P4-05 Fixture Product,,,True,4.000,0.000,Normal
2563,p4_05_fixture_sku_8b1fd98649cd4149,P4-05 Fixture Product,,,True,10.000,0.000,Normal
2564,p4_05_fixture_sku_54a00f255e5849bc,P4-05 Fixture Product,,,True,0.000,0.000,OutOfStock
2565,p4_05_fixture_sku_798a7ff765a24773,P4-05 Fixture Product,,,True,0.000,0.000,OutOfStock
2681,p4_05_fixture_sku_9f505886214344fc,P4-05 Fixture Product,,,True,10.000,0.000,Normal
2682,p4_05_fixture_sku_8a666d1e86f2450b,P4-05 Fixture Product,,,True,5.000,0.000,Normal
2683,p4_05_fixture_sku_3b837e392202474c,P4-05 Fixture Product,,,True,8.000,0.000,Normal
2684,p4_05_fixture_sku_8c450d05f5304611,P4-05 Fixture Product,,,True,4.000,0.000,Normal
2685,p4_05_fixture_sku_bcf5033aa2614313,P4-05 Fixture Product,,,True,5.000,0.000,Normal
2686,p4_05_fixture_sku_59962bc9231f4c22,P4-05 Fixture Product,,,True,3.000,0.000,Normal
2687,p4_05_fixture_sku_65c8a95a5fb44742,P4-05 Fixture Product,,,True,5.000,0.000,Normal
2688,p4_05_fixture_sku_2e029ab778f94b00,P4-05 Fixture Product,,,True,6.000,0.000,Normal
2689,p4_05_fixture_sku_b5bb5a6bfb5e41fd,P4-05 Fixture Product,,,True,0.000,0.000,OutOfStock
2690,p4_05_fixture_sku_48e414924ddb4400,P4-05 Fixture Product,,,True,9.000,0.000,Normal
2691,p4_05_fixture_sku_4b94b683193a40c6,P4-05 Fixture Product,,,True,10.000,0.000,Normal
2692,p4_05_fixture_sku_62a9a50ef5634bf1,P4-05 Fixture Product,,,True,15.000,0.000,Normal
2693,p4_05_fixture_sku_84ce3a717fae49b6,P4-05 Fixture Product,,,True,10.000,0.000,Normal
2694,p4_05_fixture_sku_2a948c625ab74218,P4-05 Fixture Product,,,True,5.000,0.000,Normal
2695,p4_05_fixture_sku_c2e3a6a8acd54486,P4-05 Fixture Product,,,True,8.000,0.000,Normal
2696,p4_05_fixture_sku_1b450471b51e46e4,P4-05 Fixture Product,,,True,0.000,0.000,OutOfStock
2697,p4_05_fixture_sku_be5b936c4b1147dc,P4-05 Fixture Product,,,True,5.000,0.000,Normal
2698,p4_05_fixture_sku_582529b72da94e9e,P4-05 Fixture Product,,,True,1.000,0.000,Normal
2699,p4_05_fixture_sku_9fe37e0e30ca42bc,P4-05 Fixture Product,,,True,0.000,0.000,OutOfStock
2700,p4_05_fixture_sku_ca269a512a544877,P4-05 Fixture Product,,,True,0.000,0.000,OutOfStock
2701,p4_05_fixture_sku_55a79a3df99f4ea0,P4-05 Fixture Product,,,True,0.000,0.000,OutOfStock
2702,p4_05_fixture_sku_d3bca8ec827b42e6,P4-05 Fixture Product,,,True,5.000,0.000,Normal
2703,p4_05_fixture_sku_b7fb4ba4d31e4d70,P4-05 Fixture Product,,,True,4.000,0.000,Normal
2704,p4_05_fixture_sku_6b011a7320c846e2,P4-05 Fixture Product,,,True,10.000,0.000,Normal
2705,p4_05_fixture_sku_61d498d833ee41c5,P4-05 Fixture Product,,,True,0.000,0.000,OutOfStock
2706,p4_05_fixture_sku_3008b9ea63194a67,P4-05 Fixture Product,,,True,0.000,0.000,OutOfStock
2822,p4_05_fixture_sku_ec226b8d62034142,P4-05 Fixture Product,,,True,10.000,0.000,Normal
2823,p4_05_fixture_sku_52728043f704404f,P4-05 Fixture Product,,,True,5.000,0.000,Normal
2824,p4_05_fixture_sku_7a6f2376a76f4588,P4-05 Fixture Product,,,True,8.000,0.000,Normal
2825,p4_05_fixture_sku_38806975ede24795,P4-05 Fixture Product,,,True,4.000,0.000,Normal
2826,p4_05_fixture_sku_a83630f7287a4eb3,P4-05 Fixture Product,,,True,5.000,0.000,Normal
2827,p4_05_fixture_sku_26eab9f849cf4380,P4-05 Fixture Product,,,True,3.000,0.000,Normal
2828,p4_05_fixture_sku_b7b4fc8c6e4d4d38,P4-05 Fixture Product,,,True,5.000,0.000,Normal
2829,p4_05_fixture_sku_437acee220de4e97,P4-05 Fixture Product,,,True,6.000,0.000,Normal
2830,p4_05_fixture_sku_5e00c114dc2a4e7b,P4-05 Fixture Product,,,True,0.000,0.000,OutOfStock
2831,p4_05_fixture_sku_5994c655048741f4,P4-05 Fixture Product,,,True,9.000,0.000,Normal
2832,p4_05_fixture_sku_2f9614632e4c48d9,P4-05 Fixture Product,,,True,10.000,0.000,Normal
2833,p4_05_fixture_sku_de4262eed1e6489f,P4-05 Fixture Product,,,True,15.000,0.000,Normal
2834,p4_05_fixture_sku_76f16e5ba1a34d59,P4-05 Fixture Product,,,True,10.000,0.000,Normal
2835,p4_05_fixture_sku_af0db6fa130f481b,P4-05 Fixture Product,,,True,5.000,0.000,Normal
2836,p4_05_fixture_sku_5256af6634834e94,P4-05 Fixture Product,,,True,8.000,0.000,Normal
2837,p4_05_fixture_sku_0a5ffe6d5dbe4a0b,P4-05 Fixture Product,,,True,0.000,0.000,OutOfStock
2838,p4_05_fixture_sku_a92286d85be74d1a,P4-05 Fixture Product,,,True,5.000,0.000,Normal
2839,p4_05_fixture_sku_a5e557007ae94100,P4-05 Fixture Product,,,True,1.000,0.000,Normal
2840,p4_05_fixture_sku_52f00fda5d5a4630,P4-05 Fixture Product,,,True,0.000,0.000,OutOfStock
2841,p4_05_fixture_sku_67e4486ede644197,P4-05 Fixture Product,,,True,0.000,0.000,OutOfStock
2842,p4_05_fixture_sku_bb8448b2f9d24d44,P4-05 Fixture Product,,,True,0.000,0.000,OutOfStock
2843,p4_05_fixture_sku_63ee2356e2024451,P4-05 Fixture Product,,,True,5.000,0.000,Normal
2844,p4_05_fixture_sku_9c79638542cb4105,P4-05 Fixture Product,,,True,4.000,0.000,Normal
2845,p4_05_fixture_sku_0770b52a435e4741,P4-05 Fixture Product,,,True,10.000,0.000,Normal
2846,p4_05_fixture_sku_9d8ccf5179604de4,P4-05 Fixture Product,,,True,0.000,0.000,OutOfStock
2847,p4_05_fixture_sku_9109f226931943d7,P4-05 Fixture Product,,,True,0.000,0.000,OutOfStock
2963,p4_05_fixture_sku_f21f6ffe37ea4697,P4-05 Fixture Product,,,True,10.000,0.000,Normal
2964,p4_05_fixture_sku_afa6711950994f6d,P4-05 Fixture Product,,,True,5.000,0.000,Normal
2965,p4_05_fixture_sku_4f23e16b34dd4c25,P4-05 Fixture Product,,,True,8.000,0.000,Normal
2966,p4_05_fixture_sku_1bfe366a0f6648ac,P4-05 Fixture Product,,,True,4.000,0.000,Normal
2967,p4_05_fixture_sku_1fb7653225d84e77,P4-05 Fixture Product,,,True,5.000,0.000,Normal
2968,p4_05_fixture_sku_8639a37664514d65,P4-05 Fixture Product,,,True,3.000,0.000,Normal
2969,p4_05_fixture_sku_f3d4e1e4db524390,P4-05 Fixture Product,,,True,5.000,0.000,Normal
2970,p4_05_fixture_sku_ba1553b395f84ed7,P4-05 Fixture Product,,,True,6.000,0.000,Normal
2971,p4_05_fixture_sku_c021d52bac724d79,P4-05 Fixture Product,,,True,0.000,0.000,OutOfStock
2972,p4_05_fixture_sku_f81e0595e051470c,P4-05 Fixture Product,,,True,9.000,0.000,Normal
2973,p4_05_fixture_sku_1dd19df9bf1f4738,P4-05 Fixture Product,,,True,10.000,0.000,Normal
2974,p4_05_fixture_sku_e605bc5e7da940b7,P4-05 Fixture Product,,,True,15.000,0.000,Normal
2975,p4_05_fixture_sku_3ea31f64c7bd4a51,P4-05 Fixture Product,,,True,10.000,0.000,Normal
2976,p4_05_fixture_sku_f3f7034144be424a,P4-05 Fixture Product,,,True,5.000,0.000,Normal
2977,p4_05_fixture_sku_92b6360b52d44c8e,P4-05 Fixture Product,,,True,8.000,0.000,Normal
2978,p4_05_fixture_sku_029d03ace0fa40ee,P4-05 Fixture Product,,,True,0.000,0.000,OutOfStock
2979,p4_05_fixture_sku_0a43ce4655b44618,P4-05 Fixture Product,,,True,5.000,0.000,Normal
2980,p4_05_fixture_sku_b0bc9aea3bde4870,P4-05 Fixture Product,,,True,1.000,0.000,Normal
2981,p4_05_fixture_sku_853c03696e5342fc,P4-05 Fixture Product,,,True,0.000,0.000,OutOfStock
2982,p4_05_fixture_sku_3cbf2fc5090449d8,P4-05 Fixture Product,,,True,0.000,0.000,OutOfStock
2983,p4_05_fixture_sku_65b4f248a6194195,P4-05 Fixture Product,,,True,0.000,0.000,OutOfStock
2984,p4_05_fixture_sku_5fe5d4e6e9ba40d0,P4-05 Fixture Product,,,True,5.000,0.000,Normal
2985,p4_05_fixture_sku_5d92aea9df674274,P4-05 Fixture Product,,,True,4.000,0.000,Normal
2986,p4_05_fixture_sku_8cf52f2d8a4c4582,P4-05 Fixture Product,,,True,10.000,0.000,Normal
2987,p4_05_fixture_sku_960aee9585e04b5c,P4-05 Fixture Product,,,True,0.000,0.000,OutOfStock
2988,p4_05_fixture_sku_72efe011ea0c4785,P4-05 Fixture Product,,,True,0.000,0.000,OutOfStock
3104,p4_05_fixture_sku_d4fdd305f8e8475d,P4-05 Fixture Product,,,True,10.000,0.000,Normal
3105,p4_05_fixture_sku_21eb5972c5be43cf,P4-05 Fixture Product,,,True,5.000,0.000,Normal
3106,p4_05_fixture_sku_8ae9d78a979b425d,P4-05 Fixture Product,,,True,8.000,0.000,Normal
3107,p4_05_fixture_sku_2569bb4ed1cd4606,P4-05 Fixture Product,,,True,4.000,0.000,Normal
3108,p4_05_fixture_sku_b4626e6d1c1e4f24,P4-05 Fixture Product,,,True,5.000,0.000,Normal
3109,p4_05_fixture_sku_d833aa0453964cf8,P4-05 Fixture Product,,,True,3.000,0.000,Normal
3110,p4_05_fixture_sku_3aa1f67b324748e3,P4-05 Fixture Product,,,True,5.000,0.000,Normal
3111,p4_05_fixture_sku_6d442f3b82a943d5,P4-05 Fixture Product,,,True,6.000,0.000,Normal
3112,p4_05_fixture_sku_2223787256c04010,P4-05 Fixture Product,,,True,0.000,0.000,OutOfStock
3113,p4_05_fixture_sku_1f253c72d0be47bd,P4-05 Fixture Product,,,True,9.000,0.000,Normal
3114,p4_05_fixture_sku_c073c2142ed14b29,P4-05 Fixture Product,,,True,10.000,0.000,Normal
3115,p4_05_fixture_sku_d0de61339fae4bf9,P4-05 Fixture Product,,,True,15.000,0.000,Normal
3116,p4_05_fixture_sku_05307261d016412d,P4-05 Fixture Product,,,True,10.000,0.000,Normal
3117,p4_05_fixture_sku_f973249aab994967,P4-05 Fixture Product,,,True,5.000,0.000,Normal
3118,p4_05_fixture_sku_06f03802038a486e,P4-05 Fixture Product,,,True,8.000,0.000,Normal
3119,p4_05_fixture_sku_6918bcd969e34929,P4-05 Fixture Product,,,True,0.000,0.000,OutOfStock
3120,p4_05_fixture_sku_4ba06c6d62b84db6,P4-05 Fixture Product,,,True,5.000,0.000,Normal
3121,p4_05_fixture_sku_1069d69309154640,P4-05 Fixture Product,,,True,1.000,0.000,Normal
3122,p4_05_fixture_sku_f60890a7cd334fc0,P4-05 Fixture Product,,,True,0.000,0.000,OutOfStock
3123,p4_05_fixture_sku_7953aea5aa214f3a,P4-05 Fixture Product,,,True,0.000,0.000,OutOfStock
3124,p4_05_fixture_sku_8cc4fef78b4a41bb,P4-05 Fixture Product,,,True,0.000,0.000,OutOfStock
3125,p4_05_fixture_sku_3a5fd2b82ec445e2,P4-05 Fixture Product,,,True,5.000,0.000,Normal
3126,p4_05_fixture_sku_84fc099cb8b44021,P4-05 Fixture Product,,,True,4.000,0.000,Normal
3127,p4_05_fixture_sku_c0045e28bee14855,P4-05 Fixture Product,,,True,10.000,0.000,Normal
3128,p4_05_fixture_sku_4a3bf85053534c5b,P4-05 Fixture Product,,,True,0.000,0.000,OutOfStock
3129,p4_05_fixture_sku_2ebe93e50e014f32,P4-05 Fixture Product,,,True,0.000,0.000,OutOfStock
3284,p4_05_fixture_sku_9f04042d694d4f53,P4-05 Fixture Product,,,True,10.000,0.000,Normal
3285,p4_05_fixture_sku_2c23df27bd9347fe,P4-05 Fixture Product,,,True,5.000,0.000,Normal
3286,p4_05_fixture_sku_3082c2147f414297,P4-05 Fixture Product,,,True,8.000,0.000,Normal
3287,p4_05_fixture_sku_8c7b426c112b47c2,P4-05 Fixture Product,,,True,4.000,0.000,Normal
3288,p4_05_fixture_sku_7d9c9b501cf74092,P4-05 Fixture Product,,,True,5.000,0.000,Normal
3289,p4_05_fixture_sku_5c66eeb6df0e4188,P4-05 Fixture Product,,,True,3.000,0.000,Normal
3290,p4_05_fixture_sku_87a629dd687548e1,P4-05 Fixture Product,,,True,5.000,0.000,Normal
3291,p4_05_fixture_sku_ffda1228d79d4745,P4-05 Fixture Product,,,True,6.000,0.000,Normal
3292,p4_05_fixture_sku_162c713852f14632,P4-05 Fixture Product,,,True,0.000,0.000,OutOfStock
3293,p4_05_fixture_sku_05ddf64db65e445c,P4-05 Fixture Product,,,True,9.000,0.000,Normal
3294,p4_05_fixture_sku_7270a71800764a8d,P4-05 Fixture Product,,,True,10.000,0.000,Normal
3295,p4_05_fixture_sku_192117d576b04150,P4-05 Fixture Product,,,True,15.000,0.000,Normal
3296,p4_05_fixture_sku_e74d0793a9754f8b,P4-05 Fixture Product,,,True,10.000,0.000,Normal
3297,p4_05_fixture_sku_2762be90ed524da3,P4-05 Fixture Product,,,True,5.000,0.000,Normal
3298,p4_05_fixture_sku_c2286f1911524f91,P4-05 Fixture Product,,,True,8.000,0.000,Normal
3299,p4_05_fixture_sku_00ab8f27fc7840b4,P4-05 Fixture Product,,,True,0.000,0.000,OutOfStock
3300,p4_05_fixture_sku_6bc2d0369d324909,P4-05 Fixture Product,,,True,5.000,0.000,Normal
3301,p4_05_fixture_sku_7be2a00bf3194daa,P4-05 Fixture Product,,,True,1.000,0.000,Normal
3302,p4_05_fixture_sku_aae0aa576c8b4b24,P4-05 Fixture Product,,,True,0.000,0.000,OutOfStock
3303,p4_05_fixture_sku_b16bdcf9fbc84727,P4-05 Fixture Product,,,True,0.000,0.000,OutOfStock
3304,p4_05_fixture_sku_a2d6c42524f648da,P4-05 Fixture Product,,,True,0.000,0.000,OutOfStock
3305,p4_05_fixture_sku_e85878d4fb2d4844,P4-05 Fixture Product,,,True,5.000,0.000,Normal
3306,p4_05_fixture_sku_da4e942700004fdb,P4-05 Fixture Product,,,True,4.000,0.000,Normal
3307,p4_05_fixture_sku_59eab2da792c4bbc,P4-05 Fixture Product,,,True,10.000,0.000,Normal
3308,p4_05_fixture_sku_74511428121145be,P4-05 Fixture Product,,,True,0.000,0.000,OutOfStock
3309,p4_05_fixture_sku_663d0e13239a4fd2,P4-05 Fixture Product,,,True,0.000,0.000,OutOfStock
3432,p4_05_fixture_sku_b9dd1aa0d5e1465e,P4-05 Fixture Product,,,True,10.000,0.000,Normal
3433,p4_05_fixture_sku_f3d14df96faa4dcb,P4-05 Fixture Product,,,True,5.000,0.000,Normal
3434,p4_05_fixture_sku_26b8ba06eff44b0f,P4-05 Fixture Product,,,True,8.000,0.000,Normal
3435,p4_05_fixture_sku_3772c78de34c4cab,P4-05 Fixture Product,,,True,4.000,0.000,Normal
3436,p4_05_fixture_sku_9b3ff057e21b4817,P4-05 Fixture Product,,,True,5.000,0.000,Normal
3437,p4_05_fixture_sku_ac0aae4bda564591,P4-05 Fixture Product,,,True,3.000,0.000,Normal
3438,p4_05_fixture_sku_9008655d776747bc,P4-05 Fixture Product,,,True,5.000,0.000,Normal
3439,p4_05_fixture_sku_41d1a13c2ef94aaa,P4-05 Fixture Product,,,True,6.000,0.000,Normal
3440,p4_05_fixture_sku_013ea938e9914d2a,P4-05 Fixture Product,,,True,0.000,0.000,OutOfStock
3441,p4_05_fixture_sku_98ce3a79b8b04178,P4-05 Fixture Product,,,True,9.000,0.000,Normal
3442,p4_05_fixture_sku_06fc7d5a61574941,P4-05 Fixture Product,,,True,10.000,0.000,Normal
3443,p4_05_fixture_sku_c37ba19f97034ba0,P4-05 Fixture Product,,,True,15.000,0.000,Normal
3444,p4_05_fixture_sku_1b7001bd26e9441c,P4-05 Fixture Product,,,True,10.000,0.000,Normal
3445,p4_05_fixture_sku_27c5018e549f4244,P4-05 Fixture Product,,,True,5.000,0.000,Normal
3446,p4_05_fixture_sku_b0a65b19f6304f6d,P4-05 Fixture Product,,,True,8.000,0.000,Normal
3447,p4_05_fixture_sku_641e9488d2ef41c4,P4-05 Fixture Product,,,True,0.000,0.000,OutOfStock
3448,p4_05_fixture_sku_ef8d3e6e25334743,P4-05 Fixture Product,,,True,5.000,0.000,Normal
3449,p4_05_fixture_sku_48a9a01280954f02,P4-05 Fixture Product,,,True,1.000,0.000,Normal
3450,p4_05_fixture_sku_d5f250bcd6244d37,P4-05 Fixture Product,,,True,0.000,0.000,OutOfStock
3451,p4_05_fixture_sku_94f0e66e44a44d38,P4-05 Fixture Product,,,True,0.000,0.000,OutOfStock
3452,p4_05_fixture_sku_edcf93f79a3b4728,P4-05 Fixture Product,,,True,0.000,0.000,OutOfStock
3453,p4_05_fixture_sku_8f9dbc9cac6b4459,P4-05 Fixture Product,,,True,5.000,0.000,Normal
3454,p4_05_fixture_sku_adc07e9df43c435e,P4-05 Fixture Product,,,True,4.000,0.000,Normal
3455,p4_05_fixture_sku_2d9503c2be854cf9,P4-05 Fixture Product,,,True,10.000,0.000,Normal
3456,p4_05_fixture_sku_9cc9148db15b4361,P4-05 Fixture Product,,,True,0.000,0.000,OutOfStock
3457,p4_05_fixture_sku_3aeee8d1c8984e51,P4-05 Fixture Product,,,True,0.000,0.000,OutOfStock
3587,p4_05_fixture_sku_6f94d4d0f04242be,P4-05 Fixture Product,,,True,10.000,0.000,Normal
3588,p4_05_fixture_sku_c86cc72ad6ce4e79,P4-05 Fixture Product,,,True,5.000,0.000,Normal
3589,p4_05_fixture_sku_b3e3884fce974c5b,P4-05 Fixture Product,,,True,8.000,0.000,Normal
3590,p4_05_fixture_sku_e584fef5f62d465f,P4-05 Fixture Product,,,True,4.000,0.000,Normal
3591,p4_05_fixture_sku_abcd59cc18214fb7,P4-05 Fixture Product,,,True,5.000,0.000,Normal
3592,p4_05_fixture_sku_386c28b5ba9c4d25,P4-05 Fixture Product,,,True,3.000,0.000,Normal
3593,p4_05_fixture_sku_facc335a48d745c1,P4-05 Fixture Product,,,True,5.000,0.000,Normal
3594,p4_05_fixture_sku_c3c4b06efbbe4e35,P4-05 Fixture Product,,,True,6.000,0.000,Normal
3595,p4_05_fixture_sku_35c319ba6dd743fb,P4-05 Fixture Product,,,True,0.000,0.000,OutOfStock
3596,p4_05_fixture_sku_99158de9605347bf,P4-05 Fixture Product,,,True,9.000,0.000,Normal
3597,p4_05_fixture_sku_5c49b539da864727,P4-05 Fixture Product,,,True,10.000,0.000,Normal
3598,p4_05_fixture_sku_2c60f5cddf774d08,P4-05 Fixture Product,,,True,15.000,0.000,Normal
3599,p4_05_fixture_sku_1618804b8b8346e9,P4-05 Fixture Product,,,True,10.000,0.000,Normal
3600,p4_05_fixture_sku_012cf91a94dc4879,P4-05 Fixture Product,,,True,5.000,0.000,Normal
3601,p4_05_fixture_sku_303f9bb2483b4fd1,P4-05 Fixture Product,,,True,8.000,0.000,Normal
3602,p4_05_fixture_sku_92ee1d3a783944b8,P4-05 Fixture Product,,,True,0.000,0.000,OutOfStock
3603,p4_05_fixture_sku_57edd55a0ef64d07,P4-05 Fixture Product,,,True,5.000,0.000,Normal
3604,p4_05_fixture_sku_c1c01a850e3848fb,P4-05 Fixture Product,,,True,1.000,0.000,Normal
3605,p4_05_fixture_sku_44823a344c0c4f98,P4-05 Fixture Product,,,True,0.000,0.000,OutOfStock
3606,p4_05_fixture_sku_70471d9133a04c7c,P4-05 Fixture Product,,,True,0.000,0.000,OutOfStock
3607,p4_05_fixture_sku_f20e66d6c9584e6b,P4-05 Fixture Product,,,True,0.000,0.000,OutOfStock
3608,p4_05_fixture_sku_cba0f437a3cd4bc9,P4-05 Fixture Product,,,True,5.000,0.000,Normal
3609,p4_05_fixture_sku_90bd7fc2230e470f,P4-05 Fixture Product,,,True,4.000,0.000,Normal
3610,p4_05_fixture_sku_b2b4613af14e4bc8,P4-05 Fixture Product,,,True,10.000,0.000,Normal
3611,p4_05_fixture_sku_620eacb051a54a08,P4-05 Fixture Product,,,True,0.000,0.000,OutOfStock
3612,p4_05_fixture_sku_91d39a06ace64b0d,P4-05 Fixture Product,,,True,0.000,0.000,OutOfStock
3735,p4_05_fixture_sku_79b5c00f4f44468d,P4-05 Fixture Product,,,True,10.000,0.000,Normal
3736,p4_05_fixture_sku_e547e7288b5a4e3f,P4-05 Fixture Product,,,True,5.000,0.000,Normal
3737,p4_05_fixture_sku_c547bb5929d94acd,P4-05 Fixture Product,,,True,8.000,0.000,Normal
3738,p4_05_fixture_sku_2e7b9ab238d34f33,P4-05 Fixture Product,,,True,4.000,0.000,Normal
3739,p4_05_fixture_sku_ec6803207a2e4e53,P4-05 Fixture Product,,,True,5.000,0.000,Normal
3740,p4_05_fixture_sku_780a34861b4d4f9d,P4-05 Fixture Product,,,True,3.000,0.000,Normal
3741,p4_05_fixture_sku_a5b1bf1d85e843a4,P4-05 Fixture Product,,,True,5.000,0.000,Normal
3742,p4_05_fixture_sku_d529ed8ab750494b,P4-05 Fixture Product,,,True,6.000,0.000,Normal
3743,p4_05_fixture_sku_e704ce5b46584b45,P4-05 Fixture Product,,,True,0.000,0.000,OutOfStock
3744,p4_05_fixture_sku_4a280b2a50c042ea,P4-05 Fixture Product,,,True,9.000,0.000,Normal
3745,p4_05_fixture_sku_221d10802a05439d,P4-05 Fixture Product,,,True,10.000,0.000,Normal
3746,p4_05_fixture_sku_79aefed410584a7d,P4-05 Fixture Product,,,True,15.000,0.000,Normal
3747,p4_05_fixture_sku_ec736d5470f24c69,P4-05 Fixture Product,,,True,10.000,0.000,Normal
3748,p4_05_fixture_sku_a1bd186d07b74a0f,P4-05 Fixture Product,,,True,5.000,0.000,Normal
3749,p4_05_fixture_sku_38bd7ec65638479f,P4-05 Fixture Product,,,True,8.000,0.000,Normal
3750,p4_05_fixture_sku_3b061a4ee16c4219,P4-05 Fixture Product,,,True,0.000,0.000,OutOfStock
3751,p4_05_fixture_sku_00aaea8017124554,P4-05 Fixture Product,,,True,5.000,0.000,Normal
3752,p4_05_fixture_sku_d390026ccdb3479d,P4-05 Fixture Product,,,True,1.000,0.000,Normal
3753,p4_05_fixture_sku_05174eb4b6da4501,P4-05 Fixture Product,,,True,0.000,0.000,OutOfStock
3754,p4_05_fixture_sku_287f883f891c47a9,P4-05 Fixture Product,,,True,0.000,0.000,OutOfStock
3755,p4_05_fixture_sku_89d150f25edc4e26,P4-05 Fixture Product,,,True,0.000,0.000,OutOfStock
3756,p4_05_fixture_sku_ad1724c029e7472d,P4-05 Fixture Product,,,True,5.000,0.000,Normal
3757,p4_05_fixture_sku_862b4afd3f2642bb,P4-05 Fixture Product,,,True,4.000,0.000,Normal
3758,p4_05_fixture_sku_6e3f04f9bd6343e8,P4-05 Fixture Product,,,True,10.000,0.000,Normal
3759,p4_05_fixture_sku_9354f531e9c84da5,P4-05 Fixture Product,,,True,0.000,0.000,OutOfStock
3760,p4_05_fixture_sku_2a3d6c6e997b4708,P4-05 Fixture Product,,,True,0.000,0.000,OutOfStock
3883,p4_05_fixture_sku_57902e9e3eb642e9,P4-05 Fixture Product,,,True,10.000,0.000,Normal
3884,p4_05_fixture_sku_12871e0137804de3,P4-05 Fixture Product,,,True,5.000,0.000,Normal
3885,p4_05_fixture_sku_95da457c591f4810,P4-05 Fixture Product,,,True,8.000,0.000,Normal
3886,p4_05_fixture_sku_17c121440b88425a,P4-05 Fixture Product,,,True,4.000,0.000,Normal
3887,p4_05_fixture_sku_7a23d1818de94440,P4-05 Fixture Product,,,True,5.000,0.000,Normal
3888,p4_05_fixture_sku_5fa54e70c525430b,P4-05 Fixture Product,,,True,3.000,0.000,Normal
3889,p4_05_fixture_sku_6af83a0978bf4013,P4-05 Fixture Product,,,True,5.000,0.000,Normal
3890,p4_05_fixture_sku_95e28964b3ed42a4,P4-05 Fixture Product,,,True,6.000,0.000,Normal
3891,p4_05_fixture_sku_aef79161d76645e9,P4-05 Fixture Product,,,True,0.000,0.000,OutOfStock
3892,p4_05_fixture_sku_193741554fe248e1,P4-05 Fixture Product,,,True,9.000,0.000,Normal
3893,p4_05_fixture_sku_d0fc510332e74061,P4-05 Fixture Product,,,True,10.000,0.000,Normal
3894,p4_05_fixture_sku_d96992be77884fc2,P4-05 Fixture Product,,,True,15.000,0.000,Normal
3895,p4_05_fixture_sku_08ab409799c049a9,P4-05 Fixture Product,,,True,10.000,0.000,Normal
3896,p4_05_fixture_sku_ae7e989e51d14290,P4-05 Fixture Product,,,True,5.000,0.000,Normal
3897,p4_05_fixture_sku_abe970bd41b140e8,P4-05 Fixture Product,,,True,8.000,0.000,Normal
3898,p4_05_fixture_sku_5f971920fb24464e,P4-05 Fixture Product,,,True,0.000,0.000,OutOfStock
3899,p4_05_fixture_sku_b3de5f04e9204549,P4-05 Fixture Product,,,True,5.000,0.000,Normal
3900,p4_05_fixture_sku_aca4fb3f458b4d30,P4-05 Fixture Product,,,True,1.000,0.000,Normal
3901,p4_05_fixture_sku_31723fd8c9224a63,P4-05 Fixture Product,,,True,0.000,0.000,OutOfStock
3902,p4_05_fixture_sku_b7e4dbcd28b74789,P4-05 Fixture Product,,,True,0.000,0.000,OutOfStock
3903,p4_05_fixture_sku_e130a93af6a642d2,P4-05 Fixture Product,,,True,0.000,0.000,OutOfStock
3904,p4_05_fixture_sku_3bfbe21e7331481c,P4-05 Fixture Product,,,True,5.000,0.000,Normal
3905,p4_05_fixture_sku_1f4fb2b73b5c4276,P4-05 Fixture Product,,,True,4.000,0.000,Normal
3906,p4_05_fixture_sku_681c296a36ad4a0f,P4-05 Fixture Product,,,True,10.000,0.000,Normal
3907,p4_05_fixture_sku_991756da681f4799,P4-05 Fixture Product,,,True,0.000,0.000,OutOfStock
3908,p4_05_fixture_sku_21830926298b4395,P4-05 Fixture Product,,,True,0.000,0.000,OutOfStock
4087,p4_05_fixture_sku_d82f0bde5a1b42b2,P4-05 Fixture Product,,,True,10.000,0.000,Normal
4088,p4_05_fixture_sku_ef49d4eecc244cba,P4-05 Fixture Product,,,True,5.000,0.000,Normal
4089,p4_05_fixture_sku_bd245fe32dab48ce,P4-05 Fixture Product,,,True,8.000,0.000,Normal
4090,p4_05_fixture_sku_49309b799ebc4b72,P4-05 Fixture Product,,,True,4.000,0.000,Normal
4091,p4_05_fixture_sku_72f091dfe1e44e0c,P4-05 Fixture Product,,,True,5.000,0.000,Normal
4092,p4_05_fixture_sku_05633a03debd4883,P4-05 Fixture Product,,,True,3.000,0.000,Normal
4093,p4_05_fixture_sku_2e98ec863e18439a,P4-05 Fixture Product,,,True,5.000,0.000,Normal
4094,p4_05_fixture_sku_f64972bbc68e4ba5,P4-05 Fixture Product,,,True,6.000,0.000,Normal
4095,p4_05_fixture_sku_95c5f5a2813c4c4b,P4-05 Fixture Product,,,True,0.000,0.000,OutOfStock
4096,p4_05_fixture_sku_0a6402eb3b284d73,P4-05 Fixture Product,,,True,9.000,0.000,Normal
4097,p4_05_fixture_sku_e1b84c22bd074173,P4-05 Fixture Product,,,True,10.000,0.000,Normal
4098,p4_05_fixture_sku_ccf9fb916a6d460c,P4-05 Fixture Product,,,True,15.000,0.000,Normal
4099,p4_05_fixture_sku_749f302a05ab4880,P4-05 Fixture Product,,,True,10.000,0.000,Normal
4100,p4_05_fixture_sku_139b7e360f4a4baf,P4-05 Fixture Product,,,True,5.000,0.000,Normal
4101,p4_05_fixture_sku_4d2d9f8e7baf4951,P4-05 Fixture Product,,,True,8.000,0.000,Normal
4102,p4_05_fixture_sku_8eee67dafe374d75,P4-05 Fixture Product,,,True,0.000,0.000,OutOfStock
4103,p4_05_fixture_sku_93706f5e6706421a,P4-05 Fixture Product,,,True,5.000,0.000,Normal
4104,p4_05_fixture_sku_30eeccf1941a4ac0,P4-05 Fixture Product,,,True,1.000,0.000,Normal
4105,p4_05_fixture_sku_a7774b731cca4f56,P4-05 Fixture Product,,,True,0.000,0.000,OutOfStock
4106,p4_05_fixture_sku_f7144b778d984289,P4-05 Fixture Product,,,True,0.000,0.000,OutOfStock
4107,p4_05_fixture_sku_12bb08a3078c443e,P4-05 Fixture Product,,,True,0.000,0.000,OutOfStock
4108,p4_05_fixture_sku_240a410717314576,P4-05 Fixture Product,,,True,5.000,0.000,Normal
4109,p4_05_fixture_sku_d38a3337024d44b7,P4-05 Fixture Product,,,True,4.000,0.000,Normal
4110,p4_05_fixture_sku_98d49671282d41af,P4-05 Fixture Product,,,True,10.000,0.000,Normal
4111,p4_05_fixture_sku_6f1d6d8044d44c3e,P4-05 Fixture Product,,,True,0.000,0.000,OutOfStock
4112,p4_05_fixture_sku_100f3a4f9798446e,P4-05 Fixture Product,,,True,0.000,0.000,OutOfStock
4263,p4_05_fixture_sku_ee75b76db2094f81,P4-05 Fixture Product,,,True,10.000,0.000,Normal
4264,p4_05_fixture_sku_44e93b9a24b64d42,P4-05 Fixture Product,,,True,5.000,0.000,Normal
4265,p4_05_fixture_sku_b95346a972a7413d,P4-05 Fixture Product,,,True,8.000,0.000,Normal
4266,p4_05_fixture_sku_628b01afd7584a57,P4-05 Fixture Product,,,True,4.000,0.000,Normal
4267,p4_05_fixture_sku_9beb7573c2c34aeb,P4-05 Fixture Product,,,True,5.000,0.000,Normal
4268,p4_05_fixture_sku_44505bdd76cb43e3,P4-05 Fixture Product,,,True,3.000,0.000,Normal
4269,p4_05_fixture_sku_c40ea5ed20bc4494,P4-05 Fixture Product,,,True,5.000,0.000,Normal
4270,p4_05_fixture_sku_5b54da3b606a4b8f,P4-05 Fixture Product,,,True,6.000,0.000,Normal
4271,p4_05_fixture_sku_3fa9832cad77495a,P4-05 Fixture Product,,,True,0.000,0.000,OutOfStock
4272,p4_05_fixture_sku_ded176b16e9d4bb1,P4-05 Fixture Product,,,True,9.000,0.000,Normal
4273,p4_05_fixture_sku_473780206022459b,P4-05 Fixture Product,,,True,10.000,0.000,Normal
4274,p4_05_fixture_sku_8d4c4097c6d14cd6,P4-05 Fixture Product,,,True,15.000,0.000,Normal
4275,p4_05_fixture_sku_7001220d9cdb4296,P4-05 Fixture Product,,,True,10.000,0.000,Normal
4276,p4_05_fixture_sku_6f11c23615264a1f,P4-05 Fixture Product,,,True,5.000,0.000,Normal
4277,p4_05_fixture_sku_a33b924399294fb8,P4-05 Fixture Product,,,True,8.000,0.000,Normal
4278,p4_05_fixture_sku_1baa94eef8864dfb,P4-05 Fixture Product,,,True,0.000,0.000,OutOfStock
4279,p4_05_fixture_sku_fdc413c4887a455f,P4-05 Fixture Product,,,True,5.000,0.000,Normal
4280,p4_05_fixture_sku_6af742a193c34c92,P4-05 Fixture Product,,,True,1.000,0.000,Normal
4281,p4_05_fixture_sku_2ac0a3d258f143eb,P4-05 Fixture Product,,,True,0.000,0.000,OutOfStock
4282,p4_05_fixture_sku_9f62372569264063,P4-05 Fixture Product,,,True,0.000,0.000,OutOfStock
4283,p4_05_fixture_sku_ca48e8be55e845cc,P4-05 Fixture Product,,,True,0.000,0.000,OutOfStock
4284,p4_05_fixture_sku_4776f47527cd440c,P4-05 Fixture Product,,,True,5.000,0.000,Normal
4285,p4_05_fixture_sku_d420c55a06f54fe6,P4-05 Fixture Product,,,True,4.000,0.000,Normal
4286,p4_05_fixture_sku_ac7408488e9c4039,P4-05 Fixture Product,,,True,10.000,0.000,Normal
4287,p4_05_fixture_sku_e4bb995c7d0c4960,P4-05 Fixture Product,,,True,0.000,0.000,OutOfStock
4288,p4_05_fixture_sku_458060919a124e1e,P4-05 Fixture Product,,,True,0.000,0.000,OutOfStock
4507,p4_05_fixture_sku_3b0782b2ff934fd7,P4-05 Fixture Product,,,True,10.000,0.000,Normal
4508,p4_05_fixture_sku_41247b8aa78044e2,P4-05 Fixture Product,,,True,5.000,0.000,Normal
4509,p4_05_fixture_sku_aab906ea7f744485,P4-05 Fixture Product,,,True,8.000,0.000,Normal
4510,p4_05_fixture_sku_1ec0fde8d7bc4aff,P4-05 Fixture Product,,,True,4.000,0.000,Normal
4511,p4_05_fixture_sku_f4c8c230d84b4123,P4-05 Fixture Product,,,True,5.000,0.000,Normal
4512,p4_05_fixture_sku_879633cd87c94761,P4-05 Fixture Product,,,True,3.000,0.000,Normal
4513,p4_05_fixture_sku_1bd46c1414f64b7d,P4-05 Fixture Product,,,True,5.000,0.000,Normal
4514,p4_05_fixture_sku_e84906477fc24fe4,P4-05 Fixture Product,,,True,6.000,0.000,Normal
4515,p4_05_fixture_sku_2c29348b96ae4ef3,P4-05 Fixture Product,,,True,0.000,0.000,OutOfStock
4516,p4_05_fixture_sku_3af04f09491b4a7e,P4-05 Fixture Product,,,True,9.000,0.000,Normal
4517,p4_05_fixture_sku_d44d29ade1e246e8,P4-05 Fixture Product,,,True,10.000,0.000,Normal
4518,p4_05_fixture_sku_046c132f49e94f98,P4-05 Fixture Product,,,True,15.000,0.000,Normal
4519,p4_05_fixture_sku_4f25dee892234f22,P4-05 Fixture Product,,,True,10.000,0.000,Normal
4520,p4_05_fixture_sku_81fb2a7c7c2c4859,P4-05 Fixture Product,,,True,5.000,0.000,Normal
4521,p4_05_fixture_sku_b39c86587e704f94,P4-05 Fixture Product,,,True,8.000,0.000,Normal
4522,p4_05_fixture_sku_e452d51b7e9f4540,P4-05 Fixture Product,,,True,0.000,0.000,OutOfStock
4523,p4_05_fixture_sku_8625f9f530a74098,P4-05 Fixture Product,,,True,5.000,0.000,Normal
4524,p4_05_fixture_sku_b733fbe8ed7f414f,P4-05 Fixture Product,,,True,1.000,0.000,Normal
4525,p4_05_fixture_sku_e1111b57b32f4f9e,P4-05 Fixture Product,,,True,0.000,0.000,OutOfStock
4526,p4_05_fixture_sku_c26274cf8c5f4074,P4-05 Fixture Product,,,True,0.000,0.000,OutOfStock
4527,p4_05_fixture_sku_357cfc6871ee43c9,P4-05 Fixture Product,,,True,0.000,0.000,OutOfStock
4528,p4_05_fixture_sku_3e0872303d694870,P4-05 Fixture Product,,,True,5.000,0.000,Normal
4529,p4_05_fixture_sku_1ee072d4d41a4eb2,P4-05 Fixture Product,,,True,4.000,0.000,Normal
4530,p4_05_fixture_sku_9f1a55a098924ac0,P4-05 Fixture Product,,,True,10.000,0.000,Normal
4531,p4_05_fixture_sku_3835f9e465874148,P4-05 Fixture Product,,,True,0.000,0.000,OutOfStock
4532,p4_05_fixture_sku_582540646e214900,P4-05 Fixture Product,,,True,0.000,0.000,OutOfStock
4703,p4_05_fixture_sku_67721899f45c45ac,P4-05 Fixture Product,,,True,10.000,0.000,Normal
4704,p4_05_fixture_sku_e900ba379d074f35,P4-05 Fixture Product,,,True,5.000,0.000,Normal
4705,p4_05_fixture_sku_c20739b10a7c4d4a,P4-05 Fixture Product,,,True,8.000,0.000,Normal
4706,p4_05_fixture_sku_a4f5533662e649cb,P4-05 Fixture Product,,,True,4.000,0.000,Normal
4707,p4_05_fixture_sku_94f842818f204ca6,P4-05 Fixture Product,,,True,5.000,0.000,Normal
4708,p4_05_fixture_sku_8dd6c426a3934b37,P4-05 Fixture Product,,,True,3.000,0.000,Normal
4709,p4_05_fixture_sku_be8ef04b7b734b2c,P4-05 Fixture Product,,,True,5.000,0.000,Normal
4710,p4_05_fixture_sku_b93278f2b5764048,P4-05 Fixture Product,,,True,6.000,0.000,Normal
4711,p4_05_fixture_sku_e76ab4236b7e4f14,P4-05 Fixture Product,,,True,0.000,0.000,OutOfStock
4712,p4_05_fixture_sku_1310d37cb0e04dfe,P4-05 Fixture Product,,,True,9.000,0.000,Normal
4713,p4_05_fixture_sku_0f3cda63c56e4aea,P4-05 Fixture Product,,,True,10.000,0.000,Normal
4714,p4_05_fixture_sku_97368e7528c646a6,P4-05 Fixture Product,,,True,15.000,0.000,Normal
4715,p4_05_fixture_sku_94dc21c33a074c7e,P4-05 Fixture Product,,,True,10.000,0.000,Normal
4716,p4_05_fixture_sku_2c32af8f507f46a3,P4-05 Fixture Product,,,True,5.000,0.000,Normal
4717,p4_05_fixture_sku_0a31d2f9375c4985,P4-05 Fixture Product,,,True,8.000,0.000,Normal
4718,p4_05_fixture_sku_e85446435c4348bb,P4-05 Fixture Product,,,True,0.000,0.000,OutOfStock
4719,p4_05_fixture_sku_e14758ef4ed149d0,P4-05 Fixture Product,,,True,5.000,0.000,Normal
4720,p4_05_fixture_sku_f07f84d95cd24bff,P4-05 Fixture Product,,,True,1.000,0.000,Normal
4721,p4_05_fixture_sku_43910ad54f0a4508,P4-05 Fixture Product,,,True,0.000,0.000,OutOfStock
4722,p4_05_fixture_sku_9ddf9c4540e043e3,P4-05 Fixture Product,,,True,0.000,0.000,OutOfStock
4723,p4_05_fixture_sku_d0d718c2a2b54790,P4-05 Fixture Product,,,True,0.000,0.000,OutOfStock
4724,p4_05_fixture_sku_93c9501801354564,P4-05 Fixture Product,,,True,5.000,0.000,Normal
4725,p4_05_fixture_sku_5ec7ce6068b14cad,P4-05 Fixture Product,,,True,4.000,0.000,Normal
4726,p4_05_fixture_sku_c946f3bc128d4ea8,P4-05 Fixture Product,,,True,10.000,0.000,Normal
4727,p4_05_fixture_sku_b7ef0faf774e49ee,P4-05 Fixture Product,,,True,0.000,0.000,OutOfStock
4728,p4_05_fixture_sku_986a21dd6b954a45,P4-05 Fixture Product,,,True,0.000,0.000,OutOfStock
4899,p4_05_fixture_sku_00d654fa0e7d4dd5,P4-05 Fixture Product,,,True,10.000,0.000,Normal
4900,p4_05_fixture_sku_624e55ef357d492c,P4-05 Fixture Product,,,True,5.000,0.000,Normal
4901,p4_05_fixture_sku_91d1e49200684042,P4-05 Fixture Product,,,True,8.000,0.000,Normal
4902,p4_05_fixture_sku_d009ece8417c434f,P4-05 Fixture Product,,,True,4.000,0.000,Normal
4903,p4_05_fixture_sku_a463a29f64824139,P4-05 Fixture Product,,,True,5.000,0.000,Normal
4904,p4_05_fixture_sku_5fbdf5d2c5424cd5,P4-05 Fixture Product,,,True,3.000,0.000,Normal
4905,p4_05_fixture_sku_5065b2723a044f7b,P4-05 Fixture Product,,,True,5.000,0.000,Normal
4906,p4_05_fixture_sku_da28459030e94fa5,P4-05 Fixture Product,,,True,6.000,0.000,Normal
4907,p4_05_fixture_sku_d9ebc4d9fdb94b0f,P4-05 Fixture Product,,,True,0.000,0.000,OutOfStock
4908,p4_05_fixture_sku_cec11e2cf5954a13,P4-05 Fixture Product,,,True,9.000,0.000,Normal
4909,p4_05_fixture_sku_b8f761beb4db4c4a,P4-05 Fixture Product,,,True,10.000,0.000,Normal
4910,p4_05_fixture_sku_d1d2d05dd72c4af2,P4-05 Fixture Product,,,True,15.000,0.000,Normal
4911,p4_05_fixture_sku_6956c2220d1e4134,P4-05 Fixture Product,,,True,10.000,0.000,Normal
4912,p4_05_fixture_sku_9c91cd7ffccc4ef3,P4-05 Fixture Product,,,True,5.000,0.000,Normal
4913,p4_05_fixture_sku_704949bfb3b54496,P4-05 Fixture Product,,,True,8.000,0.000,Normal
4914,p4_05_fixture_sku_d08341fe37ad40cb,P4-05 Fixture Product,,,True,0.000,0.000,OutOfStock
4915,p4_05_fixture_sku_d42eb1b33ce74297,P4-05 Fixture Product,,,True,5.000,0.000,Normal
4916,p4_05_fixture_sku_cbbf236c164d4a79,P4-05 Fixture Product,,,True,1.000,0.000,Normal
4917,p4_05_fixture_sku_87ad6c78e4084fec,P4-05 Fixture Product,,,True,0.000,0.000,OutOfStock
4918,p4_05_fixture_sku_3988cc1692114c0a,P4-05 Fixture Product,,,True,0.000,0.000,OutOfStock
4919,p4_05_fixture_sku_aaaad823f8c9410b,P4-05 Fixture Product,,,True,0.000,0.000,OutOfStock
4920,p4_05_fixture_sku_610fe303bf9f4569,P4-05 Fixture Product,,,True,5.000,0.000,Normal
4921,p4_05_fixture_sku_5c17f714fed14d4b,P4-05 Fixture Product,,,True,4.000,0.000,Normal
4922,p4_05_fixture_sku_96467f9f1d2e4736,P4-05 Fixture Product,,,True,10.000,0.000,Normal
4923,p4_05_fixture_sku_c1144acc387c4a75,P4-05 Fixture Product,,,True,0.000,0.000,OutOfStock
4924,p4_05_fixture_sku_704938c010f6435f,P4-05 Fixture Product,,,True,0.000,0.000,OutOfStock
5103,p4_05_fixture_sku_b7d48a213feb4c53,P4-05 Fixture Product,,,True,10.000,0.000,Normal
5104,p4_05_fixture_sku_9c9ecf1c4cc840ad,P4-05 Fixture Product,,,True,5.000,0.000,Normal
5105,p4_05_fixture_sku_235b4b0c06a04733,P4-05 Fixture Product,,,True,8.000,0.000,Normal
5106,p4_05_fixture_sku_5513ce4cac994432,P4-05 Fixture Product,,,True,4.000,0.000,Normal
5107,p4_05_fixture_sku_74acfe09a5fc4d3a,P4-05 Fixture Product,,,True,5.000,0.000,Normal
5108,p4_05_fixture_sku_7ad63165a9684ce4,P4-05 Fixture Product,,,True,3.000,0.000,Normal
5109,p4_05_fixture_sku_3ff5642b65744d23,P4-05 Fixture Product,,,True,5.000,0.000,Normal
5110,p4_05_fixture_sku_d53ab04f438c4fb2,P4-05 Fixture Product,,,True,6.000,0.000,Normal
5111,p4_05_fixture_sku_c6798b5cf6bc4c8e,P4-05 Fixture Product,,,True,0.000,0.000,OutOfStock
5112,p4_05_fixture_sku_728ee239b817476c,P4-05 Fixture Product,,,True,9.000,0.000,Normal
5113,p4_05_fixture_sku_3e8044ab6ab14a78,P4-05 Fixture Product,,,True,10.000,0.000,Normal
5114,p4_05_fixture_sku_501ae0bcd18a4186,P4-05 Fixture Product,,,True,15.000,0.000,Normal
5115,p4_05_fixture_sku_a4ac8f6a03944022,P4-05 Fixture Product,,,True,10.000,0.000,Normal
5116,p4_05_fixture_sku_6acadbf8f63c482e,P4-05 Fixture Product,,,True,5.000,0.000,Normal
5117,p4_05_fixture_sku_7f63d822efdf4841,P4-05 Fixture Product,,,True,8.000,0.000,Normal
5118,p4_05_fixture_sku_bd246c2599f94fb6,P4-05 Fixture Product,,,True,0.000,0.000,OutOfStock
5119,p4_05_fixture_sku_37d62a2d842a4ada,P4-05 Fixture Product,,,True,5.000,0.000,Normal
5120,p4_05_fixture_sku_e86ca02c82504c30,P4-05 Fixture Product,,,True,1.000,0.000,Normal
5121,p4_05_fixture_sku_67387420f5814162,P4-05 Fixture Product,,,True,0.000,0.000,OutOfStock
5122,p4_05_fixture_sku_a90a89b27a74429c,P4-05 Fixture Product,,,True,0.000,0.000,OutOfStock
5123,p4_05_fixture_sku_f48e314746c24779,P4-05 Fixture Product,,,True,0.000,0.000,OutOfStock
5124,p4_05_fixture_sku_f6c454883b2846c4,P4-05 Fixture Product,,,True,5.000,0.000,Normal
5125,p4_05_fixture_sku_a6df6d09b09e4ff0,P4-05 Fixture Product,,,True,4.000,0.000,Normal
5126,p4_05_fixture_sku_1cd396fecd354a82,P4-05 Fixture Product,,,True,10.000,0.000,Normal
5127,p4_05_fixture_sku_dad7f2c309fa4355,P4-05 Fixture Product,,,True,0.000,0.000,OutOfStock
5128,p4_05_fixture_sku_cc67fc0721cc4e60,P4-05 Fixture Product,,,True,0.000,0.000,OutOfStock
5387,p4_05_fixture_sku_ae29f4c0699c4ad5,P4-05 Fixture Product,,,True,10.000,0.000,Normal
5388,p4_05_fixture_sku_7fb5eff9fc234d51,P4-05 Fixture Product,,,True,5.000,0.000,Normal
5389,p4_05_fixture_sku_a8fd762a55ee4f0a,P4-05 Fixture Product,,,True,8.000,0.000,Normal
5390,p4_05_fixture_sku_4fc539035bad4eaf,P4-05 Fixture Product,,,True,4.000,0.000,Normal
5391,p4_05_fixture_sku_225cdb045b3749bc,P4-05 Fixture Product,,,True,5.000,0.000,Normal
5392,p4_05_fixture_sku_354886dfcfaa4961,P4-05 Fixture Product,,,True,3.000,0.000,Normal
5393,p4_05_fixture_sku_22df0e536a0f466a,P4-05 Fixture Product,,,True,5.000,0.000,Normal
5394,p4_05_fixture_sku_b98fe07f0a1746c0,P4-05 Fixture Product,,,True,6.000,0.000,Normal
5395,p4_05_fixture_sku_e8a7727bc8a04de8,P4-05 Fixture Product,,,True,0.000,0.000,OutOfStock
5396,p4_05_fixture_sku_ecf9955239114333,P4-05 Fixture Product,,,True,9.000,0.000,Normal
5397,p4_05_fixture_sku_9e34592cbf844ae1,P4-05 Fixture Product,,,True,10.000,0.000,Normal
5398,p4_05_fixture_sku_be4358b62a1b4cd0,P4-05 Fixture Product,,,True,15.000,0.000,Normal
5399,p4_05_fixture_sku_9827cb61f1b64059,P4-05 Fixture Product,,,True,10.000,0.000,Normal
5400,p4_05_fixture_sku_9de55f7bf1fb4cb2,P4-05 Fixture Product,,,True,5.000,0.000,Normal
5401,p4_05_fixture_sku_c06a22fcd76e41e4,P4-05 Fixture Product,,,True,8.000,0.000,Normal
5402,p4_05_fixture_sku_55bdc80b4b544668,P4-05 Fixture Product,,,True,0.000,0.000,OutOfStock
5403,p4_05_fixture_sku_9289eb7122904327,P4-05 Fixture Product,,,True,5.000,0.000,Normal
5404,p4_05_fixture_sku_fa482cb884e84bb6,P4-05 Fixture Product,,,True,1.000,0.000,Normal
5405,p4_05_fixture_sku_2e676cf5bccd4631,P4-05 Fixture Product,,,True,0.000,0.000,OutOfStock
5406,p4_05_fixture_sku_18027acf1fd24684,P4-05 Fixture Product,,,True,0.000,0.000,OutOfStock
5407,p4_05_fixture_sku_8c49fd4d46c04af3,P4-05 Fixture Product,,,True,0.000,0.000,OutOfStock
5408,p4_05_fixture_sku_a6c0e35602c04782,P4-05 Fixture Product,,,True,5.000,0.000,Normal
5409,p4_05_fixture_sku_fc16dd3bb6294054,P4-05 Fixture Product,,,True,4.000,0.000,Normal
5410,p4_05_fixture_sku_0afe56a0d65143c7,P4-05 Fixture Product,,,True,10.000,0.000,Normal
5411,p4_05_fixture_sku_67f2ff8f76b443e7,P4-05 Fixture Product,,,True,0.000,0.000,OutOfStock
5412,p4_05_fixture_sku_a12eb9ffe4b64363,P4-05 Fixture Product,,,True,0.000,0.000,OutOfStock
5618,p4_05_fixture_sku_a187a86d01ad4879,P4-05 Fixture Product,,,True,10.000,0.000,Normal
5619,p4_05_fixture_sku_6f7b2cacbef84d6e,P4-05 Fixture Product,,,True,5.000,0.000,Normal
5620,p4_05_fixture_sku_cf52041d87194b3c,P4-05 Fixture Product,,,True,8.000,0.000,Normal
5621,p4_05_fixture_sku_88f10fb8eb5a4c60,P4-05 Fixture Product,,,True,4.000,0.000,Normal
5622,p4_05_fixture_sku_94dc8a54e58d4d5f,P4-05 Fixture Product,,,True,5.000,0.000,Normal
5623,p4_05_fixture_sku_1e3c97fb2a674e0b,P4-05 Fixture Product,,,True,3.000,0.000,Normal
5624,p4_05_fixture_sku_9ea23bceb8b94eac,P4-05 Fixture Product,,,True,5.000,0.000,Normal
5625,p4_05_fixture_sku_068bb644d38f4c2f,P4-05 Fixture Product,,,True,6.000,0.000,Normal
5626,p4_05_fixture_sku_34e4726a2cfc4691,P4-05 Fixture Product,,,True,0.000,0.000,OutOfStock
5627,p4_05_fixture_sku_03b1e833cf664e80,P4-05 Fixture Product,,,True,9.000,0.000,Normal
5628,p4_05_fixture_sku_e0c0889b09204372,P4-05 Fixture Product,,,True,10.000,0.000,Normal
5629,p4_05_fixture_sku_df0e70abe4654b1b,P4-05 Fixture Product,,,True,15.000,0.000,Normal
5630,p4_05_fixture_sku_ce79af82f2f54f0c,P4-05 Fixture Product,,,True,10.000,0.000,Normal
5631,p4_05_fixture_sku_b0159510eb0c4033,P4-05 Fixture Product,,,True,5.000,0.000,Normal
5632,p4_05_fixture_sku_a3622a87d70d4302,P4-05 Fixture Product,,,True,8.000,0.000,Normal
5633,p4_05_fixture_sku_b62a55042eaa42fc,P4-05 Fixture Product,,,True,0.000,0.000,OutOfStock
5634,p4_05_fixture_sku_df466bfb49a54731,P4-05 Fixture Product,,,True,5.000,0.000,Normal
5635,p4_05_fixture_sku_ece8c8eefc7440fa,P4-05 Fixture Product,,,True,1.000,0.000,Normal
5636,p4_05_fixture_sku_88e87b44fd8142e7,P4-05 Fixture Product,,,True,0.000,0.000,OutOfStock
5637,p4_05_fixture_sku_1caf1833c9b64a0a,P4-05 Fixture Product,,,True,0.000,0.000,OutOfStock
5638,p4_05_fixture_sku_4f9080943347445b,P4-05 Fixture Product,,,True,0.000,0.000,OutOfStock
5639,p4_05_fixture_sku_6e49fadb0d1f410f,P4-05 Fixture Product,,,True,5.000,0.000,Normal
5640,p4_05_fixture_sku_ff60e9614c484963,P4-05 Fixture Product,,,True,4.000,0.000,Normal
5641,p4_05_fixture_sku_9dde1f87a3194717,P4-05 Fixture Product,,,True,10.000,0.000,Normal
5642,p4_05_fixture_sku_65b4264ec0254ada,P4-05 Fixture Product,,,True,0.000,0.000,OutOfStock
5643,p4_05_fixture_sku_1ca8fabddf1d4474,P4-05 Fixture Product,,,True,0.000,0.000,OutOfStock
5887,p4_05_fixture_sku_bb18aa1182144fb8,P4-05 Fixture Product,,,True,10.000,0.000,Normal
5888,p4_05_fixture_sku_716b3fc91d72462b,P4-05 Fixture Product,,,True,5.000,0.000,Normal
5889,p4_05_fixture_sku_b57f545aebbd47f0,P4-05 Fixture Product,,,True,8.000,0.000,Normal
5890,p4_05_fixture_sku_bb7141ddcb86422a,P4-05 Fixture Product,,,True,4.000,0.000,Normal
5891,p4_05_fixture_sku_91c88cd10e2e40e6,P4-05 Fixture Product,,,True,5.000,0.000,Normal
5892,p4_05_fixture_sku_8cf7ff2076424234,P4-05 Fixture Product,,,True,3.000,0.000,Normal
5893,p4_05_fixture_sku_d6386a81ffec4802,P4-05 Fixture Product,,,True,5.000,0.000,Normal
5894,p4_05_fixture_sku_f671d2e2b7d24f9c,P4-05 Fixture Product,,,True,6.000,0.000,Normal
5895,p4_05_fixture_sku_0563e34bb033449a,P4-05 Fixture Product,,,True,0.000,0.000,OutOfStock
5896,p4_05_fixture_sku_cbf66f0643064a0d,P4-05 Fixture Product,,,True,9.000,0.000,Normal
5897,p4_05_fixture_sku_bbc7f743e09a483e,P4-05 Fixture Product,,,True,10.000,0.000,Normal
5898,p4_05_fixture_sku_dbee5d7154c1479a,P4-05 Fixture Product,,,True,15.000,0.000,Normal
5899,p4_05_fixture_sku_6e3af5b0ab334f01,P4-05 Fixture Product,,,True,10.000,0.000,Normal
5900,p4_05_fixture_sku_f18c5600cbdf482e,P4-05 Fixture Product,,,True,5.000,0.000,Normal
5901,p4_05_fixture_sku_2aadf60d5035482d,P4-05 Fixture Product,,,True,8.000,0.000,Normal
5902,p4_05_fixture_sku_122a778957114fbe,P4-05 Fixture Product,,,True,0.000,0.000,OutOfStock
5903,p4_05_fixture_sku_1617e39180cc4ae4,P4-05 Fixture Product,,,True,5.000,0.000,Normal
5904,p4_05_fixture_sku_5772d38c9666415f,P4-05 Fixture Product,,,True,1.000,0.000,Normal
5905,p4_05_fixture_sku_e3398167f5754f3a,P4-05 Fixture Product,,,True,0.000,0.000,OutOfStock
5906,p4_05_fixture_sku_2424ed72fd344e25,P4-05 Fixture Product,,,True,0.000,0.000,OutOfStock
5907,p4_05_fixture_sku_d47fa0f94b584fc6,P4-05 Fixture Product,,,True,0.000,0.000,OutOfStock
5908,p4_05_fixture_sku_e55726418dd94cb9,P4-05 Fixture Product,,,True,5.000,0.000,Normal
5909,p4_05_fixture_sku_5562c3eb7d4b4786,P4-05 Fixture Product,,,True,4.000,0.000,Normal
5910,p4_05_fixture_sku_9e9fe8ccf20c4438,P4-05 Fixture Product,,,True,10.000,0.000,Normal
5911,p4_05_fixture_sku_f604eb8414014caa,P4-05 Fixture Product,,,True,0.000,0.000,OutOfStock
5912,p4_05_fixture_sku_0edce877c78c4221,P4-05 Fixture Product,,,True,0.000,0.000,OutOfStock
6141,p4_05_fixture_sku_1dde069f52ec4407,P4-05 Fixture Product,,,True,10.000,0.000,Normal
6142,p4_05_fixture_sku_3921ad1976354cf2,P4-05 Fixture Product,,,True,5.000,0.000,Normal
6143,p4_05_fixture_sku_21d3603468664fa5,P4-05 Fixture Product,,,True,8.000,0.000,Normal
6144,p4_05_fixture_sku_d89525ede7c24837,P4-05 Fixture Product,,,True,4.000,0.000,Normal
6145,p4_05_fixture_sku_3eaab898736d4f3a,P4-05 Fixture Product,,,True,5.000,0.000,Normal
6146,p4_05_fixture_sku_7b7bd559ac024245,P4-05 Fixture Product,,,True,3.000,0.000,Normal
6147,p4_05_fixture_sku_819c6af7f7e84067,P4-05 Fixture Product,,,True,5.000,0.000,Normal
6148,p4_05_fixture_sku_f238e7bdc9ef4b59,P4-05 Fixture Product,,,True,6.000,0.000,Normal
6149,p4_05_fixture_sku_2b3626d1638d4ef5,P4-05 Fixture Product,,,True,0.000,0.000,OutOfStock
6150,p4_05_fixture_sku_aa7f5901dac6418f,P4-05 Fixture Product,,,True,9.000,0.000,Normal
6151,p4_05_fixture_sku_aea99d305dc14b4f,P4-05 Fixture Product,,,True,10.000,0.000,Normal
6152,p4_05_fixture_sku_e8067ea8d4ec4842,P4-05 Fixture Product,,,True,15.000,0.000,Normal
6153,p4_05_fixture_sku_a713a90be53a463f,P4-05 Fixture Product,,,True,10.000,0.000,Normal
6154,p4_05_fixture_sku_5b7e11c0caf745e1,P4-05 Fixture Product,,,True,5.000,0.000,Normal
6155,p4_05_fixture_sku_bfa05cacfd654293,P4-05 Fixture Product,,,True,8.000,0.000,Normal
6156,p4_05_fixture_sku_e171a776c7a44174,P4-05 Fixture Product,,,True,0.000,0.000,OutOfStock
6157,p4_05_fixture_sku_3045f366231947e6,P4-05 Fixture Product,,,True,5.000,0.000,Normal
6158,p4_05_fixture_sku_d1486af760b74faa,P4-05 Fixture Product,,,True,1.000,0.000,Normal
6159,p4_05_fixture_sku_6fd7dae0a5914302,P4-05 Fixture Product,,,True,0.000,0.000,OutOfStock
6160,p4_05_fixture_sku_fdf3ba617ab044b3,P4-05 Fixture Product,,,True,0.000,0.000,OutOfStock
6161,p4_05_fixture_sku_699b9959ff234dc5,P4-05 Fixture Product,,,True,0.000,0.000,OutOfStock
6162,p4_05_fixture_sku_5ef3caecd0df41df,P4-05 Fixture Product,,,True,5.000,0.000,Normal
6163,p4_05_fixture_sku_3c6246e469d84f3d,P4-05 Fixture Product,,,True,4.000,0.000,Normal
6164,p4_05_fixture_sku_c66e6d7c16cc484f,P4-05 Fixture Product,,,True,10.000,0.000,Normal
6165,p4_05_fixture_sku_60a9736b60264c43,P4-05 Fixture Product,,,True,0.000,0.000,OutOfStock
6166,p4_05_fixture_sku_fcbadb395dce4f52,P4-05 Fixture Product,,,True,0.000,0.000,OutOfStock
6381,p4_05_fixture_sku_f3f990c1d5d34254,P4-05 Fixture Product,,,True,10.000,0.000,Normal
6382,p4_05_fixture_sku_bde7e2cb725d485c,P4-05 Fixture Product,,,True,5.000,0.000,Normal
6383,p4_05_fixture_sku_f1c7817450264d9b,P4-05 Fixture Product,,,True,8.000,0.000,Normal
6384,p4_05_fixture_sku_681d9e3b2d464c57,P4-05 Fixture Product,,,True,4.000,0.000,Normal
6385,p4_05_fixture_sku_fbfe275177af4dc5,P4-05 Fixture Product,,,True,5.000,0.000,Normal
6386,p4_05_fixture_sku_25ebe1602aa54c17,P4-05 Fixture Product,,,True,3.000,0.000,Normal
6387,p4_05_fixture_sku_8106a24dc8b14124,P4-05 Fixture Product,,,True,5.000,0.000,Normal
6388,p4_05_fixture_sku_d554da6728364887,P4-05 Fixture Product,,,True,6.000,0.000,Normal
6389,p4_05_fixture_sku_739c5a7d25e34279,P4-05 Fixture Product,,,True,0.000,0.000,OutOfStock
6390,p4_05_fixture_sku_ce25014da7ce424a,P4-05 Fixture Product,,,True,9.000,0.000,Normal
6391,p4_05_fixture_sku_79ca2a4adeb34006,P4-05 Fixture Product,,,True,10.000,0.000,Normal
6392,p4_05_fixture_sku_a786fda225df4218,P4-05 Fixture Product,,,True,15.000,0.000,Normal
6393,p4_05_fixture_sku_aecf2da257364bd3,P4-05 Fixture Product,,,True,10.000,0.000,Normal
6394,p4_05_fixture_sku_b1e21829f20e4598,P4-05 Fixture Product,,,True,5.000,0.000,Normal
6395,p4_05_fixture_sku_0e5a1fb82b844999,P4-05 Fixture Product,,,True,8.000,0.000,Normal
6396,p4_05_fixture_sku_f8259dcce1734e3c,P4-05 Fixture Product,,,True,0.000,0.000,OutOfStock
6397,p4_05_fixture_sku_d3d25936deb448ad,P4-05 Fixture Product,,,True,5.000,0.000,Normal
6398,p4_05_fixture_sku_9353d9cf08764cc8,P4-05 Fixture Product,,,True,1.000,0.000,Normal
6399,p4_05_fixture_sku_c3be9c17b3f74ba2,P4-05 Fixture Product,,,True,0.000,0.000,OutOfStock
6400,p4_05_fixture_sku_e1dcecebeafc4a1c,P4-05 Fixture Product,,,True,0.000,0.000,OutOfStock
6401,p4_05_fixture_sku_e7b1064a9b6245b6,P4-05 Fixture Product,,,True,0.000,0.000,OutOfStock
6402,p4_05_fixture_sku_dd741bfb0ca249e2,P4-05 Fixture Product,,,True,5.000,0.000,Normal
6403,p4_05_fixture_sku_7d7ed6d4d0d54128,P4-05 Fixture Product,,,True,4.000,0.000,Normal
6404,p4_05_fixture_sku_a6c3a514291f4561,P4-05 Fixture Product,,,True,10.000,0.000,Normal
6405,p4_05_fixture_sku_f6542665247a4fb1,P4-05 Fixture Product,,,True,0.000,0.000,OutOfStock
6406,p4_05_fixture_sku_c85f94502b5e47e6,P4-05 Fixture Product,,,True,0.000,0.000,OutOfStock
6628,p4_05_fixture_sku_a36165192d224fb4,P4-05 Fixture Product,,,True,10.000,0.000,Normal
6629,p4_05_fixture_sku_16a2c59aaf054516,P4-05 Fixture Product,,,True,5.000,0.000,Normal
6630,p4_05_fixture_sku_24037bd843844e8a,P4-05 Fixture Product,,,True,8.000,0.000,Normal
6631,p4_05_fixture_sku_bf9781ddb9404d77,P4-05 Fixture Product,,,True,4.000,0.000,Normal
6632,p4_05_fixture_sku_a24fc60351504a55,P4-05 Fixture Product,,,True,5.000,0.000,Normal
6633,p4_05_fixture_sku_6fb5e9c585a74853,P4-05 Fixture Product,,,True,3.000,0.000,Normal
6634,p4_05_fixture_sku_e998abf5838446a8,P4-05 Fixture Product,,,True,5.000,0.000,Normal
6635,p4_05_fixture_sku_acae2d5cde454ff0,P4-05 Fixture Product,,,True,6.000,0.000,Normal
6636,p4_05_fixture_sku_f05bf52fc6884aa0,P4-05 Fixture Product,,,True,0.000,0.000,OutOfStock
6637,p4_05_fixture_sku_26c7d82d1856454d,P4-05 Fixture Product,,,True,9.000,0.000,Normal
6638,p4_05_fixture_sku_56dac996ab144793,P4-05 Fixture Product,,,True,10.000,0.000,Normal
6639,p4_05_fixture_sku_6319a909bd354634,P4-05 Fixture Product,,,True,15.000,0.000,Normal
6640,p4_05_fixture_sku_4d5f7d4b8bf04773,P4-05 Fixture Product,,,True,10.000,0.000,Normal
6641,p4_05_fixture_sku_37df701da87643d5,P4-05 Fixture Product,,,True,5.000,0.000,Normal
6642,p4_05_fixture_sku_326034678b684247,P4-05 Fixture Product,,,True,8.000,0.000,Normal
6643,p4_05_fixture_sku_1bdf3718a9704838,P4-05 Fixture Product,,,True,0.000,0.000,OutOfStock
6644,p4_05_fixture_sku_9306baad42f44578,P4-05 Fixture Product,,,True,5.000,0.000,Normal
6645,p4_05_fixture_sku_b28cef10c50845a1,P4-05 Fixture Product,,,True,1.000,0.000,Normal
6646,p4_05_fixture_sku_9f5860fc6f594922,P4-05 Fixture Product,,,True,0.000,0.000,OutOfStock
6647,p4_05_fixture_sku_97a4a3784f0a4aee,P4-05 Fixture Product,,,True,0.000,0.000,OutOfStock
6648,p4_05_fixture_sku_f81e06a49e82469f,P4-05 Fixture Product,,,True,0.000,0.000,OutOfStock
6649,p4_05_fixture_sku_02ddd6c3270c4275,P4-05 Fixture Product,,,True,5.000,0.000,Normal
6650,p4_05_fixture_sku_55e4d12d3a4b4504,P4-05 Fixture Product,,,True,4.000,0.000,Normal
6651,p4_05_fixture_sku_65de0c0e162040d5,P4-05 Fixture Product,,,True,10.000,0.000,Normal
6652,p4_05_fixture_sku_506e6d5f974049be,P4-05 Fixture Product,,,True,0.000,0.000,OutOfStock
6653,p4_05_fixture_sku_1adb5e29b3f44e51,P4-05 Fixture Product,,,True,0.000,0.000,OutOfStock
6871,p4_05_fixture_sku_9132ddeca7094522,P4-05 Fixture Product,,,True,10.000,0.000,Normal
6872,p4_05_fixture_sku_48d7dd6bf4674b0a,P4-05 Fixture Product,,,True,5.000,0.000,Normal
6873,p4_05_fixture_sku_15a16e2c982f4d7e,P4-05 Fixture Product,,,True,8.000,0.000,Normal
6874,p4_05_fixture_sku_80e3411ba9474659,P4-05 Fixture Product,,,True,4.000,0.000,Normal
6875,p4_05_fixture_sku_3036c2f3b0e44741,P4-05 Fixture Product,,,True,5.000,0.000,Normal
6876,p4_05_fixture_sku_4d10250a25464732,P4-05 Fixture Product,,,True,3.000,0.000,Normal
6877,p4_05_fixture_sku_189d2af805a54eb3,P4-05 Fixture Product,,,True,5.000,0.000,Normal
6878,p4_05_fixture_sku_89ac304076b24b06,P4-05 Fixture Product,,,True,6.000,0.000,Normal
6879,p4_05_fixture_sku_1bf7bae3621d4a02,P4-05 Fixture Product,,,True,0.000,0.000,OutOfStock
6880,p4_05_fixture_sku_0cd91a276f29444e,P4-05 Fixture Product,,,True,9.000,0.000,Normal
6881,p4_05_fixture_sku_3ae841aa5a484ded,P4-05 Fixture Product,,,True,10.000,0.000,Normal
6882,p4_05_fixture_sku_fea2570232a9486c,P4-05 Fixture Product,,,True,15.000,0.000,Normal
6883,p4_05_fixture_sku_1fa2fa9d8beb4fa1,P4-05 Fixture Product,,,True,10.000,0.000,Normal
6884,p4_05_fixture_sku_7131d2853d8d4a41,P4-05 Fixture Product,,,True,5.000,0.000,Normal
6885,p4_05_fixture_sku_6e6ef20cbc8b47c9,P4-05 Fixture Product,,,True,8.000,0.000,Normal
6886,p4_05_fixture_sku_d9c68e1798ce4c69,P4-05 Fixture Product,,,True,0.000,0.000,OutOfStock
6887,p4_05_fixture_sku_af65875dcd6e437c,P4-05 Fixture Product,,,True,5.000,0.000,Normal
6888,p4_05_fixture_sku_4a6c45d534294980,P4-05 Fixture Product,,,True,1.000,0.000,Normal
6889,p4_05_fixture_sku_6db5ac2692194e90,P4-05 Fixture Product,,,True,0.000,0.000,OutOfStock
6890,p4_05_fixture_sku_956060477ed8418d,P4-05 Fixture Product,,,True,0.000,0.000,OutOfStock
6891,p4_05_fixture_sku_ca697b53e8b448a7,P4-05 Fixture Product,,,True,0.000,0.000,OutOfStock
6892,p4_05_fixture_sku_78f756afef41489e,P4-05 Fixture Product,,,True,5.000,0.000,Normal
6893,p4_05_fixture_sku_7c91b43db0d24550,P4-05 Fixture Product,,,True,4.000,0.000,Normal
6894,p4_05_fixture_sku_d5d38bab628a4b5c,P4-05 Fixture Product,,,True,10.000,0.000,Normal
6895,p4_05_fixture_sku_ec3db5f99ee142a1,P4-05 Fixture Product,,,True,0.000,0.000,OutOfStock
6896,p4_05_fixture_sku_a68d655e87d44231,P4-05 Fixture Product,,,True,0.000,0.000,OutOfStock
7179,p4_05_fixture_sku_390df9fd6b1b4263,P4-05 Fixture Product,,,True,10.000,0.000,Normal
7180,p4_05_fixture_sku_a2b190ed34914c6f,P4-05 Fixture Product,,,True,5.000,0.000,Normal
7181,p4_05_fixture_sku_a791acb572fc40ff,P4-05 Fixture Product,,,True,8.000,0.000,Normal
7182,p4_05_fixture_sku_a557230464054ed3,P4-05 Fixture Product,,,True,4.000,0.000,Normal
7183,p4_05_fixture_sku_4de1e1393ac54cfa,P4-05 Fixture Product,,,True,5.000,0.000,Normal
7184,p4_05_fixture_sku_a76bcc1062874c88,P4-05 Fixture Product,,,True,3.000,0.000,Normal
7185,p4_05_fixture_sku_74ddb1073c79401f,P4-05 Fixture Product,,,True,5.000,0.000,Normal
7186,p4_05_fixture_sku_c7c19babcf214b05,P4-05 Fixture Product,,,True,6.000,0.000,Normal
7187,p4_05_fixture_sku_3ba1095e00514ecc,P4-05 Fixture Product,,,True,0.000,0.000,OutOfStock
7188,p4_05_fixture_sku_3e9646e246814403,P4-05 Fixture Product,,,True,9.000,0.000,Normal
7189,p4_05_fixture_sku_cb735a94c2b04274,P4-05 Fixture Product,,,True,10.000,0.000,Normal
7190,p4_05_fixture_sku_ef8c818e63094723,P4-05 Fixture Product,,,True,15.000,0.000,Normal
7191,p4_05_fixture_sku_8798b39ac1654fb1,P4-05 Fixture Product,,,True,10.000,0.000,Normal
7192,p4_05_fixture_sku_13be5b06a469471e,P4-05 Fixture Product,,,True,5.000,0.000,Normal
7193,p4_05_fixture_sku_c2aca2ac36314704,P4-05 Fixture Product,,,True,8.000,0.000,Normal
7194,p4_05_fixture_sku_51f045dce7d24edd,P4-05 Fixture Product,,,True,0.000,0.000,OutOfStock
7195,p4_05_fixture_sku_4f1beda3a078413d,P4-05 Fixture Product,,,True,5.000,0.000,Normal
7196,p4_05_fixture_sku_362473bf60a44203,P4-05 Fixture Product,,,True,1.000,0.000,Normal
7197,p4_05_fixture_sku_a2e6a3517f4e48b2,P4-05 Fixture Product,,,True,0.000,0.000,OutOfStock
7198,p4_05_fixture_sku_1d26c57435f94be6,P4-05 Fixture Product,,,True,0.000,0.000,OutOfStock
7199,p4_05_fixture_sku_9c778f14c8e04144,P4-05 Fixture Product,,,True,0.000,0.000,OutOfStock
7200,p4_05_fixture_sku_47410d06a383477b,P4-05 Fixture Product,,,True,5.000,0.000,Normal
7201,p4_05_fixture_sku_e6fd5ef6ddf04211,P4-05 Fixture Product,,,True,4.000,0.000,Normal
7202,p4_05_fixture_sku_1f90675b56594df6,P4-05 Fixture Product,,,True,10.000,0.000,Normal
7203,p4_05_fixture_sku_f947b24404ae458d,P4-05 Fixture Product,,,True,0.000,0.000,OutOfStock
7204,p4_05_fixture_sku_f8543411c7e54b00,P4-05 Fixture Product,,,True,0.000,0.000,OutOfStock
7450,p4_05_fixture_sku_aaeb65381df5403b,P4-05 Fixture Product,,,True,10.000,0.000,Normal
7451,p4_05_fixture_sku_ce4e3f32388142d0,P4-05 Fixture Product,,,True,5.000,0.000,Normal
7452,p4_05_fixture_sku_dc6e2160acf14f25,P4-05 Fixture Product,,,True,8.000,0.000,Normal
7453,p4_05_fixture_sku_7413c690f31f4d7d,P4-05 Fixture Product,,,True,4.000,0.000,Normal
7454,p4_05_fixture_sku_69035f6f94214794,P4-05 Fixture Product,,,True,5.000,0.000,Normal
7455,p4_05_fixture_sku_fab4dc94cea9484b,P4-05 Fixture Product,,,True,3.000,0.000,Normal
7456,p4_05_fixture_sku_697d88dfc7a84dc7,P4-05 Fixture Product,,,True,5.000,0.000,Normal
7457,p4_05_fixture_sku_4527e1dc73b94d5a,P4-05 Fixture Product,,,True,6.000,0.000,Normal
7458,p4_05_fixture_sku_7168a16ba146405a,P4-05 Fixture Product,,,True,0.000,0.000,OutOfStock
7459,p4_05_fixture_sku_8bea36856579445d,P4-05 Fixture Product,,,True,9.000,0.000,Normal
7460,p4_05_fixture_sku_ccffdb75986244ea,P4-05 Fixture Product,,,True,10.000,0.000,Normal
7461,p4_05_fixture_sku_8a49bae438f842a6,P4-05 Fixture Product,,,True,15.000,0.000,Normal
7462,p4_05_fixture_sku_2d18ceefc7604dfe,P4-05 Fixture Product,,,True,10.000,0.000,Normal
7463,p4_05_fixture_sku_d3eca6d101df442d,P4-05 Fixture Product,,,True,5.000,0.000,Normal
7464,p4_05_fixture_sku_e57d42b2aba04711,P4-05 Fixture Product,,,True,8.000,0.000,Normal
7465,p4_05_fixture_sku_0e163760304c4981,P4-05 Fixture Product,,,True,0.000,0.000,OutOfStock
7466,p4_05_fixture_sku_da0826330663446c,P4-05 Fixture Product,,,True,5.000,0.000,Normal
7467,p4_05_fixture_sku_50210ffa3bc748db,P4-05 Fixture Product,,,True,1.000,0.000,Normal
7468,p4_05_fixture_sku_e369a886265e4fef,P4-05 Fixture Product,,,True,0.000,0.000,OutOfStock
7469,p4_05_fixture_sku_22c35a63d06e4a47,P4-05 Fixture Product,,,True,0.000,0.000,OutOfStock
7470,p4_05_fixture_sku_f0154336cc30475a,P4-05 Fixture Product,,,True,0.000,0.000,OutOfStock
7471,p4_05_fixture_sku_7a44e995e7304b94,P4-05 Fixture Product,,,True,5.000,0.000,Normal
7472,p4_05_fixture_sku_ac81770bb1994ddb,P4-05 Fixture Product,,,True,4.000,0.000,Normal
7473,p4_05_fixture_sku_1f24aa36e95d406b,P4-05 Fixture Product,,,True,10.000,0.000,Normal
7474,p4_05_fixture_sku_55735f9ab1e64b30,P4-05 Fixture Product,,,True,0.000,0.000,OutOfStock
7475,p4_05_fixture_sku_f63a146b318c42c8,P4-05 Fixture Product,,,True,0.000,0.000,OutOfStock
7706,p4_05_fixture_sku_66faf98ba0d34f77,P4-05 Fixture Product,,,True,10.000,0.000,Normal
7707,p4_05_fixture_sku_96e0c76be39a4785,P4-05 Fixture Product,,,True,5.000,0.000,Normal
7708,p4_05_fixture_sku_8003ceeec36842c8,P4-05 Fixture Product,,,True,8.000,0.000,Normal
7709,p4_05_fixture_sku_4ba416c5f4a341d9,P4-05 Fixture Product,,,True,4.000,0.000,Normal
7710,p4_05_fixture_sku_86024160564e4980,P4-05 Fixture Product,,,True,5.000,0.000,Normal
7711,p4_05_fixture_sku_7699de8c6ac54c34,P4-05 Fixture Product,,,True,3.000,0.000,Normal
7712,p4_05_fixture_sku_59a63af0ef234022,P4-05 Fixture Product,,,True,5.000,0.000,Normal
7713,p4_05_fixture_sku_e0c4e0709c6e4841,P4-05 Fixture Product,,,True,6.000,0.000,Normal
7714,p4_05_fixture_sku_90f3aa2c80f44ccd,P4-05 Fixture Product,,,True,0.000,0.000,OutOfStock
7715,p4_05_fixture_sku_123a5c907b7b4d58,P4-05 Fixture Product,,,True,9.000,0.000,Normal
7716,p4_05_fixture_sku_1b4b2608420e44f8,P4-05 Fixture Product,,,True,10.000,0.000,Normal
7717,p4_05_fixture_sku_533e47345f914e04,P4-05 Fixture Product,,,True,15.000,0.000,Normal
7718,p4_05_fixture_sku_495d4a798e084752,P4-05 Fixture Product,,,True,10.000,0.000,Normal
7719,p4_05_fixture_sku_509abff5ac364490,P4-05 Fixture Product,,,True,5.000,0.000,Normal
7720,p4_05_fixture_sku_767ffce897f74cbb,P4-05 Fixture Product,,,True,8.000,0.000,Normal
7721,p4_05_fixture_sku_341a936ac0d745ff,P4-05 Fixture Product,,,True,0.000,0.000,OutOfStock
7722,p4_05_fixture_sku_b9603719e3a0404d,P4-05 Fixture Product,,,True,5.000,0.000,Normal
7723,p4_05_fixture_sku_82b52c914e93400b,P4-05 Fixture Product,,,True,1.000,0.000,Normal
7724,p4_05_fixture_sku_24631f8d37374532,P4-05 Fixture Product,,,True,0.000,0.000,OutOfStock
7725,p4_05_fixture_sku_659c0d83f75640fe,P4-05 Fixture Product,,,True,0.000,0.000,OutOfStock
7726,p4_05_fixture_sku_9c1dc71b2e154d52,P4-05 Fixture Product,,,True,0.000,0.000,OutOfStock
7727,p4_05_fixture_sku_27551050022d417b,P4-05 Fixture Product,,,True,5.000,0.000,Normal
7728,p4_05_fixture_sku_7ac6fbbfa422420c,P4-05 Fixture Product,,,True,4.000,0.000,Normal
7729,p4_05_fixture_sku_4cb146f2b2b24ccd,P4-05 Fixture Product,,,True,10.000,0.000,Normal
7730,p4_05_fixture_sku_892e5606794044ad,P4-05 Fixture Product,,,True,0.000,0.000,OutOfStock
7731,p4_05_fixture_sku_a2f7634cd3ed4c43,P4-05 Fixture Product,,,True,0.000,0.000,OutOfStock
7962,p4_05_fixture_sku_33b8f6db86634561,P4-05 Fixture Product,,,True,10.000,0.000,Normal
7963,p4_05_fixture_sku_4fa03a20dbea43a4,P4-05 Fixture Product,,,True,5.000,0.000,Normal
7964,p4_05_fixture_sku_c43fbc7330ca414b,P4-05 Fixture Product,,,True,8.000,0.000,Normal
7965,p4_05_fixture_sku_cfa887b1a4fa4b9a,P4-05 Fixture Product,,,True,4.000,0.000,Normal
7966,p4_05_fixture_sku_426a47b8378443a5,P4-05 Fixture Product,,,True,5.000,0.000,Normal
7967,p4_05_fixture_sku_0bf7a4e868bd41f1,P4-05 Fixture Product,,,True,3.000,0.000,Normal
7968,p4_05_fixture_sku_ef38a32546474d9a,P4-05 Fixture Product,,,True,5.000,0.000,Normal
7969,p4_05_fixture_sku_26418d3ce3ed4272,P4-05 Fixture Product,,,True,6.000,0.000,Normal
7970,p4_05_fixture_sku_bc86b239af7d42e8,P4-05 Fixture Product,,,True,0.000,0.000,OutOfStock
7971,p4_05_fixture_sku_0f06327a0c7f4f99,P4-05 Fixture Product,,,True,9.000,0.000,Normal
7972,p4_05_fixture_sku_88b08759c9b54795,P4-05 Fixture Product,,,True,10.000,0.000,Normal
7973,p4_05_fixture_sku_6b4a00c7f9664a4a,P4-05 Fixture Product,,,True,15.000,0.000,Normal
7974,p4_05_fixture_sku_40245abff50c4a23,P4-05 Fixture Product,,,True,10.000,0.000,Normal
7975,p4_05_fixture_sku_d2416379d9e94a12,P4-05 Fixture Product,,,True,5.000,0.000,Normal
7976,p4_05_fixture_sku_dbc9925c2a9d419e,P4-05 Fixture Product,,,True,8.000,0.000,Normal
7977,p4_05_fixture_sku_f15cd9f0f6b549c9,P4-05 Fixture Product,,,True,0.000,0.000,OutOfStock
7978,p4_05_fixture_sku_8afd09dbd742427c,P4-05 Fixture Product,,,True,5.000,0.000,Normal
7979,p4_05_fixture_sku_ef714e23782e4e71,P4-05 Fixture Product,,,True,1.000,0.000,Normal
7980,p4_05_fixture_sku_9bc2c65a38a44f1d,P4-05 Fixture Product,,,True,0.000,0.000,OutOfStock
7981,p4_05_fixture_sku_92a2e23b61274367,P4-05 Fixture Product,,,True,0.000,0.000,OutOfStock
7982,p4_05_fixture_sku_09778fb44f224cba,P4-05 Fixture Product,,,True,0.000,0.000,OutOfStock
7983,p4_05_fixture_sku_17eb9564fb6a4006,P4-05 Fixture Product,,,True,5.000,0.000,Normal
7984,p4_05_fixture_sku_4e026729f8d4430e,P4-05 Fixture Product,,,True,4.000,0.000,Normal
7985,p4_05_fixture_sku_762d4d87a80444d7,P4-05 Fixture Product,,,True,10.000,0.000,Normal
7986,p4_05_fixture_sku_877d5cd064ba4110,P4-05 Fixture Product,,,True,0.000,0.000,OutOfStock
7987,p4_05_fixture_sku_a547b6451d8f4161,P4-05 Fixture Product,,,True,0.000,0.000,OutOfStock
8218,p4_05_fixture_sku_1ed367a9d7bd4470,P4-05 Fixture Product,,,True,10.000,0.000,Normal
8219,p4_05_fixture_sku_224d9c70a19b4afa,P4-05 Fixture Product,,,True,5.000,0.000,Normal
8220,p4_05_fixture_sku_6ef65deefd4f4550,P4-05 Fixture Product,,,True,8.000,0.000,Normal
8221,p4_05_fixture_sku_47bc8ba3d771438c,P4-05 Fixture Product,,,True,4.000,0.000,Normal
8222,p4_05_fixture_sku_f4851f37297d4af5,P4-05 Fixture Product,,,True,5.000,0.000,Normal
8223,p4_05_fixture_sku_fcede0ff230d4430,P4-05 Fixture Product,,,True,3.000,0.000,Normal
8224,p4_05_fixture_sku_0f05901486aa488c,P4-05 Fixture Product,,,True,5.000,0.000,Normal
8225,p4_05_fixture_sku_283a0b0c906045d6,P4-05 Fixture Product,,,True,6.000,0.000,Normal
8226,p4_05_fixture_sku_86f117f61314406c,P4-05 Fixture Product,,,True,0.000,0.000,OutOfStock
8227,p4_05_fixture_sku_8a6c79999f0f422a,P4-05 Fixture Product,,,True,9.000,0.000,Normal
8228,p4_05_fixture_sku_83aa7a61f3154bca,P4-05 Fixture Product,,,True,10.000,0.000,Normal
8229,p4_05_fixture_sku_7b57d19fe8f145a0,P4-05 Fixture Product,,,True,15.000,0.000,Normal
8230,p4_05_fixture_sku_b44a6efbbe1a44b9,P4-05 Fixture Product,,,True,10.000,0.000,Normal
8231,p4_05_fixture_sku_2d46e1fcacfd4b68,P4-05 Fixture Product,,,True,5.000,0.000,Normal
8232,p4_05_fixture_sku_0a002e2128f04a27,P4-05 Fixture Product,,,True,8.000,0.000,Normal
8233,p4_05_fixture_sku_76afb6f4e2e04335,P4-05 Fixture Product,,,True,0.000,0.000,OutOfStock
8234,p4_05_fixture_sku_939bd65a2d474f88,P4-05 Fixture Product,,,True,5.000,0.000,Normal
8235,p4_05_fixture_sku_6297e4081b014b3b,P4-05 Fixture Product,,,True,1.000,0.000,Normal
8236,p4_05_fixture_sku_e4a032f4c2714904,P4-05 Fixture Product,,,True,0.000,0.000,OutOfStock
8237,p4_05_fixture_sku_0df7077a07d24770,P4-05 Fixture Product,,,True,0.000,0.000,OutOfStock
8238,p4_05_fixture_sku_fc9b83a7c29a49b5,P4-05 Fixture Product,,,True,0.000,0.000,OutOfStock
8239,p4_05_fixture_sku_b15f21d2af4741d6,P4-05 Fixture Product,,,True,5.000,0.000,Normal
8240,p4_05_fixture_sku_9e34a73e5f3d4788,P4-05 Fixture Product,,,True,4.000,0.000,Normal
8241,p4_05_fixture_sku_771aa60aa4ca4a46,P4-05 Fixture Product,,,True,10.000,0.000,Normal
8242,p4_05_fixture_sku_e62e4c8b94c443b2,P4-05 Fixture Product,,,True,0.000,0.000,OutOfStock
8243,p4_05_fixture_sku_0e1d1a4024ff437f,P4-05 Fixture Product,,,True,0.000,0.000,OutOfStock
8474,p4_05_fixture_sku_cf4aa7398377412f,P4-05 Fixture Product,,,True,10.000,0.000,Normal
8475,p4_05_fixture_sku_4b672c9cf3d5489d,P4-05 Fixture Product,,,True,5.000,0.000,Normal
8476,p4_05_fixture_sku_287ab87410c142f4,P4-05 Fixture Product,,,True,8.000,0.000,Normal
8477,p4_05_fixture_sku_3ee49bcbcd004fde,P4-05 Fixture Product,,,True,4.000,0.000,Normal
8478,p4_05_fixture_sku_e6533843ff1442ae,P4-05 Fixture Product,,,True,5.000,0.000,Normal
8479,p4_05_fixture_sku_b0ebcc7768da4292,P4-05 Fixture Product,,,True,3.000,0.000,Normal
8480,p4_05_fixture_sku_3c671ef07fce4ed0,P4-05 Fixture Product,,,True,5.000,0.000,Normal
8481,p4_05_fixture_sku_b512548c5c214e28,P4-05 Fixture Product,,,True,6.000,0.000,Normal
8482,p4_05_fixture_sku_c6f325c3096f489a,P4-05 Fixture Product,,,True,0.000,0.000,OutOfStock
8483,p4_05_fixture_sku_741b4eb1eb714363,P4-05 Fixture Product,,,True,9.000,0.000,Normal
8484,p4_05_fixture_sku_9509a0d932a8455a,P4-05 Fixture Product,,,True,10.000,0.000,Normal
8485,p4_05_fixture_sku_a8a445119c9b45a0,P4-05 Fixture Product,,,True,15.000,0.000,Normal
8486,p4_05_fixture_sku_9dac8e27f8a54fce,P4-05 Fixture Product,,,True,10.000,0.000,Normal
8487,p4_05_fixture_sku_52fbf66e96424700,P4-05 Fixture Product,,,True,5.000,0.000,Normal
8488,p4_05_fixture_sku_0efdef9d124b4bcd,P4-05 Fixture Product,,,True,8.000,0.000,Normal
8489,p4_05_fixture_sku_2feb1c7bd7674adb,P4-05 Fixture Product,,,True,0.000,0.000,OutOfStock
8490,p4_05_fixture_sku_be8cbb37ce9e4faa,P4-05 Fixture Product,,,True,5.000,0.000,Normal
8491,p4_05_fixture_sku_119dc4818c144945,P4-05 Fixture Product,,,True,1.000,0.000,Normal
8492,p4_05_fixture_sku_1e2f2f21a3b74777,P4-05 Fixture Product,,,True,0.000,0.000,OutOfStock
8493,p4_05_fixture_sku_8216d2f8c49d4384,P4-05 Fixture Product,,,True,0.000,0.000,OutOfStock
8494,p4_05_fixture_sku_ea4f08a859d34909,P4-05 Fixture Product,,,True,0.000,0.000,OutOfStock
8495,p4_05_fixture_sku_59e9472f6f524386,P4-05 Fixture Product,,,True,5.000,0.000,Normal
8496,p4_05_fixture_sku_9e8cee9a44044990,P4-05 Fixture Product,,,True,4.000,0.000,Normal
8497,p4_05_fixture_sku_21e23bfd53e541e6,P4-05 Fixture Product,,,True,10.000,0.000,Normal
8498,p4_05_fixture_sku_8f2680e217ba40e2,P4-05 Fixture Product,,,True,0.000,0.000,OutOfStock
8499,p4_05_fixture_sku_98ddd191c2d84cef,P4-05 Fixture Product,,,True,0.000,0.000,OutOfStock
8730,p4_05_fixture_sku_5140121f25574326,P4-05 Fixture Product,,,True,10.000,0.000,Normal
8731,p4_05_fixture_sku_ac9d10adb44c41ff,P4-05 Fixture Product,,,True,5.000,0.000,Normal
8732,p4_05_fixture_sku_e7c0e5d491134add,P4-05 Fixture Product,,,True,8.000,0.000,Normal
8733,p4_05_fixture_sku_ec05e89c9094484f,P4-05 Fixture Product,,,True,4.000,0.000,Normal
8734,p4_05_fixture_sku_d59d869d0ce54aa8,P4-05 Fixture Product,,,True,5.000,0.000,Normal
8735,p4_05_fixture_sku_44c79d0372c148dd,P4-05 Fixture Product,,,True,3.000,0.000,Normal
8736,p4_05_fixture_sku_e63229d028304d43,P4-05 Fixture Product,,,True,5.000,0.000,Normal
8737,p4_05_fixture_sku_8a8d62ff9a024fff,P4-05 Fixture Product,,,True,6.000,0.000,Normal
8738,p4_05_fixture_sku_74e1e63dfe944cdf,P4-05 Fixture Product,,,True,0.000,0.000,OutOfStock
8739,p4_05_fixture_sku_26811a6d27474d1a,P4-05 Fixture Product,,,True,9.000,0.000,Normal
8740,p4_05_fixture_sku_d73e37e5c8524598,P4-05 Fixture Product,,,True,10.000,0.000,Normal
8741,p4_05_fixture_sku_1af749f7b1b94741,P4-05 Fixture Product,,,True,15.000,0.000,Normal
8742,p4_05_fixture_sku_08f1d6fe25714b74,P4-05 Fixture Product,,,True,10.000,0.000,Normal
8743,p4_05_fixture_sku_a4141ac572784ef6,P4-05 Fixture Product,,,True,5.000,0.000,Normal
8744,p4_05_fixture_sku_8038a033143f4c7c,P4-05 Fixture Product,,,True,8.000,0.000,Normal
8745,p4_05_fixture_sku_d17136f6a9804a77,P4-05 Fixture Product,,,True,0.000,0.000,OutOfStock
8746,p4_05_fixture_sku_3452f624b6ba46c6,P4-05 Fixture Product,,,True,5.000,0.000,Normal
8747,p4_05_fixture_sku_fd4b18c6359448b0,P4-05 Fixture Product,,,True,1.000,0.000,Normal
8748,p4_05_fixture_sku_ff96713832784598,P4-05 Fixture Product,,,True,0.000,0.000,OutOfStock
8749,p4_05_fixture_sku_f52c28855cc74805,P4-05 Fixture Product,,,True,0.000,0.000,OutOfStock
8750,p4_05_fixture_sku_2121b331fc89414c,P4-05 Fixture Product,,,True,0.000,0.000,OutOfStock
8751,p4_05_fixture_sku_1569d609457a4ce6,P4-05 Fixture Product,,,True,5.000,0.000,Normal
8752,p4_05_fixture_sku_f11e091eb74941e3,P4-05 Fixture Product,,,True,4.000,0.000,Normal
8753,p4_05_fixture_sku_f379d4c0ee714531,P4-05 Fixture Product,,,True,10.000,0.000,Normal
8754,p4_05_fixture_sku_448b6311f53746fe,P4-05 Fixture Product,,,True,0.000,0.000,OutOfStock
8755,p4_05_fixture_sku_cccaffed87f84c7b,P4-05 Fixture Product,,,True,0.000,0.000,OutOfStock
8986,p4_05_fixture_sku_89bfd89e9b2a44d3,P4-05 Fixture Product,,,True,10.000,0.000,Normal
8987,p4_05_fixture_sku_1c7eaf26f6f74da2,P4-05 Fixture Product,,,True,5.000,0.000,Normal
8988,p4_05_fixture_sku_e9783607d06649dd,P4-05 Fixture Product,,,True,8.000,0.000,Normal
8989,p4_05_fixture_sku_c679f64df5684514,P4-05 Fixture Product,,,True,4.000,0.000,Normal
8990,p4_05_fixture_sku_fa51b3a625b34f11,P4-05 Fixture Product,,,True,5.000,0.000,Normal
8991,p4_05_fixture_sku_529cd831e3294c0c,P4-05 Fixture Product,,,True,3.000,0.000,Normal
8992,p4_05_fixture_sku_99f08152097c412e,P4-05 Fixture Product,,,True,5.000,0.000,Normal
8993,p4_05_fixture_sku_2f47729c97114595,P4-05 Fixture Product,,,True,6.000,0.000,Normal
8994,p4_05_fixture_sku_18fe884d91f74745,P4-05 Fixture Product,,,True,0.000,0.000,OutOfStock
8995,p4_05_fixture_sku_c52c28a16e84492e,P4-05 Fixture Product,,,True,9.000,0.000,Normal
8996,p4_05_fixture_sku_fd1feffb0f084bd9,P4-05 Fixture Product,,,True,10.000,0.000,Normal
8997,p4_05_fixture_sku_36cd1eac6ebb4d8d,P4-05 Fixture Product,,,True,15.000,0.000,Normal
8998,p4_05_fixture_sku_59107e9273d547a7,P4-05 Fixture Product,,,True,10.000,0.000,Normal
8999,p4_05_fixture_sku_b6356650582342e0,P4-05 Fixture Product,,,True,5.000,0.000,Normal
9000,p4_05_fixture_sku_951b632d312e4da5,P4-05 Fixture Product,,,True,8.000,0.000,Normal
9001,p4_05_fixture_sku_63ac11f55f7e4ece,P4-05 Fixture Product,,,True,0.000,0.000,OutOfStock
9002,p4_05_fixture_sku_b41bce4345f84e16,P4-05 Fixture Product,,,True,5.000,0.000,Normal
9003,p4_05_fixture_sku_6436c3126fa945c9,P4-05 Fixture Product,,,True,1.000,0.000,Normal
9004,p4_05_fixture_sku_80bb4ebb7ff74380,P4-05 Fixture Product,,,True,0.000,0.000,OutOfStock
9005,p4_05_fixture_sku_237289dd7efc4346,P4-05 Fixture Product,,,True,0.000,0.000,OutOfStock
9006,p4_05_fixture_sku_83d1c4c0d5754f5b,P4-05 Fixture Product,,,True,0.000,0.000,OutOfStock
9007,p4_05_fixture_sku_f01d5dd18082426f,P4-05 Fixture Product,,,True,5.000,0.000,Normal
9008,p4_05_fixture_sku_7f30f03cae474a5a,P4-05 Fixture Product,,,True,4.000,0.000,Normal
9009,p4_05_fixture_sku_a7bfc55664594b9a,P4-05 Fixture Product,,,True,10.000,0.000,Normal
9010,p4_05_fixture_sku_ea57ade623da4ef0,P4-05 Fixture Product,,,True,0.000,0.000,OutOfStock
9011,p4_05_fixture_sku_c41dc55105cb40cb,P4-05 Fixture Product,,,True,0.000,0.000,OutOfStock
9242,p4_05_fixture_sku_d6684a4d6da14d24,P4-05 Fixture Product,,,True,10.000,0.000,Normal
9243,p4_05_fixture_sku_c75077bd1b6042a2,P4-05 Fixture Product,,,True,5.000,0.000,Normal
9244,p4_05_fixture_sku_04274c7abeea41b1,P4-05 Fixture Product,,,True,8.000,0.000,Normal
9245,p4_05_fixture_sku_368662a784314e0d,P4-05 Fixture Product,,,True,4.000,0.000,Normal
9246,p4_05_fixture_sku_97516a97cc774f55,P4-05 Fixture Product,,,True,5.000,0.000,Normal
9247,p4_05_fixture_sku_a00534c639cc499b,P4-05 Fixture Product,,,True,3.000,0.000,Normal
9248,p4_05_fixture_sku_e5d074fae5d84ff6,P4-05 Fixture Product,,,True,5.000,0.000,Normal
9249,p4_05_fixture_sku_8b9eba3e51c749ae,P4-05 Fixture Product,,,True,6.000,0.000,Normal
9250,p4_05_fixture_sku_b0d108d25c1c4e1d,P4-05 Fixture Product,,,True,0.000,0.000,OutOfStock
9251,p4_05_fixture_sku_431a8c945b054af8,P4-05 Fixture Product,,,True,9.000,0.000,Normal
9252,p4_05_fixture_sku_ce3aaeb75ee5410d,P4-05 Fixture Product,,,True,10.000,0.000,Normal
9253,p4_05_fixture_sku_bec3359ac8264c9a,P4-05 Fixture Product,,,True,15.000,0.000,Normal
9254,p4_05_fixture_sku_7d5a0a0c36b94aae,P4-05 Fixture Product,,,True,10.000,0.000,Normal
9255,p4_05_fixture_sku_a7b19da33f644f88,P4-05 Fixture Product,,,True,5.000,0.000,Normal
9256,p4_05_fixture_sku_8d98d68fb3524abc,P4-05 Fixture Product,,,True,8.000,0.000,Normal
9257,p4_05_fixture_sku_660fd6c750d94d3e,P4-05 Fixture Product,,,True,0.000,0.000,OutOfStock
9258,p4_05_fixture_sku_69ee2d67a0124b58,P4-05 Fixture Product,,,True,5.000,0.000,Normal
9259,p4_05_fixture_sku_142b71f04c264c0c,P4-05 Fixture Product,,,True,1.000,0.000,Normal
9260,p4_05_fixture_sku_1e5be1d2885540d1,P4-05 Fixture Product,,,True,0.000,0.000,OutOfStock
9261,p4_05_fixture_sku_ec37e9f0ab4941e5,P4-05 Fixture Product,,,True,0.000,0.000,OutOfStock
9262,p4_05_fixture_sku_d3a2144271d443fa,P4-05 Fixture Product,,,True,0.000,0.000,OutOfStock
9263,p4_05_fixture_sku_18e6b853da1f41f9,P4-05 Fixture Product,,,True,5.000,0.000,Normal
9264,p4_05_fixture_sku_0f83f3cd94ab494c,P4-05 Fixture Product,,,True,4.000,0.000,Normal
9265,p4_05_fixture_sku_9c0edd91fff049c2,P4-05 Fixture Product,,,True,10.000,0.000,Normal
9266,p4_05_fixture_sku_3eb147ce17cc4824,P4-05 Fixture Product,,,True,0.000,0.000,OutOfStock
9267,p4_05_fixture_sku_2421b5e79e774b94,P4-05 Fixture Product,,,True,0.000,0.000,OutOfStock
9515,p4_05_fixture_sku_4b02b1d4161d4aae,P4-05 Fixture Product,,,True,10.000,0.000,Normal
9516,p4_05_fixture_sku_df70f0cbafc0402b,P4-05 Fixture Product,,,True,5.000,0.000,Normal
9517,p4_05_fixture_sku_69fc0b5e0a6244b8,P4-05 Fixture Product,,,True,8.000,0.000,Normal
9518,p4_05_fixture_sku_8ad4234bf2ec4520,P4-05 Fixture Product,,,True,4.000,0.000,Normal
9519,p4_05_fixture_sku_dae9768b798c48e6,P4-05 Fixture Product,,,True,5.000,0.000,Normal
9520,p4_05_fixture_sku_5435bfa134f64d3c,P4-05 Fixture Product,,,True,3.000,0.000,Normal
9521,p4_05_fixture_sku_4d1becfcc3124c41,P4-05 Fixture Product,,,True,5.000,0.000,Normal
9522,p4_05_fixture_sku_09a12d0054bc4cfc,P4-05 Fixture Product,,,True,6.000,0.000,Normal
9523,p4_05_fixture_sku_99fc50d358204a2b,P4-05 Fixture Product,,,True,0.000,0.000,OutOfStock
9524,p4_05_fixture_sku_634dfa40d4ac4645,P4-05 Fixture Product,,,True,9.000,0.000,Normal
9525,p4_05_fixture_sku_639011922b9e43b6,P4-05 Fixture Product,,,True,10.000,0.000,Normal
9526,p4_05_fixture_sku_0f1f826ce65f4e72,P4-05 Fixture Product,,,True,15.000,0.000,Normal
9527,p4_05_fixture_sku_990855e1f74c4792,P4-05 Fixture Product,,,True,10.000,0.000,Normal
9528,p4_05_fixture_sku_b4bb06ce6348446a,P4-05 Fixture Product,,,True,5.000,0.000,Normal
9529,p4_05_fixture_sku_74b0d80e40684efc,P4-05 Fixture Product,,,True,8.000,0.000,Normal
9530,p4_05_fixture_sku_600c6c2deb3e42ea,P4-05 Fixture Product,,,True,0.000,0.000,OutOfStock
9531,p4_05_fixture_sku_cd47d0525d5949ac,P4-05 Fixture Product,,,True,5.000,0.000,Normal
9532,p4_05_fixture_sku_c0aab4f369ae4eeb,P4-05 Fixture Product,,,True,1.000,0.000,Normal
9533,p4_05_fixture_sku_18c84565b1b24771,P4-05 Fixture Product,,,True,0.000,0.000,OutOfStock
9534,p4_05_fixture_sku_25c679a5b25e49ad,P4-05 Fixture Product,,,True,0.000,0.000,OutOfStock
9535,p4_05_fixture_sku_51793329385a4510,P4-05 Fixture Product,,,True,0.000,0.000,OutOfStock
9536,p4_05_fixture_sku_652d0e26ef044d3f,P4-05 Fixture Product,,,True,5.000,0.000,Normal
9537,p4_05_fixture_sku_91eceb25c8b44ed5,P4-05 Fixture Product,,,True,4.000,0.000,Normal
9538,p4_05_fixture_sku_9589acd0bf8a49b3,P4-05 Fixture Product,,,True,10.000,0.000,Normal
9539,p4_05_fixture_sku_821f340215dd41ad,P4-05 Fixture Product,,,True,0.000,0.000,OutOfStock
9540,p4_05_fixture_sku_20c21196441d416b,P4-05 Fixture Product,,,True,0.000,0.000,OutOfStock
9771,p4_05_fixture_sku_bf2d7f8761f34235,P4-05 Fixture Product,,,True,10.000,0.000,Normal
9772,p4_05_fixture_sku_12286b3fbeef4e43,P4-05 Fixture Product,,,True,5.000,0.000,Normal
9773,p4_05_fixture_sku_7b380bcabbfc415d,P4-05 Fixture Product,,,True,8.000,0.000,Normal
9774,p4_05_fixture_sku_6e873c62e2e446d7,P4-05 Fixture Product,,,True,4.000,0.000,Normal
9775,p4_05_fixture_sku_71bbd8da11674f91,P4-05 Fixture Product,,,True,5.000,0.000,Normal
9776,p4_05_fixture_sku_138b500d8a004b2f,P4-05 Fixture Product,,,True,3.000,0.000,Normal
9777,p4_05_fixture_sku_d6933c5710bf4729,P4-05 Fixture Product,,,True,5.000,0.000,Normal
9778,p4_05_fixture_sku_268a00441b5d4996,P4-05 Fixture Product,,,True,6.000,0.000,Normal
9779,p4_05_fixture_sku_6e05ea7abc8a42e5,P4-05 Fixture Product,,,True,0.000,0.000,OutOfStock
9780,p4_05_fixture_sku_06519cf751ef4cec,P4-05 Fixture Product,,,True,9.000,0.000,Normal
9781,p4_05_fixture_sku_b37bd855f3ed4940,P4-05 Fixture Product,,,True,10.000,0.000,Normal
9782,p4_05_fixture_sku_3be4afc9214f49b8,P4-05 Fixture Product,,,True,15.000,0.000,Normal
9783,p4_05_fixture_sku_d1a1746a7927425c,P4-05 Fixture Product,,,True,10.000,0.000,Normal
9784,p4_05_fixture_sku_dd42c40f28c9467d,P4-05 Fixture Product,,,True,5.000,0.000,Normal
9785,p4_05_fixture_sku_ff34b947b1a44795,P4-05 Fixture Product,,,True,8.000,0.000,Normal
9786,p4_05_fixture_sku_298cec8b8df64977,P4-05 Fixture Product,,,True,0.000,0.000,OutOfStock
9787,p4_05_fixture_sku_e4e30c22bcf343bb,P4-05 Fixture Product,,,True,5.000,0.000,Normal
9788,p4_05_fixture_sku_c49aa3d358134cfb,P4-05 Fixture Product,,,True,1.000,0.000,Normal
9789,p4_05_fixture_sku_5b61e42581d14fac,P4-05 Fixture Product,,,True,0.000,0.000,OutOfStock
9790,p4_05_fixture_sku_16757c5bbcd04557,P4-05 Fixture Product,,,True,0.000,0.000,OutOfStock
9791,p4_05_fixture_sku_d203af34d50d43ba,P4-05 Fixture Product,,,True,0.000,0.000,OutOfStock
9792,p4_05_fixture_sku_7c3a1aa9bb7b4052,P4-05 Fixture Product,,,True,5.000,0.000,Normal
9793,p4_05_fixture_sku_84cb59f24e49434e,P4-05 Fixture Product,,,True,4.000,0.000,Normal
9794,p4_05_fixture_sku_ba49cc95090d412e,P4-05 Fixture Product,,,True,10.000,0.000,Normal
9795,p4_05_fixture_sku_fee2b86dc30e44ee,P4-05 Fixture Product,,,True,0.000,0.000,OutOfStock
9796,p4_05_fixture_sku_a2427e9386ce4d6a,P4-05 Fixture Product,,,True,0.000,0.000,OutOfStock
10027,p4_05_fixture_sku_b1923547444a42d5,P4-05 Fixture Product,,,True,10.000,0.000,Normal
10028,p4_05_fixture_sku_60d25b80be7040a3,P4-05 Fixture Product,,,True,5.000,0.000,Normal
10029,p4_05_fixture_sku_32e7060375c249a6,P4-05 Fixture Product,,,True,8.000,0.000,Normal
10030,p4_05_fixture_sku_14dcd868fd9044f5,P4-05 Fixture Product,,,True,4.000,0.000,Normal
10031,p4_05_fixture_sku_2e0e5d67f403476c,P4-05 Fixture Product,,,True,5.000,0.000,Normal
10032,p4_05_fixture_sku_a200733a321f4700,P4-05 Fixture Product,,,True,3.000,0.000,Normal
10033,p4_05_fixture_sku_9b5fd200845b4122,P4-05 Fixture Product,,,True,5.000,0.000,Normal
10034,p4_05_fixture_sku_8453a97e6db64a0a,P4-05 Fixture Product,,,True,6.000,0.000,Normal
10035,p4_05_fixture_sku_61fa1c3b2fc1429c,P4-05 Fixture Product,,,True,0.000,0.000,OutOfStock
10036,p4_05_fixture_sku_8b09977944aa4320,P4-05 Fixture Product,,,True,9.000,0.000,Normal
10037,p4_05_fixture_sku_727cb209715b443f,P4-05 Fixture Product,,,True,10.000,0.000,Normal
10038,p4_05_fixture_sku_6d23797247c4401d,P4-05 Fixture Product,,,True,15.000,0.000,Normal
10039,p4_05_fixture_sku_e003cef1010b46ac,P4-05 Fixture Product,,,True,10.000,0.000,Normal
10040,p4_05_fixture_sku_17b5ba9493814a95,P4-05 Fixture Product,,,True,5.000,0.000,Normal
10041,p4_05_fixture_sku_b6220a9a12b94441,P4-05 Fixture Product,,,True,8.000,0.000,Normal
10042,p4_05_fixture_sku_029b0b2f86a0422a,P4-05 Fixture Product,,,True,0.000,0.000,OutOfStock
10043,p4_05_fixture_sku_6b362dcf4be04244,P4-05 Fixture Product,,,True,5.000,0.000,Normal
10044,p4_05_fixture_sku_825ee0d393de425c,P4-05 Fixture Product,,,True,1.000,0.000,Normal
10045,p4_05_fixture_sku_d8f339d066aa4ab8,P4-05 Fixture Product,,,True,0.000,0.000,OutOfStock
10046,p4_05_fixture_sku_973fefc9cdea44f7,P4-05 Fixture Product,,,True,0.000,0.000,OutOfStock
10047,p4_05_fixture_sku_ca3a211c59154c68,P4-05 Fixture Product,,,True,0.000,0.000,OutOfStock
10048,p4_05_fixture_sku_96b5713741054757,P4-05 Fixture Product,,,True,5.000,0.000,Normal
10049,p4_05_fixture_sku_ca8272e2d67242e3,P4-05 Fixture Product,,,True,4.000,0.000,Normal
10050,p4_05_fixture_sku_2195efd5b57e4cf7,P4-05 Fixture Product,,,True,10.000,0.000,Normal
10051,p4_05_fixture_sku_e836cc4933f84206,P4-05 Fixture Product,,,True,0.000,0.000,OutOfStock
10052,p4_05_fixture_sku_de5c0d943fbf4c7a,P4-05 Fixture Product,,,True,0.000,0.000,OutOfStock
10293,p4_05_fixture_sku_9204c6055f904e02,P4-05 Fixture Product,,,True,10.000,0.000,Normal
10294,p4_05_fixture_sku_34d6c3031c804bb8,P4-05 Fixture Product,,,True,5.000,0.000,Normal
10295,p4_05_fixture_sku_65a38357d7934c76,P4-05 Fixture Product,,,True,8.000,0.000,Normal
10296,p4_05_fixture_sku_9d962d57429e47b9,P4-05 Fixture Product,,,True,4.000,0.000,Normal
10297,p4_05_fixture_sku_700e670117af48c5,P4-05 Fixture Product,,,True,5.000,0.000,Normal
10298,p4_05_fixture_sku_79feebf098b2408d,P4-05 Fixture Product,,,True,3.000,0.000,Normal
10299,p4_05_fixture_sku_38783092b7b14ac1,P4-05 Fixture Product,,,True,5.000,0.000,Normal
10300,p4_05_fixture_sku_832cee3e98054eae,P4-05 Fixture Product,,,True,6.000,0.000,Normal
10301,p4_05_fixture_sku_4b4f706aaa0b4cf4,P4-05 Fixture Product,,,True,0.000,0.000,OutOfStock
10302,p4_05_fixture_sku_38d3beb78a694d71,P4-05 Fixture Product,,,True,9.000,0.000,Normal
10303,p4_05_fixture_sku_bfdb3563a73844e8,P4-05 Fixture Product,,,True,10.000,0.000,Normal
10304,p4_05_fixture_sku_6cec149b9a214e46,P4-05 Fixture Product,,,True,15.000,0.000,Normal
10305,p4_05_fixture_sku_0a539a014abd4c15,P4-05 Fixture Product,,,True,10.000,0.000,Normal
10306,p4_05_fixture_sku_dc807edd742a44f4,P4-05 Fixture Product,,,True,5.000,0.000,Normal
10307,p4_05_fixture_sku_3d00615bba2c4700,P4-05 Fixture Product,,,True,8.000,0.000,Normal
10308,p4_05_fixture_sku_9491d0cb4e6542b1,P4-05 Fixture Product,,,True,0.000,0.000,OutOfStock
10309,p4_05_fixture_sku_6dc82d1b44134958,P4-05 Fixture Product,,,True,5.000,0.000,Normal
10310,p4_05_fixture_sku_b42c27eeb0a7468b,P4-05 Fixture Product,,,True,1.000,0.000,Normal
10311,p4_05_fixture_sku_ace9d22580f14131,P4-05 Fixture Product,,,True,0.000,0.000,OutOfStock
10312,p4_05_fixture_sku_bb21d18d7cf1443f,P4-05 Fixture Product,,,True,0.000,0.000,OutOfStock
10313,p4_05_fixture_sku_01a8388e342c4f51,P4-05 Fixture Product,,,True,0.000,0.000,OutOfStock
10314,p4_05_fixture_sku_9ab6393d92f14705,P4-05 Fixture Product,,,True,5.000,0.000,Normal
10315,p4_05_fixture_sku_339fd59f097144a3,P4-05 Fixture Product,,,True,4.000,0.000,Normal
10316,p4_05_fixture_sku_fd75daffb1aa4aba,P4-05 Fixture Product,,,True,10.000,0.000,Normal
10317,p4_05_fixture_sku_843b2d3676254acf,P4-05 Fixture Product,,,True,0.000,0.000,OutOfStock
10318,p4_05_fixture_sku_52152e6731634bb8,P4-05 Fixture Product,,,True,0.000,0.000,OutOfStock
10566,p4_05_fixture_sku_5012b7d1d7fa4d88,P4-05 Fixture Product,,,True,10.000,0.000,Normal
10567,p4_05_fixture_sku_2e147dcdadc44e64,P4-05 Fixture Product,,,True,5.000,0.000,Normal
10568,p4_05_fixture_sku_e0e31a8eb6bd4c51,P4-05 Fixture Product,,,True,8.000,0.000,Normal
10569,p4_05_fixture_sku_a12573e9ed574607,P4-05 Fixture Product,,,True,4.000,0.000,Normal
10570,p4_05_fixture_sku_a7cd0240712b4de6,P4-05 Fixture Product,,,True,5.000,0.000,Normal
10571,p4_05_fixture_sku_b1949bb004054b59,P4-05 Fixture Product,,,True,3.000,0.000,Normal
10572,p4_05_fixture_sku_aad00c41616b42c9,P4-05 Fixture Product,,,True,5.000,0.000,Normal
10573,p4_05_fixture_sku_5fb0faf9929b48ec,P4-05 Fixture Product,,,True,6.000,0.000,Normal
10574,p4_05_fixture_sku_01f2b89b4b9c4970,P4-05 Fixture Product,,,True,0.000,0.000,OutOfStock
10575,p4_05_fixture_sku_d0561c070fef4315,P4-05 Fixture Product,,,True,9.000,0.000,Normal
10576,p4_05_fixture_sku_2056ecb4ebe048b2,P4-05 Fixture Product,,,True,10.000,0.000,Normal
10577,p4_05_fixture_sku_8f34843d90af486f,P4-05 Fixture Product,,,True,15.000,0.000,Normal
10578,p4_05_fixture_sku_70760fa5d4a04551,P4-05 Fixture Product,,,True,10.000,0.000,Normal
10579,p4_05_fixture_sku_ffc00fe13a5e4f73,P4-05 Fixture Product,,,True,5.000,0.000,Normal
10580,p4_05_fixture_sku_cac216ea205541a3,P4-05 Fixture Product,,,True,8.000,0.000,Normal
10581,p4_05_fixture_sku_286614b7060140b7,P4-05 Fixture Product,,,True,0.000,0.000,OutOfStock
10582,p4_05_fixture_sku_0c2ee557cbdf4a18,P4-05 Fixture Product,,,True,5.000,0.000,Normal
10583,p4_05_fixture_sku_aa87007a5a21429e,P4-05 Fixture Product,,,True,1.000,0.000,Normal
10584,p4_05_fixture_sku_6fdd15f364494f74,P4-05 Fixture Product,,,True,0.000,0.000,OutOfStock
10585,p4_05_fixture_sku_23469e9c4a49483e,P4-05 Fixture Product,,,True,0.000,0.000,OutOfStock
10586,p4_05_fixture_sku_c693ec4b997546b6,P4-05 Fixture Product,,,True,0.000,0.000,OutOfStock
10587,p4_05_fixture_sku_7b216784e13f4050,P4-05 Fixture Product,,,True,5.000,0.000,Normal
10588,p4_05_fixture_sku_59553bb9e4894445,P4-05 Fixture Product,,,True,4.000,0.000,Normal
10589,p4_05_fixture_sku_7625b6e7773743d9,P4-05 Fixture Product,,,True,10.000,0.000,Normal
10590,p4_05_fixture_sku_7d9a4b00edae467e,P4-05 Fixture Product,,,True,0.000,0.000,OutOfStock
10591,p4_05_fixture_sku_f1d2cb57223c4f9f,P4-05 Fixture Product,,,True,0.000,0.000,OutOfStock
10833,p4_05_fixture_sku_6d768bc23c8f4dc6,P4-05 Fixture Product,,,True,10.000,0.000,Normal
10834,p4_05_fixture_sku_12af435aa6384d00,P4-05 Fixture Product,,,True,5.000,0.000,Normal
10835,p4_05_fixture_sku_6a3caed29fa94a88,P4-05 Fixture Product,,,True,8.000,0.000,Normal
10836,p4_05_fixture_sku_c27ba8c306b44675,P4-05 Fixture Product,,,True,4.000,0.000,Normal
10837,p4_05_fixture_sku_f80446ca236841c3,P4-05 Fixture Product,,,True,5.000,0.000,Normal
10838,p4_05_fixture_sku_e9b8b644886e4ec8,P4-05 Fixture Product,,,True,3.000,0.000,Normal
10839,p4_05_fixture_sku_aea5cdcad74e4ae7,P4-05 Fixture Product,,,True,5.000,0.000,Normal
10840,p4_05_fixture_sku_a0b15ef70b8c4b95,P4-05 Fixture Product,,,True,6.000,0.000,Normal
10841,p4_05_fixture_sku_1e13f74bc48743c9,P4-05 Fixture Product,,,True,0.000,0.000,OutOfStock
10842,p4_05_fixture_sku_8e1e19162d8c4e6a,P4-05 Fixture Product,,,True,9.000,0.000,Normal
10843,p4_05_fixture_sku_3046bf706e594c4b,P4-05 Fixture Product,,,True,10.000,0.000,Normal
10844,p4_05_fixture_sku_a1ff1061babf4e5a,P4-05 Fixture Product,,,True,15.000,0.000,Normal
10845,p4_05_fixture_sku_c5675d157ced4f6d,P4-05 Fixture Product,,,True,10.000,0.000,Normal
10846,p4_05_fixture_sku_b2631bde79bf4593,P4-05 Fixture Product,,,True,5.000,0.000,Normal
10847,p4_05_fixture_sku_7def9277e0e2428e,P4-05 Fixture Product,,,True,8.000,0.000,Normal
10848,p4_05_fixture_sku_859699932c964ad7,P4-05 Fixture Product,,,True,0.000,0.000,OutOfStock
10849,p4_05_fixture_sku_d27228f6bcfa4c54,P4-05 Fixture Product,,,True,5.000,0.000,Normal
10850,p4_05_fixture_sku_47de7316bd264d2a,P4-05 Fixture Product,,,True,1.000,0.000,Normal
10851,p4_05_fixture_sku_0e0d330ddb5142d3,P4-05 Fixture Product,,,True,0.000,0.000,OutOfStock
10852,p4_05_fixture_sku_845165c12f264002,P4-05 Fixture Product,,,True,0.000,0.000,OutOfStock
10853,p4_05_fixture_sku_e0464f194b804968,P4-05 Fixture Product,,,True,0.000,0.000,OutOfStock
10854,p4_05_fixture_sku_8350d1898b32458e,P4-05 Fixture Product,,,True,5.000,0.000,Normal
10855,p4_05_fixture_sku_07f90d75ea764387,P4-05 Fixture Product,,,True,4.000,0.000,Normal
10856,p4_05_fixture_sku_470cea7d89f54f46,P4-05 Fixture Product,,,True,10.000,0.000,Normal
10857,p4_05_fixture_sku_d2754fc93d4d44b1,P4-05 Fixture Product,,,True,0.000,0.000,OutOfStock
10858,p4_05_fixture_sku_09496e63871646bd,P4-05 Fixture Product,,,True,0.000,0.000,OutOfStock
11111,p4_05_fixture_sku_63d66a5e1f874bad,P4-05 Fixture Product,,,True,10.000,0.000,Normal
11112,p4_05_fixture_sku_0e01e3f738044eaa,P4-05 Fixture Product,,,True,5.000,0.000,Normal
11113,p4_05_fixture_sku_7005513629dd42b4,P4-05 Fixture Product,,,True,8.000,0.000,Normal
11114,p4_05_fixture_sku_f15402ddf3ee4c8f,P4-05 Fixture Product,,,True,4.000,0.000,Normal
11115,p4_05_fixture_sku_63955b7c27334de9,P4-05 Fixture Product,,,True,5.000,0.000,Normal
11116,p4_05_fixture_sku_f5f39eb64147425e,P4-05 Fixture Product,,,True,3.000,0.000,Normal
11117,p4_05_fixture_sku_d789e179af4b4883,P4-05 Fixture Product,,,True,5.000,0.000,Normal
11118,p4_05_fixture_sku_5b98fd5eee6a4394,P4-05 Fixture Product,,,True,6.000,0.000,Normal
11119,p4_05_fixture_sku_54746db489214bee,P4-05 Fixture Product,,,True,0.000,0.000,OutOfStock
11120,p4_05_fixture_sku_c5c9ae6d22434f0f,P4-05 Fixture Product,,,True,9.000,0.000,Normal
11121,p4_05_fixture_sku_32a18a66e6484d2a,P4-05 Fixture Product,,,True,10.000,0.000,Normal
11122,p4_05_fixture_sku_c8255efcfa594c78,P4-05 Fixture Product,,,True,15.000,0.000,Normal
11123,p4_05_fixture_sku_89707c1fce2f4466,P4-05 Fixture Product,,,True,10.000,0.000,Normal
11124,p4_05_fixture_sku_c41db331e66d444d,P4-05 Fixture Product,,,True,5.000,0.000,Normal
11125,p4_05_fixture_sku_20b65487e44047ec,P4-05 Fixture Product,,,True,8.000,0.000,Normal
11126,p4_05_fixture_sku_68decb0c74804e67,P4-05 Fixture Product,,,True,0.000,0.000,OutOfStock
11127,p4_05_fixture_sku_4af4f2ee2dbe4fca,P4-05 Fixture Product,,,True,5.000,0.000,Normal
11128,p4_05_fixture_sku_14201b2b88b5489c,P4-05 Fixture Product,,,True,1.000,0.000,Normal
11129,p4_05_fixture_sku_97a141fbcd69441d,P4-05 Fixture Product,,,True,0.000,0.000,OutOfStock
11130,p4_05_fixture_sku_b96c3e11da614c8c,P4-05 Fixture Product,,,True,0.000,0.000,OutOfStock
11131,p4_05_fixture_sku_db91b44c76764e03,P4-05 Fixture Product,,,True,0.000,0.000,OutOfStock
11132,p4_05_fixture_sku_72858e2d1f444487,P4-05 Fixture Product,,,True,5.000,0.000,Normal
11133,p4_05_fixture_sku_53d9b3f94ad84902,P4-05 Fixture Product,,,True,4.000,0.000,Normal
11134,p4_05_fixture_sku_3b7ac7879d86430b,P4-05 Fixture Product,,,True,10.000,0.000,Normal
11135,p4_05_fixture_sku_5ca78f96074f4901,P4-05 Fixture Product,,,True,0.000,0.000,OutOfStock
11136,p4_05_fixture_sku_9a2dee8e012b44aa,P4-05 Fixture Product,,,True,0.000,0.000,OutOfStock
11378,p4_05_fixture_sku_39d146e4835b47e6,P4-05 Fixture Product,,,True,10.000,0.000,Normal
11379,p4_05_fixture_sku_6c18b8c363224de5,P4-05 Fixture Product,,,True,5.000,0.000,Normal
11380,p4_05_fixture_sku_7936a7c4bd624cc5,P4-05 Fixture Product,,,True,8.000,0.000,Normal
11381,p4_05_fixture_sku_6b891e79040549e4,P4-05 Fixture Product,,,True,4.000,0.000,Normal
11382,p4_05_fixture_sku_3ddcd321d548446a,P4-05 Fixture Product,,,True,5.000,0.000,Normal
11383,p4_05_fixture_sku_7940d99fc4ba4701,P4-05 Fixture Product,,,True,3.000,0.000,Normal
11384,p4_05_fixture_sku_12508383c13c4014,P4-05 Fixture Product,,,True,5.000,0.000,Normal
11385,p4_05_fixture_sku_ad7db51e308546bb,P4-05 Fixture Product,,,True,6.000,0.000,Normal
11386,p4_05_fixture_sku_4a11ec4221f24ada,P4-05 Fixture Product,,,True,0.000,0.000,OutOfStock
11387,p4_05_fixture_sku_0bdadc5c078c4497,P4-05 Fixture Product,,,True,9.000,0.000,Normal
11388,p4_05_fixture_sku_b2aa1a10208b48d9,P4-05 Fixture Product,,,True,10.000,0.000,Normal
11389,p4_05_fixture_sku_2b3d795ed4694c79,P4-05 Fixture Product,,,True,15.000,0.000,Normal
11390,p4_05_fixture_sku_0ef0ffbe41cc455d,P4-05 Fixture Product,,,True,10.000,0.000,Normal
11391,p4_05_fixture_sku_df0c84715f78462e,P4-05 Fixture Product,,,True,5.000,0.000,Normal
11392,p4_05_fixture_sku_c562530ee96e489f,P4-05 Fixture Product,,,True,8.000,0.000,Normal
11393,p4_05_fixture_sku_2956c49c49f041ab,P4-05 Fixture Product,,,True,0.000,0.000,OutOfStock
11394,p4_05_fixture_sku_2a1ac90ea5a7461d,P4-05 Fixture Product,,,True,5.000,0.000,Normal
11395,p4_05_fixture_sku_237809607a3d4234,P4-05 Fixture Product,,,True,1.000,0.000,Normal
11396,p4_05_fixture_sku_450f8b8ae00a4ea2,P4-05 Fixture Product,,,True,0.000,0.000,OutOfStock
11397,p4_05_fixture_sku_6e4f41fa929a4a0e,P4-05 Fixture Product,,,True,0.000,0.000,OutOfStock
11398,p4_05_fixture_sku_b023c513e83e4e65,P4-05 Fixture Product,,,True,0.000,0.000,OutOfStock
11399,p4_05_fixture_sku_d3462f86e1644efc,P4-05 Fixture Product,,,True,5.000,0.000,Normal
11400,p4_05_fixture_sku_b7ac57fd1f434401,P4-05 Fixture Product,,,True,4.000,0.000,Normal
11401,p4_05_fixture_sku_99c63da6242e423d,P4-05 Fixture Product,,,True,10.000,0.000,Normal
11402,p4_05_fixture_sku_7598619db3a24ebb,P4-05 Fixture Product,,,True,0.000,0.000,OutOfStock
11403,p4_05_fixture_sku_dda2d38c33f84756,P4-05 Fixture Product,,,True,0.000,0.000,OutOfStock
11645,p4_05_fixture_sku_4bcf235efdce4c61,P4-05 Fixture Product,,,True,10.000,0.000,Normal
11646,p4_05_fixture_sku_bc2b67cb30bc4f8b,P4-05 Fixture Product,,,True,5.000,0.000,Normal
11647,p4_05_fixture_sku_1e76ea8fbcde4940,P4-05 Fixture Product,,,True,8.000,0.000,Normal
11648,p4_05_fixture_sku_0da44f7e3a9a42da,P4-05 Fixture Product,,,True,4.000,0.000,Normal
11649,p4_05_fixture_sku_e49ee59f029644cb,P4-05 Fixture Product,,,True,5.000,0.000,Normal
11650,p4_05_fixture_sku_0dd67791474a4f29,P4-05 Fixture Product,,,True,3.000,0.000,Normal
11651,p4_05_fixture_sku_45a354e8f7a642d1,P4-05 Fixture Product,,,True,5.000,0.000,Normal
11652,p4_05_fixture_sku_135e0711d4c847c8,P4-05 Fixture Product,,,True,6.000,0.000,Normal
11653,p4_05_fixture_sku_adf1c82902d24ce4,P4-05 Fixture Product,,,True,0.000,0.000,OutOfStock
11654,p4_05_fixture_sku_18e1aaacb12142a5,P4-05 Fixture Product,,,True,9.000,0.000,Normal
11655,p4_05_fixture_sku_239f60ffdd2b4273,P4-05 Fixture Product,,,True,10.000,0.000,Normal
11656,p4_05_fixture_sku_f53f1c8069884c27,P4-05 Fixture Product,,,True,15.000,0.000,Normal
11657,p4_05_fixture_sku_ff2b11d919d049d0,P4-05 Fixture Product,,,True,10.000,0.000,Normal
11658,p4_05_fixture_sku_2b9a16b5cd2442fc,P4-05 Fixture Product,,,True,5.000,0.000,Normal
11659,p4_05_fixture_sku_7d942b41de33455b,P4-05 Fixture Product,,,True,8.000,0.000,Normal
11660,p4_05_fixture_sku_bad4eb8b2ae540a6,P4-05 Fixture Product,,,True,0.000,0.000,OutOfStock
11661,p4_05_fixture_sku_15d97e9b01054b96,P4-05 Fixture Product,,,True,5.000,0.000,Normal
11662,p4_05_fixture_sku_8adca635b397413c,P4-05 Fixture Product,,,True,1.000,0.000,Normal
11663,p4_05_fixture_sku_fa415444c46345a4,P4-05 Fixture Product,,,True,0.000,0.000,OutOfStock
11664,p4_05_fixture_sku_26358670ef284e71,P4-05 Fixture Product,,,True,0.000,0.000,OutOfStock
11665,p4_05_fixture_sku_cd376884fc4a4b92,P4-05 Fixture Product,,,True,0.000,0.000,OutOfStock
11666,p4_05_fixture_sku_03f6906f85744049,P4-05 Fixture Product,,,True,5.000,0.000,Normal
11667,p4_05_fixture_sku_f33d91b3b2844b4d,P4-05 Fixture Product,,,True,4.000,0.000,Normal
11668,p4_05_fixture_sku_3d5f6348b9854c65,P4-05 Fixture Product,,,True,10.000,0.000,Normal
11669,p4_05_fixture_sku_cee06a1b3d434906,P4-05 Fixture Product,,,True,0.000,0.000,OutOfStock
11670,p4_05_fixture_sku_6d328cd33577409a,P4-05 Fixture Product,,,True,0.000,0.000,OutOfStock
11915,p4_05_fixture_sku_d9bc1202541c46d3,P4-05 Fixture Product,,,True,10.000,0.000,Normal
11916,p4_05_fixture_sku_948dbe51efc64e2e,P4-05 Fixture Product,,,True,5.000,0.000,Normal
11917,p4_05_fixture_sku_3b89e74facdb4579,P4-05 Fixture Product,,,True,8.000,0.000,Normal
11918,p4_05_fixture_sku_2996746d952c410f,P4-05 Fixture Product,,,True,4.000,0.000,Normal
11919,p4_05_fixture_sku_45efef39cbad495e,P4-05 Fixture Product,,,True,5.000,0.000,Normal
11920,p4_05_fixture_sku_44926ba684f646cc,P4-05 Fixture Product,,,True,3.000,0.000,Normal
11921,p4_05_fixture_sku_21e73280f4f543fe,P4-05 Fixture Product,,,True,5.000,0.000,Normal
11922,p4_05_fixture_sku_505635ccd59b4c84,P4-05 Fixture Product,,,True,6.000,0.000,Normal
11923,p4_05_fixture_sku_70b65c59665a456d,P4-05 Fixture Product,,,True,0.000,0.000,OutOfStock
11924,p4_05_fixture_sku_0980113122284f21,P4-05 Fixture Product,,,True,9.000,0.000,Normal
11925,p4_05_fixture_sku_df438e6d34ac4671,P4-05 Fixture Product,,,True,10.000,0.000,Normal
11926,p4_05_fixture_sku_c844f69a106b4de3,P4-05 Fixture Product,,,True,15.000,0.000,Normal
11927,p4_05_fixture_sku_d580c9817f734dd9,P4-05 Fixture Product,,,True,10.000,0.000,Normal
11928,p4_05_fixture_sku_9f9732639f1f414f,P4-05 Fixture Product,,,True,5.000,0.000,Normal
11929,p4_05_fixture_sku_019febb55497402d,P4-05 Fixture Product,,,True,8.000,0.000,Normal
11930,p4_05_fixture_sku_03d838db1e884ac5,P4-05 Fixture Product,,,True,0.000,0.000,OutOfStock
11931,p4_05_fixture_sku_bafc904112a74f79,P4-05 Fixture Product,,,True,5.000,0.000,Normal
11932,p4_05_fixture_sku_ea40758bc3ba453e,P4-05 Fixture Product,,,True,1.000,0.000,Normal
11933,p4_05_fixture_sku_9fa620f97a624e6e,P4-05 Fixture Product,,,True,0.000,0.000,OutOfStock
11934,p4_05_fixture_sku_b3b71698175d420c,P4-05 Fixture Product,,,True,0.000,0.000,OutOfStock
11935,p4_05_fixture_sku_865bf3b782c348dd,P4-05 Fixture Product,,,True,0.000,0.000,OutOfStock
11936,p4_05_fixture_sku_1bc0f076550742c4,P4-05 Fixture Product,,,True,5.000,0.000,Normal
11937,p4_05_fixture_sku_82aac7cfb215416c,P4-05 Fixture Product,,,True,4.000,0.000,Normal
11938,p4_05_fixture_sku_a450f097741a46a9,P4-05 Fixture Product,,,True,10.000,0.000,Normal
11939,p4_05_fixture_sku_ae2940d43ff446ff,P4-05 Fixture Product,,,True,0.000,0.000,OutOfStock
11940,p4_05_fixture_sku_2264cbcec87745e9,P4-05 Fixture Product,,,True,0.000,0.000,OutOfStock
12185,p4_05_fixture_sku_d42395cf060c4455,P4-05 Fixture Product,,,True,10.000,0.000,Normal
12186,p4_05_fixture_sku_1379f57b6cc74eee,P4-05 Fixture Product,,,True,5.000,0.000,Normal
12187,p4_05_fixture_sku_c7d852fc29594c57,P4-05 Fixture Product,,,True,8.000,0.000,Normal
12188,p4_05_fixture_sku_3a4ee0ea217a4d4b,P4-05 Fixture Product,,,True,4.000,0.000,Normal
12189,p4_05_fixture_sku_27dea4391df4432c,P4-05 Fixture Product,,,True,5.000,0.000,Normal
12190,p4_05_fixture_sku_ca95d86774ae4ed6,P4-05 Fixture Product,,,True,3.000,0.000,Normal
12191,p4_05_fixture_sku_8f72f9d30c464608,P4-05 Fixture Product,,,True,5.000,0.000,Normal
12192,p4_05_fixture_sku_c54ff944d95d493d,P4-05 Fixture Product,,,True,6.000,0.000,Normal
12193,p4_05_fixture_sku_c5d94646195f4189,P4-05 Fixture Product,,,True,0.000,0.000,OutOfStock
12194,p4_05_fixture_sku_225c86c9883d4f1c,P4-05 Fixture Product,,,True,9.000,0.000,Normal
12195,p4_05_fixture_sku_e2d612e700f64731,P4-05 Fixture Product,,,True,10.000,0.000,Normal
12196,p4_05_fixture_sku_533a939f654f43de,P4-05 Fixture Product,,,True,15.000,0.000,Normal
12197,p4_05_fixture_sku_2decbf357bee4ac1,P4-05 Fixture Product,,,True,10.000,0.000,Normal
12198,p4_05_fixture_sku_adeb37127da94ab1,P4-05 Fixture Product,,,True,5.000,0.000,Normal
12199,p4_05_fixture_sku_03c6401e51c541bf,P4-05 Fixture Product,,,True,8.000,0.000,Normal
12200,p4_05_fixture_sku_f8f1de59ab4946a7,P4-05 Fixture Product,,,True,0.000,0.000,OutOfStock
12201,p4_05_fixture_sku_dd9b1ac5a52e4c72,P4-05 Fixture Product,,,True,5.000,0.000,Normal
12202,p4_05_fixture_sku_cdc35f7121844f6a,P4-05 Fixture Product,,,True,1.000,0.000,Normal
12203,p4_05_fixture_sku_192d22ee32cb4855,P4-05 Fixture Product,,,True,0.000,0.000,OutOfStock
12204,p4_05_fixture_sku_767c8ac9bda041fa,P4-05 Fixture Product,,,True,0.000,0.000,OutOfStock
12205,p4_05_fixture_sku_1b94b7d936e6476b,P4-05 Fixture Product,,,True,0.000,0.000,OutOfStock
12206,p4_05_fixture_sku_0160fbed622f46b8,P4-05 Fixture Product,,,True,5.000,0.000,Normal
12207,p4_05_fixture_sku_83378f7ba4fd45ce,P4-05 Fixture Product,,,True,4.000,0.000,Normal
12208,p4_05_fixture_sku_32f6a0b2b6284a52,P4-05 Fixture Product,,,True,10.000,0.000,Normal
12209,p4_05_fixture_sku_a348ad356e2d4ca8,P4-05 Fixture Product,,,True,0.000,0.000,OutOfStock
12210,p4_05_fixture_sku_5cc285dda51a4bd6,P4-05 Fixture Product,,,True,0.000,0.000,OutOfStock
12465,p4_05_fixture_sku_f262f093a4a54fdd,P4-05 Fixture Product,,,True,10.000,0.000,Normal
12466,p4_05_fixture_sku_c80126f7cd084982,P4-05 Fixture Product,,,True,5.000,0.000,Normal
12467,p4_05_fixture_sku_9653954101d449bb,P4-05 Fixture Product,,,True,8.000,0.000,Normal
12468,p4_05_fixture_sku_ee7edf9c9d7d43d8,P4-05 Fixture Product,,,True,4.000,0.000,Normal
12469,p4_05_fixture_sku_2da092317a9d44df,P4-05 Fixture Product,,,True,5.000,0.000,Normal
12470,p4_05_fixture_sku_e9e4417c44ef4b5b,P4-05 Fixture Product,,,True,3.000,0.000,Normal
12471,p4_05_fixture_sku_3e834296d2f2492e,P4-05 Fixture Product,,,True,5.000,0.000,Normal
12472,p4_05_fixture_sku_0aaa1ff370994909,P4-05 Fixture Product,,,True,6.000,0.000,Normal
12473,p4_05_fixture_sku_9c2e0e1c55b94627,P4-05 Fixture Product,,,True,0.000,0.000,OutOfStock
12474,p4_05_fixture_sku_fc4d428807e04fa3,P4-05 Fixture Product,,,True,9.000,0.000,Normal
12475,p4_05_fixture_sku_28a4d81850cf445b,P4-05 Fixture Product,,,True,10.000,0.000,Normal
12476,p4_05_fixture_sku_490440d8110842a1,P4-05 Fixture Product,,,True,15.000,0.000,Normal
12477,p4_05_fixture_sku_2766ec2c3b5b49e4,P4-05 Fixture Product,,,True,10.000,0.000,Normal
12478,p4_05_fixture_sku_31d98de7a13846a7,P4-05 Fixture Product,,,True,5.000,0.000,Normal
12479,p4_05_fixture_sku_bf4c5097495e400c,P4-05 Fixture Product,,,True,8.000,0.000,Normal
12480,p4_05_fixture_sku_4f8c91ea213543e8,P4-05 Fixture Product,,,True,0.000,0.000,OutOfStock
12481,p4_05_fixture_sku_b0045c40e5014b1f,P4-05 Fixture Product,,,True,5.000,0.000,Normal
12482,p4_05_fixture_sku_81b8692ccc93461d,P4-05 Fixture Product,,,True,1.000,0.000,Normal
12483,p4_05_fixture_sku_75be965afbe34cf1,P4-05 Fixture Product,,,True,0.000,0.000,OutOfStock
12484,p4_05_fixture_sku_5027f2e1199047bb,P4-05 Fixture Product,,,True,0.000,0.000,OutOfStock
12485,p4_05_fixture_sku_21e11917a24045d0,P4-05 Fixture Product,,,True,0.000,0.000,OutOfStock
12486,p4_05_fixture_sku_cb93fd682d954bf0,P4-05 Fixture Product,,,True,5.000,0.000,Normal
12487,p4_05_fixture_sku_57c89e0c5ea24282,P4-05 Fixture Product,,,True,4.000,0.000,Normal
12488,p4_05_fixture_sku_c76fb1b1fe4d4f2d,P4-05 Fixture Product,,,True,10.000,0.000,Normal
12489,p4_05_fixture_sku_e5feab0b30b341e5,P4-05 Fixture Product,,,True,0.000,0.000,OutOfStock
12490,p4_05_fixture_sku_047cb0bbaaf843bc,P4-05 Fixture Product,,,True,0.000,0.000,OutOfStock
12745,p4_05_fixture_sku_47729deef6654a26,P4-05 Fixture Product,,,True,10.000,0.000,Normal
12746,p4_05_fixture_sku_e927fc6526f94bc0,P4-05 Fixture Product,,,True,5.000,0.000,Normal
12747,p4_05_fixture_sku_44d084c8d24446bd,P4-05 Fixture Product,,,True,8.000,0.000,Normal
12748,p4_05_fixture_sku_de199f6cfefd4a6d,P4-05 Fixture Product,,,True,4.000,0.000,Normal
12749,p4_05_fixture_sku_2f126a549f784461,P4-05 Fixture Product,,,True,5.000,0.000,Normal
12750,p4_05_fixture_sku_0868875af75c4744,P4-05 Fixture Product,,,True,3.000,0.000,Normal
12751,p4_05_fixture_sku_90c028fa72454727,P4-05 Fixture Product,,,True,5.000,0.000,Normal
12752,p4_05_fixture_sku_bc903875e0014be8,P4-05 Fixture Product,,,True,6.000,0.000,Normal
12753,p4_05_fixture_sku_643f15aa1707490b,P4-05 Fixture Product,,,True,0.000,0.000,OutOfStock
12754,p4_05_fixture_sku_d71adc13c4e44214,P4-05 Fixture Product,,,True,9.000,0.000,Normal
12755,p4_05_fixture_sku_56e7107b25184315,P4-05 Fixture Product,,,True,10.000,0.000,Normal
12756,p4_05_fixture_sku_1bafb9a392604623,P4-05 Fixture Product,,,True,15.000,0.000,Normal
12757,p4_05_fixture_sku_add9bfaaa1fc4816,P4-05 Fixture Product,,,True,10.000,0.000,Normal
12758,p4_05_fixture_sku_a3c1fa50c10044d7,P4-05 Fixture Product,,,True,5.000,0.000,Normal
12759,p4_05_fixture_sku_56779d33da9c49f0,P4-05 Fixture Product,,,True,8.000,0.000,Normal
12760,p4_05_fixture_sku_40b298f6922c4cd0,P4-05 Fixture Product,,,True,0.000,0.000,OutOfStock
12761,p4_05_fixture_sku_b8f314e252584795,P4-05 Fixture Product,,,True,5.000,0.000,Normal
12762,p4_05_fixture_sku_006f73a8647749c6,P4-05 Fixture Product,,,True,1.000,0.000,Normal
12763,p4_05_fixture_sku_e86da8938a3044ce,P4-05 Fixture Product,,,True,0.000,0.000,OutOfStock
12764,p4_05_fixture_sku_ce7be4ccc3e44887,P4-05 Fixture Product,,,True,0.000,0.000,OutOfStock
12765,p4_05_fixture_sku_962d30a7e0cf4ea7,P4-05 Fixture Product,,,True,0.000,0.000,OutOfStock
12766,p4_05_fixture_sku_c4d4569273f24101,P4-05 Fixture Product,,,True,5.000,0.000,Normal
12767,p4_05_fixture_sku_0f47262fd05a4175,P4-05 Fixture Product,,,True,4.000,0.000,Normal
12768,p4_05_fixture_sku_50724e190f984096,P4-05 Fixture Product,,,True,10.000,0.000,Normal
12769,p4_05_fixture_sku_8a88af5ea1f34dd4,P4-05 Fixture Product,,,True,0.000,0.000,OutOfStock
12770,p4_05_fixture_sku_be860314e7484009,P4-05 Fixture Product,,,True,0.000,0.000,OutOfStock
13025,p4_05_fixture_sku_72e47f2f1e194150,P4-05 Fixture Product,,,True,10.000,0.000,Normal
13026,p4_05_fixture_sku_ca01e5f8929a406a,P4-05 Fixture Product,,,True,5.000,0.000,Normal
13027,p4_05_fixture_sku_67fa8911b59848d1,P4-05 Fixture Product,,,True,8.000,0.000,Normal
13028,p4_05_fixture_sku_3adfd089051f4bf2,P4-05 Fixture Product,,,True,4.000,0.000,Normal
13029,p4_05_fixture_sku_0a42f8bce151487d,P4-05 Fixture Product,,,True,5.000,0.000,Normal
13030,p4_05_fixture_sku_67ccf7c7c05d40b6,P4-05 Fixture Product,,,True,3.000,0.000,Normal
13031,p4_05_fixture_sku_e5db135264d9413b,P4-05 Fixture Product,,,True,5.000,0.000,Normal
13032,p4_05_fixture_sku_10d021885f694d5a,P4-05 Fixture Product,,,True,6.000,0.000,Normal
13033,p4_05_fixture_sku_b19bdf74189745d6,P4-05 Fixture Product,,,True,0.000,0.000,OutOfStock
13034,p4_05_fixture_sku_94bcbad78cca49ef,P4-05 Fixture Product,,,True,9.000,0.000,Normal
13035,p4_05_fixture_sku_fa14e369eabf4254,P4-05 Fixture Product,,,True,10.000,0.000,Normal
13036,p4_05_fixture_sku_ee6a6c963a0a4f05,P4-05 Fixture Product,,,True,15.000,0.000,Normal
13037,p4_05_fixture_sku_0f856bb44e684bd1,P4-05 Fixture Product,,,True,10.000,0.000,Normal
13038,p4_05_fixture_sku_99504986185b46b5,P4-05 Fixture Product,,,True,5.000,0.000,Normal
13039,p4_05_fixture_sku_fbebe9e81c4a4527,P4-05 Fixture Product,,,True,8.000,0.000,Normal
13040,p4_05_fixture_sku_8fdcd45ce0da49a4,P4-05 Fixture Product,,,True,0.000,0.000,OutOfStock
13041,p4_05_fixture_sku_177ee893dd754f51,P4-05 Fixture Product,,,True,5.000,0.000,Normal
13042,p4_05_fixture_sku_f1e6bd90777b488a,P4-05 Fixture Product,,,True,1.000,0.000,Normal
13043,p4_05_fixture_sku_ff747ded4f1542b2,P4-05 Fixture Product,,,True,0.000,0.000,OutOfStock
13044,p4_05_fixture_sku_47f1e9afc1d143a2,P4-05 Fixture Product,,,True,0.000,0.000,OutOfStock
13045,p4_05_fixture_sku_5136f12c007b4490,P4-05 Fixture Product,,,True,0.000,0.000,OutOfStock
13046,p4_05_fixture_sku_623c3579675849d3,P4-05 Fixture Product,,,True,5.000,0.000,Normal
13047,p4_05_fixture_sku_a9e4b19468de457b,P4-05 Fixture Product,,,True,4.000,0.000,Normal
13048,p4_05_fixture_sku_bae3e775889742b3,P4-05 Fixture Product,,,True,10.000,0.000,Normal
13049,p4_05_fixture_sku_fbce93e5aff34478,P4-05 Fixture Product,,,True,0.000,0.000,OutOfStock
13050,p4_05_fixture_sku_dd47f81f76e4420a,P4-05 Fixture Product,,,True,0.000,0.000,OutOfStock
13305,p4_05_fixture_sku_b335929b79314909,P4-05 Fixture Product,,,True,10.000,0.000,Normal
13306,p4_05_fixture_sku_2b50db2b253c4923,P4-05 Fixture Product,,,True,5.000,0.000,Normal
13307,p4_05_fixture_sku_f6831f3fba034f41,P4-05 Fixture Product,,,True,8.000,0.000,Normal
13308,p4_05_fixture_sku_e2ba606538094dad,P4-05 Fixture Product,,,True,4.000,0.000,Normal
13309,p4_05_fixture_sku_853478474d5c4ecb,P4-05 Fixture Product,,,True,5.000,0.000,Normal
13310,p4_05_fixture_sku_0b97d648aab34095,P4-05 Fixture Product,,,True,3.000,0.000,Normal
13311,p4_05_fixture_sku_1853079ce759465b,P4-05 Fixture Product,,,True,5.000,0.000,Normal
13312,p4_05_fixture_sku_d51ab860e439440e,P4-05 Fixture Product,,,True,6.000,0.000,Normal
13313,p4_05_fixture_sku_48d72ecad97d42b8,P4-05 Fixture Product,,,True,0.000,0.000,OutOfStock
13314,p4_05_fixture_sku_37f4f007bef14fd7,P4-05 Fixture Product,,,True,9.000,0.000,Normal
13315,p4_05_fixture_sku_b9318b86feee4743,P4-05 Fixture Product,,,True,10.000,0.000,Normal
13316,p4_05_fixture_sku_ed6fc3fe4aa04407,P4-05 Fixture Product,,,True,15.000,0.000,Normal
13317,p4_05_fixture_sku_0ddab94a44834af0,P4-05 Fixture Product,,,True,10.000,0.000,Normal
13318,p4_05_fixture_sku_bcdac556303548d0,P4-05 Fixture Product,,,True,5.000,0.000,Normal
13319,p4_05_fixture_sku_282b4a51dee540ed,P4-05 Fixture Product,,,True,8.000,0.000,Normal
13320,p4_05_fixture_sku_d89ea21760494b4d,P4-05 Fixture Product,,,True,0.000,0.000,OutOfStock
13321,p4_05_fixture_sku_9225364cb5d942bf,P4-05 Fixture Product,,,True,5.000,0.000,Normal
13322,p4_05_fixture_sku_5a36158224524221,P4-05 Fixture Product,,,True,1.000,0.000,Normal
13323,p4_05_fixture_sku_4e323a76362546f5,P4-05 Fixture Product,,,True,0.000,0.000,OutOfStock
13324,p4_05_fixture_sku_ecadedc4a4ea4d41,P4-05 Fixture Product,,,True,0.000,0.000,OutOfStock
13325,p4_05_fixture_sku_a9d64ae42d1146a6,P4-05 Fixture Product,,,True,0.000,0.000,OutOfStock
13326,p4_05_fixture_sku_8ded30b8dbe2478d,P4-05 Fixture Product,,,True,5.000,0.000,Normal
13327,p4_05_fixture_sku_96d0bb508c3a45b9,P4-05 Fixture Product,,,True,4.000,0.000,Normal
13328,p4_05_fixture_sku_25a9170f7a3f449a,P4-05 Fixture Product,,,True,10.000,0.000,Normal
13329,p4_05_fixture_sku_f76962fea3ff4520,P4-05 Fixture Product,,,True,0.000,0.000,OutOfStock
13330,p4_05_fixture_sku_6872eca46cf74850,P4-05 Fixture Product,,,True,0.000,0.000,OutOfStock
13586,p4_05_fixture_sku_47e20b453c574bb2,P4-05 Fixture Product,,,True,10.000,0.000,Normal
13587,p4_05_fixture_sku_0162c7f33aed4b81,P4-05 Fixture Product,,,True,5.000,0.000,Normal
13588,p4_05_fixture_sku_a9d064a1a9084fe6,P4-05 Fixture Product,,,True,8.000,0.000,Normal
13589,p4_05_fixture_sku_07a26dece7654927,P4-05 Fixture Product,,,True,4.000,0.000,Normal
13590,p4_05_fixture_sku_095a581402784cac,P4-05 Fixture Product,,,True,5.000,0.000,Normal
13591,p4_05_fixture_sku_a0dff36f53ab4840,P4-05 Fixture Product,,,True,3.000,0.000,Normal
13592,p4_05_fixture_sku_ad05fa4a1b244bc3,P4-05 Fixture Product,,,True,5.000,0.000,Normal
13593,p4_05_fixture_sku_16cdba6e836b48b9,P4-05 Fixture Product,,,True,6.000,0.000,Normal
13594,p4_05_fixture_sku_a2c4314f5cc54a69,P4-05 Fixture Product,,,True,0.000,0.000,OutOfStock
13595,p4_05_fixture_sku_4faaf34145e847ba,P4-05 Fixture Product,,,True,9.000,0.000,Normal
13596,p4_05_fixture_sku_b0043b075bfb4483,P4-05 Fixture Product,,,True,10.000,0.000,Normal
13597,p4_05_fixture_sku_e9172ad4941b4273,P4-05 Fixture Product,,,True,15.000,0.000,Normal
13598,p4_05_fixture_sku_11f121b28d6444fd,P4-05 Fixture Product,,,True,10.000,0.000,Normal
13599,p4_05_fixture_sku_d60de609598e4b83,P4-05 Fixture Product,,,True,5.000,0.000,Normal
13600,p4_05_fixture_sku_95a8a9427db74acb,P4-05 Fixture Product,,,True,8.000,0.000,Normal
13601,p4_05_fixture_sku_2eae4ffbf003408c,P4-05 Fixture Product,,,True,0.000,0.000,OutOfStock
13602,p4_05_fixture_sku_df2001a928734d1b,P4-05 Fixture Product,,,True,5.000,0.000,Normal
13603,p4_05_fixture_sku_556d1e5b96484c36,P4-05 Fixture Product,,,True,1.000,0.000,Normal
13604,p4_05_fixture_sku_c8d98d0468fd4f3c,P4-05 Fixture Product,,,True,0.000,0.000,OutOfStock
13605,p4_05_fixture_sku_a902cc48668a4127,P4-05 Fixture Product,,,True,0.000,0.000,OutOfStock
13606,p4_05_fixture_sku_53d4264cc7094d17,P4-05 Fixture Product,,,True,0.000,0.000,OutOfStock
13607,p4_05_fixture_sku_5a44c79874644755,P4-05 Fixture Product,,,True,5.000,0.000,Normal
13608,p4_05_fixture_sku_1dbd2c9dbf614ddf,P4-05 Fixture Product,,,True,4.000,0.000,Normal
13609,p4_05_fixture_sku_6164985f89d146ed,P4-05 Fixture Product,,,True,10.000,0.000,Normal
13610,p4_05_fixture_sku_41f23dee94a7471d,P4-05 Fixture Product,,,True,0.000,0.000,OutOfStock
13611,p4_05_fixture_sku_5b28e49b043b445e,P4-05 Fixture Product,,,True,0.000,0.000,OutOfStock
13866,p4_05_fixture_sku_02d9610807ce4e4e,P4-05 Fixture Product,,,True,10.000,0.000,Normal
13867,p4_05_fixture_sku_38af706e411e48f2,P4-05 Fixture Product,,,True,5.000,0.000,Normal
13868,p4_05_fixture_sku_2235353643944f2c,P4-05 Fixture Product,,,True,8.000,0.000,Normal
13869,p4_05_fixture_sku_057af036d81d41e2,P4-05 Fixture Product,,,True,4.000,0.000,Normal
13870,p4_05_fixture_sku_00e32561ae634461,P4-05 Fixture Product,,,True,5.000,0.000,Normal
13871,p4_05_fixture_sku_b7cf544179e742bf,P4-05 Fixture Product,,,True,3.000,0.000,Normal
13872,p4_05_fixture_sku_bbe07ae1054e43fd,P4-05 Fixture Product,,,True,5.000,0.000,Normal
13873,p4_05_fixture_sku_287f0fa82cd24076,P4-05 Fixture Product,,,True,6.000,0.000,Normal
13874,p4_05_fixture_sku_df4455d887e94eb2,P4-05 Fixture Product,,,True,0.000,0.000,OutOfStock
13875,p4_05_fixture_sku_70093565a3fa41b0,P4-05 Fixture Product,,,True,9.000,0.000,Normal
13876,p4_05_fixture_sku_f779152af78a47a5,P4-05 Fixture Product,,,True,10.000,0.000,Normal
13877,p4_05_fixture_sku_889bbfa7b02b4669,P4-05 Fixture Product,,,True,15.000,0.000,Normal
13878,p4_05_fixture_sku_22f4d3edf6274f49,P4-05 Fixture Product,,,True,10.000,0.000,Normal
13879,p4_05_fixture_sku_13c358e1892f4c1d,P4-05 Fixture Product,,,True,5.000,0.000,Normal
13880,p4_05_fixture_sku_0517528d805949b2,P4-05 Fixture Product,,,True,8.000,0.000,Normal
13881,p4_05_fixture_sku_57c7f3f1c19e4c2b,P4-05 Fixture Product,,,True,0.000,0.000,OutOfStock
13882,p4_05_fixture_sku_23f0f5e3bd1c4eca,P4-05 Fixture Product,,,True,5.000,0.000,Normal
13883,p4_05_fixture_sku_ce666ecdf28048b1,P4-05 Fixture Product,,,True,1.000,0.000,Normal
13884,p4_05_fixture_sku_a287d97bef8b47f1,P4-05 Fixture Product,,,True,0.000,0.000,OutOfStock
13885,p4_05_fixture_sku_8ba0c5f03acc4135,P4-05 Fixture Product,,,True,0.000,0.000,OutOfStock
13886,p4_05_fixture_sku_da661491daf0428d,P4-05 Fixture Product,,,True,0.000,0.000,OutOfStock
13887,p4_05_fixture_sku_8a24c7f2699b437b,P4-05 Fixture Product,,,True,5.000,0.000,Normal
13888,p4_05_fixture_sku_5176bbecbd8b4248,P4-05 Fixture Product,,,True,4.000,0.000,Normal
13889,p4_05_fixture_sku_edaf441accff4a1a,P4-05 Fixture Product,,,True,10.000,0.000,Normal
13890,p4_05_fixture_sku_0ce388c8f13344f8,P4-05 Fixture Product,,,True,0.000,0.000,OutOfStock
13891,p4_05_fixture_sku_11310de658284f14,P4-05 Fixture Product,,,True,0.000,0.000,OutOfStock
1503,p4_08_fixture_sku_3bffe0e323c7468b,P4-08 Fixture Product,,,True,6.000,0.000,Normal
1504,p4_08_fixture_sku_d6209db9a6224759,P4-08 Fixture Product,,,True,10.000,0.000,Normal
1505,p4_08_fixture_sku_305051cbc7124609,P4-08 Fixture Product,,,True,10.000,0.000,Normal
1506,p4_08_fixture_sku_651f059e4b9d4441,P4-08 Fixture Product,,,True,0.000,0.000,OutOfStock
1507,p4_08_fixture_sku_f5c20c2f045742ff,P4-08 Fixture Product,,,True,5.000,0.000,Normal
1508,p4_08_fixture_sku_c2103258a011417f,P4-08 Fixture Product,,,True,5.000,0.000,Normal
1509,p4_08_fixture_sku_002ec441b0de4621,P4-08 Fixture Product,,,True,0.000,0.000,OutOfStock
1510,p4_08_fixture_sku_466512980fcf46aa,P4-08 Fixture Product,,,True,5.000,0.000,Normal
1511,p4_08_fixture_sku_754b9f8fd46c4b63,P4-08 Fixture Product,,,True,5.000,0.000,Normal
1512,p4_08_fixture_sku_201906a86aca4615,P4-08 Fixture Product,,,True,5.000,0.000,Normal
1513,p4_08_fixture_sku_184c48cd378043d6,P4-08 Fixture Product,,,True,5.000,0.000,Normal
1514,p4_08_fixture_sku_124a3a073ad54210,P4-08 Fixture Product,,,True,7.000,0.000,Normal
1515,p4_08_fixture_sku_50ff80f73ca54be1,P4-08 Fixture Product,,,True,1.000,0.000,Normal
1516,p4_08_fixture_sku_64492499ccaf414f,P4-08 Fixture Product,,,True,0.000,0.000,OutOfStock
1517,p4_08_fixture_sku_9a1f183cbd5d49eb,P4-08 Fixture Product,,,True,7.000,0.000,Normal
1518,p4_08_fixture_sku_1b5ea8f3b0164dc8,P4-08 Fixture Product,,,True,3.000,0.000,Normal
1519,p4_08_fixture_sku_6c2076b38677462d,P4-08 Fixture Product,,,True,10.000,0.000,Normal
1520,p4_08_fixture_sku_6bbb39ba5ec7441c,P4-08 Fixture Product,,,True,10.000,0.000,Normal
1545,p4_08_fixture_sku_e9b4e2c061f94782,P4-08 Fixture Product,,,True,6.000,0.000,Normal
1546,p4_08_fixture_sku_2586637f0b8e49fd,P4-08 Fixture Product,,,True,10.000,0.000,Normal
1547,p4_08_fixture_sku_c159ed0d24d24de9,P4-08 Fixture Product,,,True,10.000,0.000,Normal
1548,p4_08_fixture_sku_920741e7cc0b450e,P4-08 Fixture Product,,,True,0.000,0.000,OutOfStock
1549,p4_08_fixture_sku_6ef762f3d1b64ed0,P4-08 Fixture Product,,,True,5.000,0.000,Normal
1550,p4_08_fixture_sku_5a1cc84d26aa495c,P4-08 Fixture Product,,,True,5.000,0.000,Normal
1551,p4_08_fixture_sku_34036a4f78094c8a,P4-08 Fixture Product,,,True,0.000,0.000,OutOfStock
1552,p4_08_fixture_sku_d4e04cddd6fa4429,P4-08 Fixture Product,,,True,5.000,0.000,Normal
1553,p4_08_fixture_sku_6cc631ef09354408,P4-08 Fixture Product,,,True,5.000,0.000,Normal
1554,p4_08_fixture_sku_0cb4fdb1823e4f8e,P4-08 Fixture Product,,,True,5.000,0.000,Normal
1555,p4_08_fixture_sku_bbcc3ef5339b4eae,P4-08 Fixture Product,,,True,5.000,0.000,Normal
1556,p4_08_fixture_sku_2cab33dc83494270,P4-08 Fixture Product,,,True,7.000,0.000,Normal
1557,p4_08_fixture_sku_d344b6ca5b484e34,P4-08 Fixture Product,,,True,1.000,0.000,Normal
1558,p4_08_fixture_sku_fff1a8542b054ab6,P4-08 Fixture Product,,,True,0.000,0.000,OutOfStock
1559,p4_08_fixture_sku_f92524ada5ef47c6,P4-08 Fixture Product,,,True,7.000,0.000,Normal
1560,p4_08_fixture_sku_06a736a931d24fe3,P4-08 Fixture Product,,,True,3.000,0.000,Normal
1561,p4_08_fixture_sku_ccf65752a7e748d0,P4-08 Fixture Product,,,True,10.000,0.000,Normal
1562,p4_08_fixture_sku_8b2419deb0494cce,P4-08 Fixture Product,,,True,10.000,0.000,Normal
1650,p4_08_fixture_sku_d27b8c7febc84f46,P4-08 Fixture Product,,,True,6.000,0.000,Normal
1651,p4_08_fixture_sku_cfa66cebdc92453d,P4-08 Fixture Product,,,True,10.000,0.000,Normal
1652,p4_08_fixture_sku_1e8de1dca24540a3,P4-08 Fixture Product,,,True,10.000,0.000,Normal
1653,p4_08_fixture_sku_b042d9ea4b3a40c2,P4-08 Fixture Product,,,True,0.000,0.000,OutOfStock
1654,p4_08_fixture_sku_3a76d11a04794aab,P4-08 Fixture Product,,,True,5.000,0.000,Normal
1655,p4_08_fixture_sku_62e4053a542445c6,P4-08 Fixture Product,,,True,5.000,0.000,Normal
1656,p4_08_fixture_sku_fcc289561c5f4e6d,P4-08 Fixture Product,,,True,0.000,0.000,OutOfStock
1657,p4_08_fixture_sku_cc1f1cb49f99423b,P4-08 Fixture Product,,,True,5.000,0.000,Normal
1658,p4_08_fixture_sku_9b54c65e4a374284,P4-08 Fixture Product,,,True,5.000,0.000,Normal
1659,p4_08_fixture_sku_4068eaff937f454d,P4-08 Fixture Product,,,True,5.000,0.000,Normal
1660,p4_08_fixture_sku_3b02d27de5754305,P4-08 Fixture Product,,,True,5.000,0.000,Normal
1661,p4_08_fixture_sku_13b0e945481a4de9,P4-08 Fixture Product,,,True,7.000,0.000,Normal
1662,p4_08_fixture_sku_c821fab42eb54dc3,P4-08 Fixture Product,,,True,1.000,0.000,Normal
1663,p4_08_fixture_sku_10b7c55d8bd2497c,P4-08 Fixture Product,,,True,0.000,0.000,OutOfStock
1664,p4_08_fixture_sku_6cc474dd12a34fb0,P4-08 Fixture Product,,,True,7.000,0.000,Normal
1665,p4_08_fixture_sku_f94fad81d2c04b36,P4-08 Fixture Product,,,True,3.000,0.000,Normal
1666,p4_08_fixture_sku_70c40a4ff9c845a5,P4-08 Fixture Product,,,True,10.000,0.000,Normal
1667,p4_08_fixture_sku_1d9043d4ed1a423b,P4-08 Fixture Product,,,True,10.000,0.000,Normal
1780,p4_08_fixture_sku_1411ed3e97f940af,P4-08 Fixture Product,,,True,6.000,0.000,Normal
1781,p4_08_fixture_sku_e7dc9293ffa44131,P4-08 Fixture Product,,,True,10.000,0.000,Normal
1782,p4_08_fixture_sku_ceb32c9d451b4f3f,P4-08 Fixture Product,,,True,10.000,0.000,Normal
1783,p4_08_fixture_sku_4eddf3a6acf549b1,P4-08 Fixture Product,,,True,0.000,0.000,OutOfStock
1784,p4_08_fixture_sku_82462c8da3e049af,P4-08 Fixture Product,,,True,5.000,0.000,Normal
1785,p4_08_fixture_sku_5695cca725ed4c45,P4-08 Fixture Product,,,True,5.000,0.000,Normal
1786,p4_08_fixture_sku_97402be98d1348a2,P4-08 Fixture Product,,,True,0.000,0.000,OutOfStock
1787,p4_08_fixture_sku_db40633dd1254d82,P4-08 Fixture Product,,,True,5.000,0.000,Normal
1788,p4_08_fixture_sku_e5eb5851c6b7410e,P4-08 Fixture Product,,,True,5.000,0.000,Normal
1789,p4_08_fixture_sku_cb45af7e40544f88,P4-08 Fixture Product,,,True,5.000,0.000,Normal
1790,p4_08_fixture_sku_a245da51097e4fb3,P4-08 Fixture Product,,,True,5.000,0.000,Normal
1791,p4_08_fixture_sku_d0c4333459214544,P4-08 Fixture Product,,,True,7.000,0.000,Normal
1792,p4_08_fixture_sku_47ef17a6d8e841c8,P4-08 Fixture Product,,,True,1.000,0.000,Normal
1793,p4_08_fixture_sku_19fae72cb070495b,P4-08 Fixture Product,,,True,0.000,0.000,OutOfStock
1794,p4_08_fixture_sku_e07856b4ab544ca8,P4-08 Fixture Product,,,True,7.000,0.000,Normal
1795,p4_08_fixture_sku_804c519f7fd44a82,P4-08 Fixture Product,,,True,3.000,0.000,Normal
1796,p4_08_fixture_sku_73fdd5f2336c464c,P4-08 Fixture Product,,,True,10.000,0.000,Normal
1797,p4_08_fixture_sku_a4cf4589b29b41df,P4-08 Fixture Product,,,True,10.000,0.000,Normal
1910,p4_08_fixture_sku_27e57cc1ce134bff,P4-08 Fixture Product,,,True,6.000,0.000,Normal
1911,p4_08_fixture_sku_921308dcf36c43c1,P4-08 Fixture Product,,,True,10.000,0.000,Normal
1912,p4_08_fixture_sku_f2cb7c149ee94758,P4-08 Fixture Product,,,True,10.000,0.000,Normal
1913,p4_08_fixture_sku_454ec065fe1d4158,P4-08 Fixture Product,,,True,0.000,0.000,OutOfStock
1914,p4_08_fixture_sku_f298b96cba814837,P4-08 Fixture Product,,,True,5.000,0.000,Normal
1915,p4_08_fixture_sku_772e943789a44de4,P4-08 Fixture Product,,,True,5.000,0.000,Normal
1916,p4_08_fixture_sku_a4d365737048459b,P4-08 Fixture Product,,,True,0.000,0.000,OutOfStock
1917,p4_08_fixture_sku_2c8cea4508814272,P4-08 Fixture Product,,,True,5.000,0.000,Normal
1918,p4_08_fixture_sku_bf663558cd7141aa,P4-08 Fixture Product,,,True,5.000,0.000,Normal
1919,p4_08_fixture_sku_8e4af21a89464263,P4-08 Fixture Product,,,True,5.000,0.000,Normal
1920,p4_08_fixture_sku_e72cd026e47845b8,P4-08 Fixture Product,,,True,5.000,0.000,Normal
1921,p4_08_fixture_sku_f4f49e740ee64ba3,P4-08 Fixture Product,,,True,7.000,0.000,Normal
1922,p4_08_fixture_sku_6bb75cb9aae54d59,P4-08 Fixture Product,,,True,1.000,0.000,Normal
1923,p4_08_fixture_sku_e3ed4844b9a94369,P4-08 Fixture Product,,,True,0.000,0.000,OutOfStock
1924,p4_08_fixture_sku_992935bd52064ced,P4-08 Fixture Product,,,True,7.000,0.000,Normal
1925,p4_08_fixture_sku_5741f000da0c444f,P4-08 Fixture Product,,,True,3.000,0.000,Normal
1926,p4_08_fixture_sku_1f09960b4be74cdb,P4-08 Fixture Product,,,True,10.000,0.000,Normal
1927,p4_08_fixture_sku_6ae2ef66e44f4cfd,P4-08 Fixture Product,,,True,10.000,0.000,Normal
2040,p4_08_fixture_sku_93e719a0bb064487,P4-08 Fixture Product,,,True,6.000,0.000,Normal
2041,p4_08_fixture_sku_7d9976c616e04a45,P4-08 Fixture Product,,,True,10.000,0.000,Normal
2042,p4_08_fixture_sku_a51cae2de9b2455d,P4-08 Fixture Product,,,True,10.000,0.000,Normal
2043,p4_08_fixture_sku_52fd0d06a47847bb,P4-08 Fixture Product,,,True,0.000,0.000,OutOfStock
2044,p4_08_fixture_sku_cdb64706b15a4122,P4-08 Fixture Product,,,True,5.000,0.000,Normal
2045,p4_08_fixture_sku_51ff155eb7e64cf2,P4-08 Fixture Product,,,True,5.000,0.000,Normal
2046,p4_08_fixture_sku_c52a03f905164f8b,P4-08 Fixture Product,,,True,0.000,0.000,OutOfStock
2047,p4_08_fixture_sku_3e433c91a88a4edf,P4-08 Fixture Product,,,True,5.000,0.000,Normal
2048,p4_08_fixture_sku_debff9019eda4adc,P4-08 Fixture Product,,,True,5.000,0.000,Normal
2049,p4_08_fixture_sku_23d807ed7afc4ead,P4-08 Fixture Product,,,True,5.000,0.000,Normal
2050,p4_08_fixture_sku_95812746430e438f,P4-08 Fixture Product,,,True,5.000,0.000,Normal
2051,p4_08_fixture_sku_bcc2e1be3a934a2d,P4-08 Fixture Product,,,True,7.000,0.000,Normal
2052,p4_08_fixture_sku_f818cb48be0c470f,P4-08 Fixture Product,,,True,1.000,0.000,Normal
2053,p4_08_fixture_sku_7de8c90dd4f6486c,P4-08 Fixture Product,,,True,0.000,0.000,OutOfStock
2054,p4_08_fixture_sku_f5db869181454e3c,P4-08 Fixture Product,,,True,7.000,0.000,Normal
2055,p4_08_fixture_sku_4b9d359c46674435,P4-08 Fixture Product,,,True,3.000,0.000,Normal
2056,p4_08_fixture_sku_adc56607058e42d7,P4-08 Fixture Product,,,True,10.000,0.000,Normal
2057,p4_08_fixture_sku_4103ec62555f4bf1,P4-08 Fixture Product,,,True,10.000,0.000,Normal
2222,p4_08_fixture_sku_0c727346ce48471f,P4-08 Fixture Product,,,True,6.000,0.000,Normal
2223,p4_08_fixture_sku_20536ea3943d47d7,P4-08 Fixture Product,,,True,10.000,0.000,Normal
2224,p4_08_fixture_sku_0d9ff61322094358,P4-08 Fixture Product,,,True,10.000,0.000,Normal
2225,p4_08_fixture_sku_8d41210f38e245ae,P4-08 Fixture Product,,,True,0.000,0.000,OutOfStock
2226,p4_08_fixture_sku_59613a54ad8e4460,P4-08 Fixture Product,,,True,5.000,0.000,Normal
2227,p4_08_fixture_sku_e7c2476c338141bb,P4-08 Fixture Product,,,True,5.000,0.000,Normal
2228,p4_08_fixture_sku_8a61485af8ba4329,P4-08 Fixture Product,,,True,0.000,0.000,OutOfStock
2229,p4_08_fixture_sku_f618417453ae4f6a,P4-08 Fixture Product,,,True,5.000,0.000,Normal
2230,p4_08_fixture_sku_4eabe0e880af4685,P4-08 Fixture Product,,,True,5.000,0.000,Normal
2231,p4_08_fixture_sku_9e272bacdb474ae9,P4-08 Fixture Product,,,True,5.000,0.000,Normal
2232,p4_08_fixture_sku_351fcdd4cb3c4114,P4-08 Fixture Product,,,True,5.000,0.000,Normal
2233,p4_08_fixture_sku_699e7ba2295d476c,P4-08 Fixture Product,,,True,7.000,0.000,Normal
2234,p4_08_fixture_sku_15f60e91241c4411,P4-08 Fixture Product,,,True,1.000,0.000,Normal
2235,p4_08_fixture_sku_058b454110f74801,P4-08 Fixture Product,,,True,0.000,0.000,OutOfStock
2236,p4_08_fixture_sku_5c778e6fc2e846bd,P4-08 Fixture Product,,,True,7.000,0.000,Normal
2237,p4_08_fixture_sku_7d54d035e2df4e97,P4-08 Fixture Product,,,True,3.000,0.000,Normal
2238,p4_08_fixture_sku_4558cc80d5e94053,P4-08 Fixture Product,,,True,10.000,0.000,Normal
2239,p4_08_fixture_sku_296efe1974e049a2,P4-08 Fixture Product,,,True,10.000,0.000,Normal
2363,p4_08_fixture_sku_27540d48a2fb4a40,P4-08 Fixture Product,,,True,6.000,0.000,Normal
2364,p4_08_fixture_sku_e04e4a8227484ab9,P4-08 Fixture Product,,,True,10.000,0.000,Normal
2365,p4_08_fixture_sku_13d3712724674058,P4-08 Fixture Product,,,True,10.000,0.000,Normal
2366,p4_08_fixture_sku_c339f1ad478743a8,P4-08 Fixture Product,,,True,0.000,0.000,OutOfStock
2367,p4_08_fixture_sku_b0ebc1b011ea4d88,P4-08 Fixture Product,,,True,5.000,0.000,Normal
2368,p4_08_fixture_sku_e921a02a912d49c0,P4-08 Fixture Product,,,True,5.000,0.000,Normal
2369,p4_08_fixture_sku_377e84d2911d4cce,P4-08 Fixture Product,,,True,0.000,0.000,OutOfStock
2370,p4_08_fixture_sku_b959ebf138084ef2,P4-08 Fixture Product,,,True,5.000,0.000,Normal
2371,p4_08_fixture_sku_5ef45c8208204b89,P4-08 Fixture Product,,,True,5.000,0.000,Normal
2372,p4_08_fixture_sku_2c2bd8a69bbe41a8,P4-08 Fixture Product,,,True,5.000,0.000,Normal
2373,p4_08_fixture_sku_4a0977487ed04073,P4-08 Fixture Product,,,True,5.000,0.000,Normal
2374,p4_08_fixture_sku_db17636a485d4976,P4-08 Fixture Product,,,True,7.000,0.000,Normal
2375,p4_08_fixture_sku_0fecab5e3da749d8,P4-08 Fixture Product,,,True,1.000,0.000,Normal
2376,p4_08_fixture_sku_182a5f20789f4271,P4-08 Fixture Product,,,True,0.000,0.000,OutOfStock
2377,p4_08_fixture_sku_e9b554ace6ff452a,P4-08 Fixture Product,,,True,7.000,0.000,Normal
2378,p4_08_fixture_sku_3355b537aa704931,P4-08 Fixture Product,,,True,3.000,0.000,Normal
2379,p4_08_fixture_sku_54e34d35cec24aa6,P4-08 Fixture Product,,,True,10.000,0.000,Normal
2380,p4_08_fixture_sku_001df75089d14b3c,P4-08 Fixture Product,,,True,10.000,0.000,Normal
2504,p4_08_fixture_sku_4140397d652c464d,P4-08 Fixture Product,,,True,6.000,0.000,Normal
2505,p4_08_fixture_sku_e7d67410af614bcd,P4-08 Fixture Product,,,True,10.000,0.000,Normal
2506,p4_08_fixture_sku_16ebc63c40f34306,P4-08 Fixture Product,,,True,10.000,0.000,Normal
2507,p4_08_fixture_sku_dac16f42d4994292,P4-08 Fixture Product,,,True,0.000,0.000,OutOfStock
2508,p4_08_fixture_sku_2c94ea37dc8c423b,P4-08 Fixture Product,,,True,5.000,0.000,Normal
2509,p4_08_fixture_sku_51f922fab16a46ac,P4-08 Fixture Product,,,True,5.000,0.000,Normal
2510,p4_08_fixture_sku_c6ed31cea90742a2,P4-08 Fixture Product,,,True,0.000,0.000,OutOfStock
2511,p4_08_fixture_sku_f4233d148c494189,P4-08 Fixture Product,,,True,5.000,0.000,Normal
2512,p4_08_fixture_sku_9971e13345744d43,P4-08 Fixture Product,,,True,5.000,0.000,Normal
2513,p4_08_fixture_sku_d55abb53507b43c0,P4-08 Fixture Product,,,True,5.000,0.000,Normal
2514,p4_08_fixture_sku_379cf1df94c74404,P4-08 Fixture Product,,,True,5.000,0.000,Normal
2515,p4_08_fixture_sku_eb0a36a133e64a44,P4-08 Fixture Product,,,True,7.000,0.000,Normal
2516,p4_08_fixture_sku_95d76e2ee91445b6,P4-08 Fixture Product,,,True,1.000,0.000,Normal
2517,p4_08_fixture_sku_dabf383a32d141e0,P4-08 Fixture Product,,,True,0.000,0.000,OutOfStock
2518,p4_08_fixture_sku_7b3944fe63304e6d,P4-08 Fixture Product,,,True,7.000,0.000,Normal
2519,p4_08_fixture_sku_053f5c61aa5d4115,P4-08 Fixture Product,,,True,3.000,0.000,Normal
2520,p4_08_fixture_sku_aa0613439f434a43,P4-08 Fixture Product,,,True,10.000,0.000,Normal
2521,p4_08_fixture_sku_2acedea805244593,P4-08 Fixture Product,,,True,10.000,0.000,Normal
2645,p4_08_fixture_sku_fda13117eb794c75,P4-08 Fixture Product,,,True,6.000,0.000,Normal
2646,p4_08_fixture_sku_8b273a8e53f64e30,P4-08 Fixture Product,,,True,10.000,0.000,Normal
2647,p4_08_fixture_sku_aac649479b854fb4,P4-08 Fixture Product,,,True,10.000,0.000,Normal
2648,p4_08_fixture_sku_e3bb036add5040c2,P4-08 Fixture Product,,,True,0.000,0.000,OutOfStock
2649,p4_08_fixture_sku_47b36f3e89214b75,P4-08 Fixture Product,,,True,5.000,0.000,Normal
2650,p4_08_fixture_sku_2869f57dfd654b9d,P4-08 Fixture Product,,,True,5.000,0.000,Normal
2651,p4_08_fixture_sku_02ae3acfe10b4873,P4-08 Fixture Product,,,True,0.000,0.000,OutOfStock
2652,p4_08_fixture_sku_cc9d3d665c344d32,P4-08 Fixture Product,,,True,5.000,0.000,Normal
2653,p4_08_fixture_sku_485ca6d9a38942fc,P4-08 Fixture Product,,,True,5.000,0.000,Normal
2654,p4_08_fixture_sku_03f24f3d4f934b7e,P4-08 Fixture Product,,,True,5.000,0.000,Normal
2655,p4_08_fixture_sku_c23a8f232962481c,P4-08 Fixture Product,,,True,5.000,0.000,Normal
2656,p4_08_fixture_sku_8be322fc8b3a473e,P4-08 Fixture Product,,,True,7.000,0.000,Normal
2657,p4_08_fixture_sku_83f833ed7f6b46dc,P4-08 Fixture Product,,,True,1.000,0.000,Normal
2658,p4_08_fixture_sku_181fca6db76c48cb,P4-08 Fixture Product,,,True,0.000,0.000,OutOfStock
2659,p4_08_fixture_sku_b09165714f0e428c,P4-08 Fixture Product,,,True,7.000,0.000,Normal
2660,p4_08_fixture_sku_7bc3b678edcb41e0,P4-08 Fixture Product,,,True,3.000,0.000,Normal
2661,p4_08_fixture_sku_0e194fceffc0412f,P4-08 Fixture Product,,,True,10.000,0.000,Normal
2662,p4_08_fixture_sku_08a8b284abf54ad4,P4-08 Fixture Product,,,True,10.000,0.000,Normal
2786,p4_08_fixture_sku_d908408ad4be4794,P4-08 Fixture Product,,,True,6.000,0.000,Normal
2787,p4_08_fixture_sku_159314a438eb456b,P4-08 Fixture Product,,,True,10.000,0.000,Normal
2788,p4_08_fixture_sku_b96f280afa0445ba,P4-08 Fixture Product,,,True,10.000,0.000,Normal
2789,p4_08_fixture_sku_73048d3f453240d7,P4-08 Fixture Product,,,True,0.000,0.000,OutOfStock
2790,p4_08_fixture_sku_3e6b9ca49c0145c4,P4-08 Fixture Product,,,True,5.000,0.000,Normal
2791,p4_08_fixture_sku_fa527718420f43d9,P4-08 Fixture Product,,,True,5.000,0.000,Normal
2792,p4_08_fixture_sku_d99e980e75954880,P4-08 Fixture Product,,,True,0.000,0.000,OutOfStock
2793,p4_08_fixture_sku_13d7b85c09ad4122,P4-08 Fixture Product,,,True,5.000,0.000,Normal
2794,p4_08_fixture_sku_0dd941e5a3bb461f,P4-08 Fixture Product,,,True,5.000,0.000,Normal
2795,p4_08_fixture_sku_c0ca1f9cbb244af0,P4-08 Fixture Product,,,True,5.000,0.000,Normal
2796,p4_08_fixture_sku_d8ecd1fef39d4bba,P4-08 Fixture Product,,,True,5.000,0.000,Normal
2797,p4_08_fixture_sku_f218752d53e14208,P4-08 Fixture Product,,,True,7.000,0.000,Normal
2798,p4_08_fixture_sku_da7d05de3afb42c6,P4-08 Fixture Product,,,True,1.000,0.000,Normal
2799,p4_08_fixture_sku_176fb571a135457c,P4-08 Fixture Product,,,True,0.000,0.000,OutOfStock
2800,p4_08_fixture_sku_813b9d049f494270,P4-08 Fixture Product,,,True,7.000,0.000,Normal
2801,p4_08_fixture_sku_c03f71de6c18406d,P4-08 Fixture Product,,,True,3.000,0.000,Normal
2802,p4_08_fixture_sku_29ff45bb5c1a444e,P4-08 Fixture Product,,,True,10.000,0.000,Normal
2803,p4_08_fixture_sku_f5c1484ec6b2445b,P4-08 Fixture Product,,,True,10.000,0.000,Normal
2927,p4_08_fixture_sku_8e585c4c7f904729,P4-08 Fixture Product,,,True,6.000,0.000,Normal
2928,p4_08_fixture_sku_8523f67ad20b4d5c,P4-08 Fixture Product,,,True,10.000,0.000,Normal
2929,p4_08_fixture_sku_0985c7c789164f02,P4-08 Fixture Product,,,True,10.000,0.000,Normal
2930,p4_08_fixture_sku_3eb1ebc8e6ef4cdf,P4-08 Fixture Product,,,True,0.000,0.000,OutOfStock
2931,p4_08_fixture_sku_99a4ce5e598c4564,P4-08 Fixture Product,,,True,5.000,0.000,Normal
2932,p4_08_fixture_sku_9f823df3849149c8,P4-08 Fixture Product,,,True,5.000,0.000,Normal
2933,p4_08_fixture_sku_27ad0d682c8d4245,P4-08 Fixture Product,,,True,0.000,0.000,OutOfStock
2934,p4_08_fixture_sku_d3589a2567884c5f,P4-08 Fixture Product,,,True,5.000,0.000,Normal
2935,p4_08_fixture_sku_d050a035936c49f1,P4-08 Fixture Product,,,True,5.000,0.000,Normal
2936,p4_08_fixture_sku_d3432a1d5bbd4ebf,P4-08 Fixture Product,,,True,5.000,0.000,Normal
2937,p4_08_fixture_sku_7924aafee87343f4,P4-08 Fixture Product,,,True,5.000,0.000,Normal
2938,p4_08_fixture_sku_37557be3791a4996,P4-08 Fixture Product,,,True,7.000,0.000,Normal
2939,p4_08_fixture_sku_29dc1213a21e4bfe,P4-08 Fixture Product,,,True,1.000,0.000,Normal
2940,p4_08_fixture_sku_94d9f1f9c375447d,P4-08 Fixture Product,,,True,0.000,0.000,OutOfStock
2941,p4_08_fixture_sku_961c2250c9474f08,P4-08 Fixture Product,,,True,7.000,0.000,Normal
2942,p4_08_fixture_sku_cd6aa1cb6d2049f2,P4-08 Fixture Product,,,True,3.000,0.000,Normal
2943,p4_08_fixture_sku_0361df7362954330,P4-08 Fixture Product,,,True,10.000,0.000,Normal
2944,p4_08_fixture_sku_2fa39aa56d6f4be5,P4-08 Fixture Product,,,True,10.000,0.000,Normal
3068,p4_08_fixture_sku_d7986408d9264d32,P4-08 Fixture Product,,,True,6.000,0.000,Normal
3069,p4_08_fixture_sku_772db840ea694cb0,P4-08 Fixture Product,,,True,10.000,0.000,Normal
3070,p4_08_fixture_sku_a9bd50bbed03412f,P4-08 Fixture Product,,,True,10.000,0.000,Normal
3071,p4_08_fixture_sku_2f41849a572d4bcf,P4-08 Fixture Product,,,True,0.000,0.000,OutOfStock
3072,p4_08_fixture_sku_cf7fbfa5ca7049db,P4-08 Fixture Product,,,True,5.000,0.000,Normal
3073,p4_08_fixture_sku_3945d6fc13da44da,P4-08 Fixture Product,,,True,5.000,0.000,Normal
3074,p4_08_fixture_sku_800d453dae6f4c08,P4-08 Fixture Product,,,True,0.000,0.000,OutOfStock
3075,p4_08_fixture_sku_e599d7067d854de6,P4-08 Fixture Product,,,True,5.000,0.000,Normal
3076,p4_08_fixture_sku_c1ad815dd9ce4d83,P4-08 Fixture Product,,,True,5.000,0.000,Normal
3077,p4_08_fixture_sku_995f845224de483b,P4-08 Fixture Product,,,True,5.000,0.000,Normal
3078,p4_08_fixture_sku_5025de2e194a44cd,P4-08 Fixture Product,,,True,5.000,0.000,Normal
3079,p4_08_fixture_sku_32fc288b0d114d75,P4-08 Fixture Product,,,True,7.000,0.000,Normal
3080,p4_08_fixture_sku_f91dcfd834204ff2,P4-08 Fixture Product,,,True,1.000,0.000,Normal
3081,p4_08_fixture_sku_9cd35b67692f4c07,P4-08 Fixture Product,,,True,0.000,0.000,OutOfStock
3082,p4_08_fixture_sku_0a79468b7cd340d0,P4-08 Fixture Product,,,True,7.000,0.000,Normal
3083,p4_08_fixture_sku_344f2e75d12548ee,P4-08 Fixture Product,,,True,3.000,0.000,Normal
3084,p4_08_fixture_sku_99a4e6ad62ce4446,P4-08 Fixture Product,,,True,10.000,0.000,Normal
3085,p4_08_fixture_sku_f63550e30a2c4c38,P4-08 Fixture Product,,,True,10.000,0.000,Normal
3241,p4_08_fixture_sku_70a24f52cb3a42d3,P4-08 Fixture Product,,,True,6.000,0.000,Normal
3242,p4_08_fixture_sku_fd99dc4646974845,P4-08 Fixture Product,,,True,10.000,0.000,Normal
3243,p4_08_fixture_sku_b8f8c9528ecb4d5e,P4-08 Fixture Product,,,True,10.000,0.000,Normal
3244,p4_08_fixture_sku_17342d630a004b89,P4-08 Fixture Product,,,True,0.000,0.000,OutOfStock
3245,p4_08_fixture_sku_f284a2fbd9d8497b,P4-08 Fixture Product,,,True,5.000,0.000,Normal
3246,p4_08_fixture_sku_32f7743b7bef489f,P4-08 Fixture Product,,,True,5.000,0.000,Normal
3247,p4_08_fixture_sku_16d2ee8cbbc84b33,P4-08 Fixture Product,,,True,0.000,0.000,OutOfStock
3248,p4_08_fixture_sku_24ee0e33e6ec477d,P4-08 Fixture Product,,,True,5.000,0.000,Normal
3249,p4_08_fixture_sku_d95893677c2e4b69,P4-08 Fixture Product,,,True,5.000,0.000,Normal
3250,p4_08_fixture_sku_7e0509ba7a8147f5,P4-08 Fixture Product,,,True,5.000,0.000,Normal
3251,p4_08_fixture_sku_71ee4f8085864def,P4-08 Fixture Product,,,True,5.000,0.000,Normal
3252,p4_08_fixture_sku_74495e70c4a1427c,P4-08 Fixture Product,,,True,7.000,0.000,Normal
3253,p4_08_fixture_sku_98f36d60fb434333,P4-08 Fixture Product,,,True,1.000,0.000,Normal
3254,p4_08_fixture_sku_2605a54fe1174439,P4-08 Fixture Product,,,True,0.000,0.000,OutOfStock
3255,p4_08_fixture_sku_809b45b08e5b4217,P4-08 Fixture Product,,,True,7.000,0.000,Normal
3256,p4_08_fixture_sku_564e29a421b0445c,P4-08 Fixture Product,,,True,3.000,0.000,Normal
3257,p4_08_fixture_sku_e8fc3d5fad6f4e2c,P4-08 Fixture Product,,,True,10.000,0.000,Normal
3258,p4_08_fixture_sku_19443916f1044f1f,P4-08 Fixture Product,,,True,10.000,0.000,Normal
3389,p4_08_fixture_sku_7e9772adfd2d4eff,P4-08 Fixture Product,,,True,6.000,0.000,Normal
3390,p4_08_fixture_sku_6bf7748edf324895,P4-08 Fixture Product,,,True,10.000,0.000,Normal
3391,p4_08_fixture_sku_9603952ef89244b3,P4-08 Fixture Product,,,True,10.000,0.000,Normal
3392,p4_08_fixture_sku_ac5aa5c8ad004106,P4-08 Fixture Product,,,True,0.000,0.000,OutOfStock
3393,p4_08_fixture_sku_d20b1051de4e467f,P4-08 Fixture Product,,,True,5.000,0.000,Normal
3394,p4_08_fixture_sku_5e4b1c2dc8b749d1,P4-08 Fixture Product,,,True,5.000,0.000,Normal
3395,p4_08_fixture_sku_c63a484d17294d4f,P4-08 Fixture Product,,,True,0.000,0.000,OutOfStock
3396,p4_08_fixture_sku_f87b610636a64584,P4-08 Fixture Product,,,True,5.000,0.000,Normal
3397,p4_08_fixture_sku_c1f5b68adc674cd2,P4-08 Fixture Product,,,True,5.000,0.000,Normal
3398,p4_08_fixture_sku_b2eec0ea1ecd4513,P4-08 Fixture Product,,,True,5.000,0.000,Normal
3399,p4_08_fixture_sku_9f435904885d4bda,P4-08 Fixture Product,,,True,5.000,0.000,Normal
3400,p4_08_fixture_sku_e9f6f67d9b384de3,P4-08 Fixture Product,,,True,7.000,0.000,Normal
3401,p4_08_fixture_sku_eb01bc79aa404069,P4-08 Fixture Product,,,True,1.000,0.000,Normal
3402,p4_08_fixture_sku_341e888efd3f4aa2,P4-08 Fixture Product,,,True,0.000,0.000,OutOfStock
3403,p4_08_fixture_sku_31e60f3695fd41af,P4-08 Fixture Product,,,True,7.000,0.000,Normal
3404,p4_08_fixture_sku_5cf1259bd7e641c5,P4-08 Fixture Product,,,True,3.000,0.000,Normal
3405,p4_08_fixture_sku_37d1ec2196254eba,P4-08 Fixture Product,,,True,10.000,0.000,Normal
3406,p4_08_fixture_sku_b38126316748430d,P4-08 Fixture Product,,,True,10.000,0.000,Normal
3544,p4_08_fixture_sku_5fd77707cb4b43ed,P4-08 Fixture Product,,,True,6.000,0.000,Normal
3545,p4_08_fixture_sku_b7f0e4232d9a4ba1,P4-08 Fixture Product,,,True,10.000,0.000,Normal
3546,p4_08_fixture_sku_1145102946b24a0b,P4-08 Fixture Product,,,True,10.000,0.000,Normal
3547,p4_08_fixture_sku_d69637fa01594f6c,P4-08 Fixture Product,,,True,0.000,0.000,OutOfStock
3548,p4_08_fixture_sku_bafd0b5700e84041,P4-08 Fixture Product,,,True,5.000,0.000,Normal
3549,p4_08_fixture_sku_e3a073b4ea0e4d20,P4-08 Fixture Product,,,True,5.000,0.000,Normal
3550,p4_08_fixture_sku_7dcf3af130c34bb5,P4-08 Fixture Product,,,True,0.000,0.000,OutOfStock
3551,p4_08_fixture_sku_84dfdcf3201c435d,P4-08 Fixture Product,,,True,5.000,0.000,Normal
3552,p4_08_fixture_sku_99a20398ea254bfe,P4-08 Fixture Product,,,True,5.000,0.000,Normal
3553,p4_08_fixture_sku_1f8274210f504bd3,P4-08 Fixture Product,,,True,5.000,0.000,Normal
3554,p4_08_fixture_sku_a7d5e87860dc4fd0,P4-08 Fixture Product,,,True,5.000,0.000,Normal
3555,p4_08_fixture_sku_0fec4bc15f6b41fd,P4-08 Fixture Product,,,True,7.000,0.000,Normal
3556,p4_08_fixture_sku_24ffb64c79f34b61,P4-08 Fixture Product,,,True,1.000,0.000,Normal
3557,p4_08_fixture_sku_de9a514d40294325,P4-08 Fixture Product,,,True,0.000,0.000,OutOfStock
3558,p4_08_fixture_sku_949b563051b547aa,P4-08 Fixture Product,,,True,7.000,0.000,Normal
3559,p4_08_fixture_sku_58d71a6e6d744e23,P4-08 Fixture Product,,,True,3.000,0.000,Normal
3560,p4_08_fixture_sku_75a3b6fda6594427,P4-08 Fixture Product,,,True,10.000,0.000,Normal
3561,p4_08_fixture_sku_54163a1be0194fb7,P4-08 Fixture Product,,,True,10.000,0.000,Normal
3692,p4_08_fixture_sku_62961598cd3843a0,P4-08 Fixture Product,,,True,6.000,0.000,Normal
3693,p4_08_fixture_sku_ac937b8d02e74379,P4-08 Fixture Product,,,True,10.000,0.000,Normal
3694,p4_08_fixture_sku_dccead3a116e423d,P4-08 Fixture Product,,,True,10.000,0.000,Normal
3695,p4_08_fixture_sku_6055eb0d024e41c6,P4-08 Fixture Product,,,True,0.000,0.000,OutOfStock
3696,p4_08_fixture_sku_76da8e11f4ad4159,P4-08 Fixture Product,,,True,5.000,0.000,Normal
3697,p4_08_fixture_sku_166c47a3c7eb444a,P4-08 Fixture Product,,,True,5.000,0.000,Normal
3698,p4_08_fixture_sku_9d5d54b246544ba9,P4-08 Fixture Product,,,True,0.000,0.000,OutOfStock
3699,p4_08_fixture_sku_5ec8dd7f01634e6c,P4-08 Fixture Product,,,True,5.000,0.000,Normal
3700,p4_08_fixture_sku_1f4272d8db454b16,P4-08 Fixture Product,,,True,5.000,0.000,Normal
3701,p4_08_fixture_sku_d626ce0aee6c4616,P4-08 Fixture Product,,,True,5.000,0.000,Normal
3702,p4_08_fixture_sku_c6f1d09706e14bf0,P4-08 Fixture Product,,,True,5.000,0.000,Normal
3703,p4_08_fixture_sku_d673abb8c06f4fc2,P4-08 Fixture Product,,,True,7.000,0.000,Normal
3704,p4_08_fixture_sku_9a12366b68e648ed,P4-08 Fixture Product,,,True,1.000,0.000,Normal
3705,p4_08_fixture_sku_ed251c05768f40dc,P4-08 Fixture Product,,,True,0.000,0.000,OutOfStock
3706,p4_08_fixture_sku_e3668c8cbb0b41f0,P4-08 Fixture Product,,,True,7.000,0.000,Normal
3707,p4_08_fixture_sku_fbe137e755a54ee1,P4-08 Fixture Product,,,True,3.000,0.000,Normal
3708,p4_08_fixture_sku_d19a52868c48495a,P4-08 Fixture Product,,,True,10.000,0.000,Normal
3709,p4_08_fixture_sku_3feaa8ca4bfd4679,P4-08 Fixture Product,,,True,10.000,0.000,Normal
3840,p4_08_fixture_sku_8f17049b71a14246,P4-08 Fixture Product,,,True,6.000,0.000,Normal
3841,p4_08_fixture_sku_b2a01a5492e24e92,P4-08 Fixture Product,,,True,10.000,0.000,Normal
3842,p4_08_fixture_sku_42d1d3c61ce846f1,P4-08 Fixture Product,,,True,10.000,0.000,Normal
3843,p4_08_fixture_sku_adccc8be24f74252,P4-08 Fixture Product,,,True,0.000,0.000,OutOfStock
3844,p4_08_fixture_sku_9497691ab4874fee,P4-08 Fixture Product,,,True,5.000,0.000,Normal
3845,p4_08_fixture_sku_d1975e420331465a,P4-08 Fixture Product,,,True,5.000,0.000,Normal
3846,p4_08_fixture_sku_381ab109a1604caa,P4-08 Fixture Product,,,True,0.000,0.000,OutOfStock
3847,p4_08_fixture_sku_0d6b4667d4574aac,P4-08 Fixture Product,,,True,5.000,0.000,Normal
3848,p4_08_fixture_sku_93f58933adf74503,P4-08 Fixture Product,,,True,5.000,0.000,Normal
3849,p4_08_fixture_sku_62d4301bbe104c67,P4-08 Fixture Product,,,True,5.000,0.000,Normal
3850,p4_08_fixture_sku_593102ce84844225,P4-08 Fixture Product,,,True,5.000,0.000,Normal
3851,p4_08_fixture_sku_dfd73a8e087e4f71,P4-08 Fixture Product,,,True,7.000,0.000,Normal
3852,p4_08_fixture_sku_81a60a611bfc4626,P4-08 Fixture Product,,,True,1.000,0.000,Normal
3853,p4_08_fixture_sku_c23723ed44494069,P4-08 Fixture Product,,,True,0.000,0.000,OutOfStock
3854,p4_08_fixture_sku_00d63d210ce54429,P4-08 Fixture Product,,,True,7.000,0.000,Normal
3855,p4_08_fixture_sku_f99be256f9324c03,P4-08 Fixture Product,,,True,3.000,0.000,Normal
3856,p4_08_fixture_sku_31631b0583b34651,P4-08 Fixture Product,,,True,10.000,0.000,Normal
3857,p4_08_fixture_sku_54ee4cf607c84296,P4-08 Fixture Product,,,True,10.000,0.000,Normal
4044,p4_08_fixture_sku_d470bcc9f6ba4125,P4-08 Fixture Product,,,True,6.000,0.000,Normal
4045,p4_08_fixture_sku_fcb6c88510b342ba,P4-08 Fixture Product,,,True,10.000,0.000,Normal
4046,p4_08_fixture_sku_c6f17b39d0e24836,P4-08 Fixture Product,,,True,10.000,0.000,Normal
4047,p4_08_fixture_sku_491fcf8eb4994481,P4-08 Fixture Product,,,True,0.000,0.000,OutOfStock
4048,p4_08_fixture_sku_2e6b1204c18f4351,P4-08 Fixture Product,,,True,5.000,0.000,Normal
4049,p4_08_fixture_sku_9312392a30a14073,P4-08 Fixture Product,,,True,5.000,0.000,Normal
4050,p4_08_fixture_sku_9a0d7f18990e4a53,P4-08 Fixture Product,,,True,0.000,0.000,OutOfStock
4051,p4_08_fixture_sku_c2797706669a46df,P4-08 Fixture Product,,,True,5.000,0.000,Normal
4052,p4_08_fixture_sku_e09dbc3eaa47425a,P4-08 Fixture Product,,,True,5.000,0.000,Normal
4053,p4_08_fixture_sku_ff34af2cfc5f4867,P4-08 Fixture Product,,,True,5.000,0.000,Normal
4054,p4_08_fixture_sku_56aacf32439d4493,P4-08 Fixture Product,,,True,5.000,0.000,Normal
4055,p4_08_fixture_sku_da17c3e7e2c24846,P4-08 Fixture Product,,,True,7.000,0.000,Normal
4056,p4_08_fixture_sku_1cc27c77190b414d,P4-08 Fixture Product,,,True,1.000,0.000,Normal
4057,p4_08_fixture_sku_148673ba506548c2,P4-08 Fixture Product,,,True,0.000,0.000,OutOfStock
4058,p4_08_fixture_sku_d0eecb0f8741469c,P4-08 Fixture Product,,,True,7.000,0.000,Normal
4059,p4_08_fixture_sku_6b988ca3ca1d45ca,P4-08 Fixture Product,,,True,3.000,0.000,Normal
4060,p4_08_fixture_sku_33d23435ce454e08,P4-08 Fixture Product,,,True,10.000,0.000,Normal
4061,p4_08_fixture_sku_8012be8d50114e0a,P4-08 Fixture Product,,,True,10.000,0.000,Normal
4220,p4_08_fixture_sku_8561fafd52214017,P4-08 Fixture Product,,,True,6.000,0.000,Normal
4221,p4_08_fixture_sku_5d2edba9ffb24ecc,P4-08 Fixture Product,,,True,10.000,0.000,Normal
4222,p4_08_fixture_sku_0a52033be6e74ed9,P4-08 Fixture Product,,,True,10.000,0.000,Normal
4223,p4_08_fixture_sku_902a76536ad442d4,P4-08 Fixture Product,,,True,0.000,0.000,OutOfStock
4224,p4_08_fixture_sku_d3e342fceb2d4dc2,P4-08 Fixture Product,,,True,5.000,0.000,Normal
4225,p4_08_fixture_sku_d347e51c38fa48f3,P4-08 Fixture Product,,,True,5.000,0.000,Normal
4226,p4_08_fixture_sku_764cbcc4a89a42e2,P4-08 Fixture Product,,,True,0.000,0.000,OutOfStock
4227,p4_08_fixture_sku_ec4befc69c844b1a,P4-08 Fixture Product,,,True,5.000,0.000,Normal
4228,p4_08_fixture_sku_06df1cef6a5b4226,P4-08 Fixture Product,,,True,5.000,0.000,Normal
4229,p4_08_fixture_sku_6fd04e9f1760466d,P4-08 Fixture Product,,,True,5.000,0.000,Normal
4230,p4_08_fixture_sku_bb7d204d0cc94a48,P4-08 Fixture Product,,,True,5.000,0.000,Normal
4231,p4_08_fixture_sku_bb25f37e72cf4c4e,P4-08 Fixture Product,,,True,7.000,0.000,Normal
4232,p4_08_fixture_sku_fe52d357e67c4d8d,P4-08 Fixture Product,,,True,1.000,0.000,Normal
4233,p4_08_fixture_sku_6a2ed2faef744f06,P4-08 Fixture Product,,,True,0.000,0.000,OutOfStock
4234,p4_08_fixture_sku_41391e7834514d95,P4-08 Fixture Product,,,True,7.000,0.000,Normal
4235,p4_08_fixture_sku_d5b3fe18febf4310,P4-08 Fixture Product,,,True,3.000,0.000,Normal
4236,p4_08_fixture_sku_903b0037420040da,P4-08 Fixture Product,,,True,10.000,0.000,Normal
4237,p4_08_fixture_sku_62dd058abdf045f9,P4-08 Fixture Product,,,True,10.000,0.000,Normal
4464,p4_08_fixture_sku_04c7271e3ccc4a65,P4-08 Fixture Product,,,True,6.000,0.000,Normal
4465,p4_08_fixture_sku_ff0e63521dd54c97,P4-08 Fixture Product,,,True,10.000,0.000,Normal
4466,p4_08_fixture_sku_ae2bed09757644fc,P4-08 Fixture Product,,,True,10.000,0.000,Normal
4467,p4_08_fixture_sku_c8f8041ce7214682,P4-08 Fixture Product,,,True,0.000,0.000,OutOfStock
4468,p4_08_fixture_sku_1d9b552814554052,P4-08 Fixture Product,,,True,5.000,0.000,Normal
4469,p4_08_fixture_sku_5def6bed2b3c4e26,P4-08 Fixture Product,,,True,5.000,0.000,Normal
4470,p4_08_fixture_sku_62b224f2a191483a,P4-08 Fixture Product,,,True,0.000,0.000,OutOfStock
4471,p4_08_fixture_sku_72ae3f4aecee486d,P4-08 Fixture Product,,,True,5.000,0.000,Normal
4472,p4_08_fixture_sku_d86a755f1b2c43b1,P4-08 Fixture Product,,,True,5.000,0.000,Normal
4473,p4_08_fixture_sku_5a1dc78229604a4d,P4-08 Fixture Product,,,True,5.000,0.000,Normal
4474,p4_08_fixture_sku_3f537fea26c840f1,P4-08 Fixture Product,,,True,5.000,0.000,Normal
4475,p4_08_fixture_sku_76901284d3f64396,P4-08 Fixture Product,,,True,7.000,0.000,Normal
4476,p4_08_fixture_sku_74a5c634ec034c93,P4-08 Fixture Product,,,True,1.000,0.000,Normal
4477,p4_08_fixture_sku_35f873e89602431d,P4-08 Fixture Product,,,True,0.000,0.000,OutOfStock
4478,p4_08_fixture_sku_52264676e673438a,P4-08 Fixture Product,,,True,7.000,0.000,Normal
4479,p4_08_fixture_sku_3e238e56ced04f46,P4-08 Fixture Product,,,True,3.000,0.000,Normal
4480,p4_08_fixture_sku_c1067bee1b354995,P4-08 Fixture Product,,,True,10.000,0.000,Normal
4481,p4_08_fixture_sku_a965d0b150ba4d5c,P4-08 Fixture Product,,,True,10.000,0.000,Normal
4660,p4_08_fixture_sku_2727fcfaf1cb45d0,P4-08 Fixture Product,,,True,6.000,0.000,Normal
4661,p4_08_fixture_sku_97ad730ffe0544b4,P4-08 Fixture Product,,,True,10.000,0.000,Normal
4662,p4_08_fixture_sku_ee7b3e6563e04691,P4-08 Fixture Product,,,True,10.000,0.000,Normal
4663,p4_08_fixture_sku_c7bba21c095b4a3d,P4-08 Fixture Product,,,True,0.000,0.000,OutOfStock
4664,p4_08_fixture_sku_73d0147c58524ef7,P4-08 Fixture Product,,,True,5.000,0.000,Normal
4665,p4_08_fixture_sku_fd6b3d5ae22b4a42,P4-08 Fixture Product,,,True,5.000,0.000,Normal
4666,p4_08_fixture_sku_b93ef018229c4c12,P4-08 Fixture Product,,,True,0.000,0.000,OutOfStock
4667,p4_08_fixture_sku_3198cb9be3cb41e6,P4-08 Fixture Product,,,True,5.000,0.000,Normal
4668,p4_08_fixture_sku_4d6affb95c3e4a71,P4-08 Fixture Product,,,True,5.000,0.000,Normal
4669,p4_08_fixture_sku_5fc280151aa842d1,P4-08 Fixture Product,,,True,5.000,0.000,Normal
4670,p4_08_fixture_sku_998394c4cf0f4089,P4-08 Fixture Product,,,True,5.000,0.000,Normal
4671,p4_08_fixture_sku_2d43176c02554474,P4-08 Fixture Product,,,True,7.000,0.000,Normal
4672,p4_08_fixture_sku_c63de313686943bc,P4-08 Fixture Product,,,True,1.000,0.000,Normal
4673,p4_08_fixture_sku_69c5f6a34a854f37,P4-08 Fixture Product,,,True,0.000,0.000,OutOfStock
4674,p4_08_fixture_sku_f4788462be9e4567,P4-08 Fixture Product,,,True,7.000,0.000,Normal
4675,p4_08_fixture_sku_89b145fab4634a2e,P4-08 Fixture Product,,,True,3.000,0.000,Normal
4676,p4_08_fixture_sku_c26f87e3b5e54b3b,P4-08 Fixture Product,,,True,10.000,0.000,Normal
4677,p4_08_fixture_sku_ab45eaab84d14190,P4-08 Fixture Product,,,True,10.000,0.000,Normal
4856,p4_08_fixture_sku_2ebfcf42748a4dcb,P4-08 Fixture Product,,,True,6.000,0.000,Normal
4857,p4_08_fixture_sku_2f0adc0c53a7407e,P4-08 Fixture Product,,,True,10.000,0.000,Normal
4858,p4_08_fixture_sku_10c25e799aa54b24,P4-08 Fixture Product,,,True,10.000,0.000,Normal
4859,p4_08_fixture_sku_29964315e6e84ecd,P4-08 Fixture Product,,,True,0.000,0.000,OutOfStock
4860,p4_08_fixture_sku_820d6007f84f476b,P4-08 Fixture Product,,,True,5.000,0.000,Normal
4861,p4_08_fixture_sku_497c7a3eb5fa46a1,P4-08 Fixture Product,,,True,5.000,0.000,Normal
4862,p4_08_fixture_sku_911b8538245c49fc,P4-08 Fixture Product,,,True,0.000,0.000,OutOfStock
4863,p4_08_fixture_sku_92c62db75f534c0d,P4-08 Fixture Product,,,True,5.000,0.000,Normal
4864,p4_08_fixture_sku_9c0e6e02a59f4d2c,P4-08 Fixture Product,,,True,5.000,0.000,Normal
4865,p4_08_fixture_sku_0ab60796340b4256,P4-08 Fixture Product,,,True,5.000,0.000,Normal
4866,p4_08_fixture_sku_fdc845fd6fd44ff2,P4-08 Fixture Product,,,True,5.000,0.000,Normal
4867,p4_08_fixture_sku_eadaf0a61d5b4d7b,P4-08 Fixture Product,,,True,7.000,0.000,Normal
4868,p4_08_fixture_sku_f4baa8eda56442a6,P4-08 Fixture Product,,,True,1.000,0.000,Normal
4869,p4_08_fixture_sku_5cdbe16f552c4fd8,P4-08 Fixture Product,,,True,0.000,0.000,OutOfStock
4870,p4_08_fixture_sku_557bc6c1bbe0457e,P4-08 Fixture Product,,,True,7.000,0.000,Normal
4871,p4_08_fixture_sku_c3f441e7013d4f2c,P4-08 Fixture Product,,,True,3.000,0.000,Normal
4872,p4_08_fixture_sku_889ba5103aa04564,P4-08 Fixture Product,,,True,10.000,0.000,Normal
4873,p4_08_fixture_sku_f046763f7e6c42ca,P4-08 Fixture Product,,,True,10.000,0.000,Normal
5060,p4_08_fixture_sku_b17e0d6b87d34480,P4-08 Fixture Product,,,True,6.000,0.000,Normal
5061,p4_08_fixture_sku_600b3e1ed4e94214,P4-08 Fixture Product,,,True,10.000,0.000,Normal
5062,p4_08_fixture_sku_986e1be19159459e,P4-08 Fixture Product,,,True,10.000,0.000,Normal
5063,p4_08_fixture_sku_9402b1342fb94b5b,P4-08 Fixture Product,,,True,0.000,0.000,OutOfStock
5064,p4_08_fixture_sku_a123c4b5eb044a42,P4-08 Fixture Product,,,True,5.000,0.000,Normal
5065,p4_08_fixture_sku_f36b24b6db084ffc,P4-08 Fixture Product,,,True,5.000,0.000,Normal
5066,p4_08_fixture_sku_7e5565c9a04c4f88,P4-08 Fixture Product,,,True,0.000,0.000,OutOfStock
5067,p4_08_fixture_sku_ba1dfb9502cd4691,P4-08 Fixture Product,,,True,5.000,0.000,Normal
5068,p4_08_fixture_sku_58788a87380143fb,P4-08 Fixture Product,,,True,5.000,0.000,Normal
5069,p4_08_fixture_sku_5bb36f0fa0524eba,P4-08 Fixture Product,,,True,5.000,0.000,Normal
5070,p4_08_fixture_sku_eea5fd6b323a4a35,P4-08 Fixture Product,,,True,5.000,0.000,Normal
5071,p4_08_fixture_sku_f4f762e6504d400a,P4-08 Fixture Product,,,True,7.000,0.000,Normal
5072,p4_08_fixture_sku_6a5bad7c11134ded,P4-08 Fixture Product,,,True,1.000,0.000,Normal
5073,p4_08_fixture_sku_4e6490622bdf452b,P4-08 Fixture Product,,,True,0.000,0.000,OutOfStock
5074,p4_08_fixture_sku_6932dd8b2f42456b,P4-08 Fixture Product,,,True,7.000,0.000,Normal
5075,p4_08_fixture_sku_a649f2c010d24395,P4-08 Fixture Product,,,True,3.000,0.000,Normal
5076,p4_08_fixture_sku_3114ad1e0af84c40,P4-08 Fixture Product,,,True,10.000,0.000,Normal
5077,p4_08_fixture_sku_204be193d24b4a50,P4-08 Fixture Product,,,True,10.000,0.000,Normal
5344,p4_08_fixture_sku_56651f4ce1c54a1a,P4-08 Fixture Product,,,True,6.000,0.000,Normal
5345,p4_08_fixture_sku_6a1dbb6e392a4fea,P4-08 Fixture Product,,,True,10.000,0.000,Normal
5346,p4_08_fixture_sku_a84a224cf6314814,P4-08 Fixture Product,,,True,10.000,0.000,Normal
5347,p4_08_fixture_sku_092017e564d143b1,P4-08 Fixture Product,,,True,0.000,0.000,OutOfStock
5348,p4_08_fixture_sku_425c952ed3d64f22,P4-08 Fixture Product,,,True,5.000,0.000,Normal
5349,p4_08_fixture_sku_3e7579e244c34bf2,P4-08 Fixture Product,,,True,5.000,0.000,Normal
5350,p4_08_fixture_sku_421737bc57f14ec5,P4-08 Fixture Product,,,True,0.000,0.000,OutOfStock
5351,p4_08_fixture_sku_ba68856133054507,P4-08 Fixture Product,,,True,5.000,0.000,Normal
5352,p4_08_fixture_sku_fba8237b5bb44c9f,P4-08 Fixture Product,,,True,5.000,0.000,Normal
5353,p4_08_fixture_sku_dcdac5c515534836,P4-08 Fixture Product,,,True,5.000,0.000,Normal
5354,p4_08_fixture_sku_7713e591d3b047f9,P4-08 Fixture Product,,,True,5.000,0.000,Normal
5355,p4_08_fixture_sku_c0244801df484235,P4-08 Fixture Product,,,True,7.000,0.000,Normal
5356,p4_08_fixture_sku_8d924eb2614144bd,P4-08 Fixture Product,,,True,1.000,0.000,Normal
5357,p4_08_fixture_sku_432b61825b964d22,P4-08 Fixture Product,,,True,0.000,0.000,OutOfStock
5358,p4_08_fixture_sku_0551e2cfe537486e,P4-08 Fixture Product,,,True,7.000,0.000,Normal
5359,p4_08_fixture_sku_ab77c1a51c7f410d,P4-08 Fixture Product,,,True,3.000,0.000,Normal
5360,p4_08_fixture_sku_74e6976c4cf449f4,P4-08 Fixture Product,,,True,10.000,0.000,Normal
5361,p4_08_fixture_sku_721fcc0d6f47477a,P4-08 Fixture Product,,,True,10.000,0.000,Normal
5575,p4_08_fixture_sku_ce5f52ef8da348ab,P4-08 Fixture Product,,,True,6.000,0.000,Normal
5576,p4_08_fixture_sku_7f685a44a3b84f03,P4-08 Fixture Product,,,True,10.000,0.000,Normal
5577,p4_08_fixture_sku_4e6047d97aa246fe,P4-08 Fixture Product,,,True,10.000,0.000,Normal
5578,p4_08_fixture_sku_69d8b79bc5ab42bb,P4-08 Fixture Product,,,True,0.000,0.000,OutOfStock
5579,p4_08_fixture_sku_96086a6a88d9452c,P4-08 Fixture Product,,,True,5.000,0.000,Normal
5580,p4_08_fixture_sku_f9989c28b84747a1,P4-08 Fixture Product,,,True,5.000,0.000,Normal
5581,p4_08_fixture_sku_8df78f12ebb644a6,P4-08 Fixture Product,,,True,0.000,0.000,OutOfStock
5582,p4_08_fixture_sku_8fe15c56ff0e49e1,P4-08 Fixture Product,,,True,5.000,0.000,Normal
5583,p4_08_fixture_sku_94d115e665574614,P4-08 Fixture Product,,,True,5.000,0.000,Normal
5584,p4_08_fixture_sku_0d78de240f2c4f2c,P4-08 Fixture Product,,,True,5.000,0.000,Normal
5585,p4_08_fixture_sku_a412d8ef85bc4d17,P4-08 Fixture Product,,,True,5.000,0.000,Normal
5586,p4_08_fixture_sku_c55f1516fca743a7,P4-08 Fixture Product,,,True,7.000,0.000,Normal
5587,p4_08_fixture_sku_540e6e4b6e6049d0,P4-08 Fixture Product,,,True,1.000,0.000,Normal
5588,p4_08_fixture_sku_c5478814dc8144f5,P4-08 Fixture Product,,,True,0.000,0.000,OutOfStock
5589,p4_08_fixture_sku_fca6dfc354f548ce,P4-08 Fixture Product,,,True,7.000,0.000,Normal
5590,p4_08_fixture_sku_ec2994099b6e488c,P4-08 Fixture Product,,,True,3.000,0.000,Normal
5591,p4_08_fixture_sku_56e9b163f41e4555,P4-08 Fixture Product,,,True,10.000,0.000,Normal
5592,p4_08_fixture_sku_9b90cbcb18b1453c,P4-08 Fixture Product,,,True,10.000,0.000,Normal
5844,p4_08_fixture_sku_77f69dfa3f0843c4,P4-08 Fixture Product,,,True,6.000,0.000,Normal
5845,p4_08_fixture_sku_bcd706aeefd24e9b,P4-08 Fixture Product,,,True,10.000,0.000,Normal
5846,p4_08_fixture_sku_94bbec0f33174342,P4-08 Fixture Product,,,True,10.000,0.000,Normal
5847,p4_08_fixture_sku_32eebb72ed1043a8,P4-08 Fixture Product,,,True,0.000,0.000,OutOfStock
5848,p4_08_fixture_sku_5cdef53a72d2401e,P4-08 Fixture Product,,,True,5.000,0.000,Normal
5849,p4_08_fixture_sku_27560a326bd043c1,P4-08 Fixture Product,,,True,5.000,0.000,Normal
5850,p4_08_fixture_sku_fd3f34dbf7024991,P4-08 Fixture Product,,,True,0.000,0.000,OutOfStock
5851,p4_08_fixture_sku_77b46cc56acc4633,P4-08 Fixture Product,,,True,5.000,0.000,Normal
5852,p4_08_fixture_sku_0a78d6801adf482e,P4-08 Fixture Product,,,True,5.000,0.000,Normal
5853,p4_08_fixture_sku_90ec76f0cbb74c36,P4-08 Fixture Product,,,True,5.000,0.000,Normal
5854,p4_08_fixture_sku_b4365a29308c4ee6,P4-08 Fixture Product,,,True,5.000,0.000,Normal
5855,p4_08_fixture_sku_02c2a0ecf8944293,P4-08 Fixture Product,,,True,7.000,0.000,Normal
5856,p4_08_fixture_sku_d5a973f90cd64d7e,P4-08 Fixture Product,,,True,1.000,0.000,Normal
5857,p4_08_fixture_sku_0a2328339d744323,P4-08 Fixture Product,,,True,0.000,0.000,OutOfStock
5858,p4_08_fixture_sku_f72e98707a5b4841,P4-08 Fixture Product,,,True,7.000,0.000,Normal
5859,p4_08_fixture_sku_a33614bb59894a61,P4-08 Fixture Product,,,True,3.000,0.000,Normal
5860,p4_08_fixture_sku_cff80982e26e4363,P4-08 Fixture Product,,,True,10.000,0.000,Normal
5861,p4_08_fixture_sku_c226e36c47694143,P4-08 Fixture Product,,,True,10.000,0.000,Normal
6098,p4_08_fixture_sku_cf19f91a4ade4736,P4-08 Fixture Product,,,True,6.000,0.000,Normal
6099,p4_08_fixture_sku_c79dff65b95a4d27,P4-08 Fixture Product,,,True,10.000,0.000,Normal
6100,p4_08_fixture_sku_8e2a66779d3049e0,P4-08 Fixture Product,,,True,10.000,0.000,Normal
6101,p4_08_fixture_sku_9559ac03e57446a6,P4-08 Fixture Product,,,True,0.000,0.000,OutOfStock
6102,p4_08_fixture_sku_cd69eff71d40437e,P4-08 Fixture Product,,,True,5.000,0.000,Normal
6103,p4_08_fixture_sku_cc4f045011244e07,P4-08 Fixture Product,,,True,5.000,0.000,Normal
6104,p4_08_fixture_sku_d51ab4639f4b4c3f,P4-08 Fixture Product,,,True,0.000,0.000,OutOfStock
6105,p4_08_fixture_sku_4993380462ed48a1,P4-08 Fixture Product,,,True,5.000,0.000,Normal
6106,p4_08_fixture_sku_fc29e1572f8442b1,P4-08 Fixture Product,,,True,5.000,0.000,Normal
6107,p4_08_fixture_sku_e1fed44d097146ab,P4-08 Fixture Product,,,True,5.000,0.000,Normal
6108,p4_08_fixture_sku_75f04143e4034f8f,P4-08 Fixture Product,,,True,5.000,0.000,Normal
6109,p4_08_fixture_sku_b84efcbf9dca4a80,P4-08 Fixture Product,,,True,7.000,0.000,Normal
6110,p4_08_fixture_sku_b93ead29185045aa,P4-08 Fixture Product,,,True,1.000,0.000,Normal
6111,p4_08_fixture_sku_5ac21f79e1f54088,P4-08 Fixture Product,,,True,0.000,0.000,OutOfStock
6112,p4_08_fixture_sku_bb53164644e149ab,P4-08 Fixture Product,,,True,7.000,0.000,Normal
6113,p4_08_fixture_sku_e9fd7389b6c140f7,P4-08 Fixture Product,,,True,3.000,0.000,Normal
6114,p4_08_fixture_sku_078ea643c3bb408d,P4-08 Fixture Product,,,True,10.000,0.000,Normal
6115,p4_08_fixture_sku_2eab0ba66aef4dbd,P4-08 Fixture Product,,,True,10.000,0.000,Normal
6338,p4_08_fixture_sku_18e7d805ca594ccc,P4-08 Fixture Product,,,True,6.000,0.000,Normal
6339,p4_08_fixture_sku_de7b71ce0b014822,P4-08 Fixture Product,,,True,10.000,0.000,Normal
6340,p4_08_fixture_sku_9427c998edc14fb4,P4-08 Fixture Product,,,True,10.000,0.000,Normal
6341,p4_08_fixture_sku_dd39d35bbf824a15,P4-08 Fixture Product,,,True,0.000,0.000,OutOfStock
6342,p4_08_fixture_sku_413f06e2f7c14726,P4-08 Fixture Product,,,True,5.000,0.000,Normal
6343,p4_08_fixture_sku_944699cda3cd4a5c,P4-08 Fixture Product,,,True,5.000,0.000,Normal
6344,p4_08_fixture_sku_d4d4a54911ee47fd,P4-08 Fixture Product,,,True,0.000,0.000,OutOfStock
6345,p4_08_fixture_sku_01344acd634b4e0e,P4-08 Fixture Product,,,True,5.000,0.000,Normal
6346,p4_08_fixture_sku_386e310273dc451a,P4-08 Fixture Product,,,True,5.000,0.000,Normal
6347,p4_08_fixture_sku_86560a1104ef4b05,P4-08 Fixture Product,,,True,5.000,0.000,Normal
6348,p4_08_fixture_sku_71a9796d5717461f,P4-08 Fixture Product,,,True,5.000,0.000,Normal
6349,p4_08_fixture_sku_019260b6f1774942,P4-08 Fixture Product,,,True,7.000,0.000,Normal
6350,p4_08_fixture_sku_d7795b8eb03e4957,P4-08 Fixture Product,,,True,1.000,0.000,Normal
6351,p4_08_fixture_sku_ef9a28b65a954c94,P4-08 Fixture Product,,,True,0.000,0.000,OutOfStock
6352,p4_08_fixture_sku_9b05be05dd7042f8,P4-08 Fixture Product,,,True,7.000,0.000,Normal
6353,p4_08_fixture_sku_da9cbb1cb5d44dcc,P4-08 Fixture Product,,,True,3.000,0.000,Normal
6354,p4_08_fixture_sku_a83e0948d9d94ab8,P4-08 Fixture Product,,,True,10.000,0.000,Normal
6355,p4_08_fixture_sku_8ae0a8bde0464d18,P4-08 Fixture Product,,,True,10.000,0.000,Normal
6585,p4_08_fixture_sku_fc67b1dab6be465e,P4-08 Fixture Product,,,True,6.000,0.000,Normal
6586,p4_08_fixture_sku_1ce52e6ea2db4715,P4-08 Fixture Product,,,True,10.000,0.000,Normal
6587,p4_08_fixture_sku_28f4e32f9b5e4818,P4-08 Fixture Product,,,True,10.000,0.000,Normal
6588,p4_08_fixture_sku_4da05d7476b54152,P4-08 Fixture Product,,,True,0.000,0.000,OutOfStock
6589,p4_08_fixture_sku_bef506a3410142f2,P4-08 Fixture Product,,,True,5.000,0.000,Normal
6590,p4_08_fixture_sku_7e693e3de3374445,P4-08 Fixture Product,,,True,5.000,0.000,Normal
6591,p4_08_fixture_sku_1040b66a1c8f498d,P4-08 Fixture Product,,,True,0.000,0.000,OutOfStock
6592,p4_08_fixture_sku_5e7efa0b5e8b4311,P4-08 Fixture Product,,,True,5.000,0.000,Normal
6593,p4_08_fixture_sku_19fbbe53f6984039,P4-08 Fixture Product,,,True,5.000,0.000,Normal
6594,p4_08_fixture_sku_702fe9de922a4077,P4-08 Fixture Product,,,True,5.000,0.000,Normal
6595,p4_08_fixture_sku_c06d9997f0864d1b,P4-08 Fixture Product,,,True,5.000,0.000,Normal
6596,p4_08_fixture_sku_b05060d5ca9e43df,P4-08 Fixture Product,,,True,7.000,0.000,Normal
6597,p4_08_fixture_sku_47020be3b4bd43c3,P4-08 Fixture Product,,,True,1.000,0.000,Normal
6598,p4_08_fixture_sku_d220178282f040eb,P4-08 Fixture Product,,,True,0.000,0.000,OutOfStock
6599,p4_08_fixture_sku_44b06889a0ef44b7,P4-08 Fixture Product,,,True,7.000,0.000,Normal
6600,p4_08_fixture_sku_5fdc70806c964c72,P4-08 Fixture Product,,,True,3.000,0.000,Normal
6601,p4_08_fixture_sku_1a82773f2f234686,P4-08 Fixture Product,,,True,10.000,0.000,Normal
6602,p4_08_fixture_sku_9d11907762f14fc6,P4-08 Fixture Product,,,True,10.000,0.000,Normal
6828,p4_08_fixture_sku_dd54b2a94f4a4103,P4-08 Fixture Product,,,True,6.000,0.000,Normal
6829,p4_08_fixture_sku_154273b067604aa6,P4-08 Fixture Product,,,True,10.000,0.000,Normal
6830,p4_08_fixture_sku_061022b141ae4dd7,P4-08 Fixture Product,,,True,10.000,0.000,Normal
6831,p4_08_fixture_sku_0f3ffa087656478b,P4-08 Fixture Product,,,True,0.000,0.000,OutOfStock
6832,p4_08_fixture_sku_c063b6f871be4d75,P4-08 Fixture Product,,,True,5.000,0.000,Normal
6833,p4_08_fixture_sku_e2312aa265584300,P4-08 Fixture Product,,,True,5.000,0.000,Normal
6834,p4_08_fixture_sku_99a563c2afce4612,P4-08 Fixture Product,,,True,0.000,0.000,OutOfStock
6835,p4_08_fixture_sku_bd77108f8e8642a3,P4-08 Fixture Product,,,True,5.000,0.000,Normal
6836,p4_08_fixture_sku_b327f95297614c1e,P4-08 Fixture Product,,,True,5.000,0.000,Normal
6837,p4_08_fixture_sku_c3656caba071492f,P4-08 Fixture Product,,,True,5.000,0.000,Normal
6838,p4_08_fixture_sku_46d3804ce0d14303,P4-08 Fixture Product,,,True,5.000,0.000,Normal
6839,p4_08_fixture_sku_8e9f4b334066431c,P4-08 Fixture Product,,,True,7.000,0.000,Normal
6840,p4_08_fixture_sku_44bb71700a2b4d47,P4-08 Fixture Product,,,True,1.000,0.000,Normal
6841,p4_08_fixture_sku_63bab2ab1c28455a,P4-08 Fixture Product,,,True,0.000,0.000,OutOfStock
6842,p4_08_fixture_sku_d4f1ae22662b4f48,P4-08 Fixture Product,,,True,7.000,0.000,Normal
6843,p4_08_fixture_sku_05e1b1987c774fb9,P4-08 Fixture Product,,,True,3.000,0.000,Normal
6844,p4_08_fixture_sku_65be7a2f0f1a49ea,P4-08 Fixture Product,,,True,10.000,0.000,Normal
6845,p4_08_fixture_sku_3e86c8034ac646a4,P4-08 Fixture Product,,,True,10.000,0.000,Normal
7136,p4_08_fixture_sku_eba228574c584ec9,P4-08 Fixture Product,,,True,6.000,0.000,Normal
7137,p4_08_fixture_sku_d2f1b9e3327f44ee,P4-08 Fixture Product,,,True,10.000,0.000,Normal
7138,p4_08_fixture_sku_63469868d8404753,P4-08 Fixture Product,,,True,10.000,0.000,Normal
7139,p4_08_fixture_sku_0c506c66cee6411d,P4-08 Fixture Product,,,True,0.000,0.000,OutOfStock
7140,p4_08_fixture_sku_194a6f8383774a71,P4-08 Fixture Product,,,True,5.000,0.000,Normal
7141,p4_08_fixture_sku_417daeb8846a4f05,P4-08 Fixture Product,,,True,5.000,0.000,Normal
7142,p4_08_fixture_sku_54b6fd63d9f44dd9,P4-08 Fixture Product,,,True,0.000,0.000,OutOfStock
7143,p4_08_fixture_sku_a70f5da796674a1e,P4-08 Fixture Product,,,True,5.000,0.000,Normal
7144,p4_08_fixture_sku_b639b10798374c6f,P4-08 Fixture Product,,,True,5.000,0.000,Normal
7145,p4_08_fixture_sku_28dd5805c151440d,P4-08 Fixture Product,,,True,5.000,0.000,Normal
7146,p4_08_fixture_sku_9d3002a693ad4eb0,P4-08 Fixture Product,,,True,5.000,0.000,Normal
7147,p4_08_fixture_sku_29aaff5e5e8b4024,P4-08 Fixture Product,,,True,7.000,0.000,Normal
7148,p4_08_fixture_sku_45cc56d156424f00,P4-08 Fixture Product,,,True,1.000,0.000,Normal
7149,p4_08_fixture_sku_c181c64d527f4e25,P4-08 Fixture Product,,,True,0.000,0.000,OutOfStock
7150,p4_08_fixture_sku_380fd7d620fe40eb,P4-08 Fixture Product,,,True,7.000,0.000,Normal
7151,p4_08_fixture_sku_d31de2f84f794824,P4-08 Fixture Product,,,True,3.000,0.000,Normal
7152,p4_08_fixture_sku_dea0cf73c7154099,P4-08 Fixture Product,,,True,10.000,0.000,Normal
7153,p4_08_fixture_sku_01b92720a56b450d,P4-08 Fixture Product,,,True,10.000,0.000,Normal
7407,p4_08_fixture_sku_f35b80e5c5654cd6,P4-08 Fixture Product,,,True,6.000,0.000,Normal
7408,p4_08_fixture_sku_40a86975dacf4c4f,P4-08 Fixture Product,,,True,10.000,0.000,Normal
7409,p4_08_fixture_sku_4a7e8d98195c499a,P4-08 Fixture Product,,,True,10.000,0.000,Normal
7410,p4_08_fixture_sku_bbe37e35d02444bb,P4-08 Fixture Product,,,True,0.000,0.000,OutOfStock
7411,p4_08_fixture_sku_bb33e74ba64e4236,P4-08 Fixture Product,,,True,5.000,0.000,Normal
7412,p4_08_fixture_sku_4fdf6f5a82834e8b,P4-08 Fixture Product,,,True,5.000,0.000,Normal
7413,p4_08_fixture_sku_608a9b898d114ccb,P4-08 Fixture Product,,,True,0.000,0.000,OutOfStock
7414,p4_08_fixture_sku_be0c41507d2343a7,P4-08 Fixture Product,,,True,5.000,0.000,Normal
7415,p4_08_fixture_sku_c88c6e64b1f84f13,P4-08 Fixture Product,,,True,5.000,0.000,Normal
7416,p4_08_fixture_sku_d430605690654f29,P4-08 Fixture Product,,,True,5.000,0.000,Normal
7417,p4_08_fixture_sku_357be50b25994221,P4-08 Fixture Product,,,True,5.000,0.000,Normal
7418,p4_08_fixture_sku_b5e3821f6e81402a,P4-08 Fixture Product,,,True,7.000,0.000,Normal
7419,p4_08_fixture_sku_cdbbab7915dd4367,P4-08 Fixture Product,,,True,1.000,0.000,Normal
7420,p4_08_fixture_sku_feeba42851db441f,P4-08 Fixture Product,,,True,0.000,0.000,OutOfStock
7421,p4_08_fixture_sku_c6c23f6f54ee478d,P4-08 Fixture Product,,,True,7.000,0.000,Normal
7422,p4_08_fixture_sku_90da311f2c7a4bef,P4-08 Fixture Product,,,True,3.000,0.000,Normal
7423,p4_08_fixture_sku_1fc7b5090ec14288,P4-08 Fixture Product,,,True,10.000,0.000,Normal
7424,p4_08_fixture_sku_e180ed64e6554d33,P4-08 Fixture Product,,,True,10.000,0.000,Normal
7663,p4_08_fixture_sku_00d89ce701ee437a,P4-08 Fixture Product,,,True,6.000,0.000,Normal
7664,p4_08_fixture_sku_581270353b2c4010,P4-08 Fixture Product,,,True,10.000,0.000,Normal
7665,p4_08_fixture_sku_fbc213d200014846,P4-08 Fixture Product,,,True,10.000,0.000,Normal
7666,p4_08_fixture_sku_0337b070b37d4455,P4-08 Fixture Product,,,True,0.000,0.000,OutOfStock
7667,p4_08_fixture_sku_43e7098352cc41ed,P4-08 Fixture Product,,,True,5.000,0.000,Normal
7668,p4_08_fixture_sku_da76364d46ef405b,P4-08 Fixture Product,,,True,5.000,0.000,Normal
7669,p4_08_fixture_sku_35825a9c395347bb,P4-08 Fixture Product,,,True,0.000,0.000,OutOfStock
7670,p4_08_fixture_sku_058a129ce2a84372,P4-08 Fixture Product,,,True,5.000,0.000,Normal
7671,p4_08_fixture_sku_11969849a485492e,P4-08 Fixture Product,,,True,5.000,0.000,Normal
7672,p4_08_fixture_sku_c2fae8dd6bc843d4,P4-08 Fixture Product,,,True,5.000,0.000,Normal
7673,p4_08_fixture_sku_5d09d044aa40498e,P4-08 Fixture Product,,,True,5.000,0.000,Normal
7674,p4_08_fixture_sku_e8a93d542a704593,P4-08 Fixture Product,,,True,7.000,0.000,Normal
7675,p4_08_fixture_sku_09650037e0d148fb,P4-08 Fixture Product,,,True,1.000,0.000,Normal
7676,p4_08_fixture_sku_a56c3549204346d5,P4-08 Fixture Product,,,True,0.000,0.000,OutOfStock
7677,p4_08_fixture_sku_850619d6bfee405b,P4-08 Fixture Product,,,True,7.000,0.000,Normal
7678,p4_08_fixture_sku_526e46055ae34e61,P4-08 Fixture Product,,,True,3.000,0.000,Normal
7679,p4_08_fixture_sku_9ddc0609122b4204,P4-08 Fixture Product,,,True,10.000,0.000,Normal
7680,p4_08_fixture_sku_c5df6cfb07df4c91,P4-08 Fixture Product,,,True,10.000,0.000,Normal
7919,p4_08_fixture_sku_bd0281b8137b44f4,P4-08 Fixture Product,,,True,6.000,0.000,Normal
7920,p4_08_fixture_sku_2762c92b75074dee,P4-08 Fixture Product,,,True,10.000,0.000,Normal
7921,p4_08_fixture_sku_3e69b44f33554cab,P4-08 Fixture Product,,,True,10.000,0.000,Normal
7922,p4_08_fixture_sku_59f36e103cb2470e,P4-08 Fixture Product,,,True,0.000,0.000,OutOfStock
7923,p4_08_fixture_sku_80842ea9f3554ec1,P4-08 Fixture Product,,,True,5.000,0.000,Normal
7924,p4_08_fixture_sku_1f94eeb3c55848d0,P4-08 Fixture Product,,,True,5.000,0.000,Normal
7925,p4_08_fixture_sku_5d0a6fa79d334169,P4-08 Fixture Product,,,True,0.000,0.000,OutOfStock
7926,p4_08_fixture_sku_7104511374b8468b,P4-08 Fixture Product,,,True,5.000,0.000,Normal
7927,p4_08_fixture_sku_d70758f51f5e47bf,P4-08 Fixture Product,,,True,5.000,0.000,Normal
7928,p4_08_fixture_sku_ad1c1ed777684154,P4-08 Fixture Product,,,True,5.000,0.000,Normal
7929,p4_08_fixture_sku_a333d93477d64bba,P4-08 Fixture Product,,,True,5.000,0.000,Normal
7930,p4_08_fixture_sku_0e6545776f924d48,P4-08 Fixture Product,,,True,7.000,0.000,Normal
7931,p4_08_fixture_sku_b1e43de0ae224ff7,P4-08 Fixture Product,,,True,1.000,0.000,Normal
7932,p4_08_fixture_sku_225df8874fd646af,P4-08 Fixture Product,,,True,0.000,0.000,OutOfStock
7933,p4_08_fixture_sku_71127ddbfd4744eb,P4-08 Fixture Product,,,True,7.000,0.000,Normal
7934,p4_08_fixture_sku_60befcf7097e4fd5,P4-08 Fixture Product,,,True,3.000,0.000,Normal
7935,p4_08_fixture_sku_478bc516e2c64cba,P4-08 Fixture Product,,,True,10.000,0.000,Normal
7936,p4_08_fixture_sku_452de94c5fc84465,P4-08 Fixture Product,,,True,10.000,0.000,Normal
8175,p4_08_fixture_sku_e2bf0e2abfda4ebf,P4-08 Fixture Product,,,True,6.000,0.000,Normal
8176,p4_08_fixture_sku_17372c1136a34cc7,P4-08 Fixture Product,,,True,10.000,0.000,Normal
8177,p4_08_fixture_sku_54646871467f4247,P4-08 Fixture Product,,,True,10.000,0.000,Normal
8178,p4_08_fixture_sku_41949fbd412341f9,P4-08 Fixture Product,,,True,0.000,0.000,OutOfStock
8179,p4_08_fixture_sku_71efd2335bc04f75,P4-08 Fixture Product,,,True,5.000,0.000,Normal
8180,p4_08_fixture_sku_45838c370f0d4097,P4-08 Fixture Product,,,True,5.000,0.000,Normal
8181,p4_08_fixture_sku_adeec12258b64e13,P4-08 Fixture Product,,,True,0.000,0.000,OutOfStock
8182,p4_08_fixture_sku_52980c91732e461d,P4-08 Fixture Product,,,True,5.000,0.000,Normal
8183,p4_08_fixture_sku_86c965fd257e4c12,P4-08 Fixture Product,,,True,5.000,0.000,Normal
8184,p4_08_fixture_sku_1bec9358420b4581,P4-08 Fixture Product,,,True,5.000,0.000,Normal
8185,p4_08_fixture_sku_3a3f8dda13e341c4,P4-08 Fixture Product,,,True,5.000,0.000,Normal
8186,p4_08_fixture_sku_d321dbfea8a2456b,P4-08 Fixture Product,,,True,7.000,0.000,Normal
8187,p4_08_fixture_sku_cfbeacefe7bd4f52,P4-08 Fixture Product,,,True,1.000,0.000,Normal
8188,p4_08_fixture_sku_086fa2405485478d,P4-08 Fixture Product,,,True,0.000,0.000,OutOfStock
8189,p4_08_fixture_sku_3ece84919dab41c9,P4-08 Fixture Product,,,True,7.000,0.000,Normal
8190,p4_08_fixture_sku_c7585a56af044f79,P4-08 Fixture Product,,,True,3.000,0.000,Normal
8191,p4_08_fixture_sku_cc209e8a8d1d4780,P4-08 Fixture Product,,,True,10.000,0.000,Normal
8192,p4_08_fixture_sku_6ede05f026404284,P4-08 Fixture Product,,,True,10.000,0.000,Normal
8431,p4_08_fixture_sku_f7bb7551f8e04650,P4-08 Fixture Product,,,True,6.000,0.000,Normal
8432,p4_08_fixture_sku_fc5e30c2123a4f80,P4-08 Fixture Product,,,True,10.000,0.000,Normal
8433,p4_08_fixture_sku_6bc6c458ed6c47b1,P4-08 Fixture Product,,,True,10.000,0.000,Normal
8434,p4_08_fixture_sku_57faba4202e1436c,P4-08 Fixture Product,,,True,0.000,0.000,OutOfStock
8435,p4_08_fixture_sku_1c34296055b742ee,P4-08 Fixture Product,,,True,5.000,0.000,Normal
8436,p4_08_fixture_sku_d2c4e610b37f49dc,P4-08 Fixture Product,,,True,5.000,0.000,Normal
8437,p4_08_fixture_sku_18f3f1bc6ce743e2,P4-08 Fixture Product,,,True,0.000,0.000,OutOfStock
8438,p4_08_fixture_sku_83e89da900634e7f,P4-08 Fixture Product,,,True,5.000,0.000,Normal
8439,p4_08_fixture_sku_6fdf3da4737a45f6,P4-08 Fixture Product,,,True,5.000,0.000,Normal
8440,p4_08_fixture_sku_7c20c799229c4e5f,P4-08 Fixture Product,,,True,5.000,0.000,Normal
8441,p4_08_fixture_sku_fd95d7df79874661,P4-08 Fixture Product,,,True,5.000,0.000,Normal
8442,p4_08_fixture_sku_ea9652fb3c9c45ce,P4-08 Fixture Product,,,True,7.000,0.000,Normal
8443,p4_08_fixture_sku_8a7c30cfc1a94c53,P4-08 Fixture Product,,,True,1.000,0.000,Normal
8444,p4_08_fixture_sku_1e99ff68b98e46f6,P4-08 Fixture Product,,,True,0.000,0.000,OutOfStock
8445,p4_08_fixture_sku_ac5cbbdb16564fa7,P4-08 Fixture Product,,,True,7.000,0.000,Normal
8446,p4_08_fixture_sku_481a11c146bc4860,P4-08 Fixture Product,,,True,3.000,0.000,Normal
8447,p4_08_fixture_sku_3d4229233e3349bb,P4-08 Fixture Product,,,True,10.000,0.000,Normal
8448,p4_08_fixture_sku_7958f4f6e857436a,P4-08 Fixture Product,,,True,10.000,0.000,Normal
8687,p4_08_fixture_sku_f11d1f7849d342b5,P4-08 Fixture Product,,,True,6.000,0.000,Normal
8688,p4_08_fixture_sku_6227a2884c5241c3,P4-08 Fixture Product,,,True,10.000,0.000,Normal
8689,p4_08_fixture_sku_b753e6ea29044ec8,P4-08 Fixture Product,,,True,10.000,0.000,Normal
8690,p4_08_fixture_sku_b0aa5fdb50134b88,P4-08 Fixture Product,,,True,0.000,0.000,OutOfStock
8691,p4_08_fixture_sku_b65b206b93e94b7c,P4-08 Fixture Product,,,True,5.000,0.000,Normal
8692,p4_08_fixture_sku_555771b5294e4295,P4-08 Fixture Product,,,True,5.000,0.000,Normal
8693,p4_08_fixture_sku_8d4c894bfe8e44d3,P4-08 Fixture Product,,,True,0.000,0.000,OutOfStock
8694,p4_08_fixture_sku_e5cbe9ff317a40f7,P4-08 Fixture Product,,,True,5.000,0.000,Normal
8695,p4_08_fixture_sku_3285b88fdcc84af0,P4-08 Fixture Product,,,True,5.000,0.000,Normal
8696,p4_08_fixture_sku_f2b82704297547c4,P4-08 Fixture Product,,,True,5.000,0.000,Normal
8697,p4_08_fixture_sku_5403ff1affe24a2a,P4-08 Fixture Product,,,True,5.000,0.000,Normal
8698,p4_08_fixture_sku_18f96915dbed4d7d,P4-08 Fixture Product,,,True,7.000,0.000,Normal
8699,p4_08_fixture_sku_f67be6f738bb4577,P4-08 Fixture Product,,,True,1.000,0.000,Normal
8700,p4_08_fixture_sku_d12978cf09fa43b8,P4-08 Fixture Product,,,True,0.000,0.000,OutOfStock
8701,p4_08_fixture_sku_f00a75762ee94a7a,P4-08 Fixture Product,,,True,7.000,0.000,Normal
8702,p4_08_fixture_sku_eef3e503533041f5,P4-08 Fixture Product,,,True,3.000,0.000,Normal
8703,p4_08_fixture_sku_9bccaa0734304a6d,P4-08 Fixture Product,,,True,10.000,0.000,Normal
8704,p4_08_fixture_sku_a9855cb4dfcc4f18,P4-08 Fixture Product,,,True,10.000,0.000,Normal
8943,p4_08_fixture_sku_20748f56b0964a64,P4-08 Fixture Product,,,True,6.000,0.000,Normal
8944,p4_08_fixture_sku_54e2553e81bb4519,P4-08 Fixture Product,,,True,10.000,0.000,Normal
8945,p4_08_fixture_sku_0efe997d4bc2431f,P4-08 Fixture Product,,,True,10.000,0.000,Normal
8946,p4_08_fixture_sku_6dfd5b689f364eb4,P4-08 Fixture Product,,,True,0.000,0.000,OutOfStock
8947,p4_08_fixture_sku_a5769168a94e4dec,P4-08 Fixture Product,,,True,5.000,0.000,Normal
8948,p4_08_fixture_sku_e0f87cd2e2084a17,P4-08 Fixture Product,,,True,5.000,0.000,Normal
8949,p4_08_fixture_sku_255f52e6fa664c82,P4-08 Fixture Product,,,True,0.000,0.000,OutOfStock
8950,p4_08_fixture_sku_8c237e6ae64c4c7e,P4-08 Fixture Product,,,True,5.000,0.000,Normal
8951,p4_08_fixture_sku_ab0f0812b55842e5,P4-08 Fixture Product,,,True,5.000,0.000,Normal
8952,p4_08_fixture_sku_51c70b7f531e4ec8,P4-08 Fixture Product,,,True,5.000,0.000,Normal
8953,p4_08_fixture_sku_b276938101384c8e,P4-08 Fixture Product,,,True,5.000,0.000,Normal
8954,p4_08_fixture_sku_0d90049412024d51,P4-08 Fixture Product,,,True,7.000,0.000,Normal
8955,p4_08_fixture_sku_e5e1da5cb2734e47,P4-08 Fixture Product,,,True,1.000,0.000,Normal
8956,p4_08_fixture_sku_985e7c6cce674cce,P4-08 Fixture Product,,,True,0.000,0.000,OutOfStock
8957,p4_08_fixture_sku_46d3efaa7fb9493e,P4-08 Fixture Product,,,True,7.000,0.000,Normal
8958,p4_08_fixture_sku_23447debeb8d4fc6,P4-08 Fixture Product,,,True,3.000,0.000,Normal
8959,p4_08_fixture_sku_e7c118f7110b4208,P4-08 Fixture Product,,,True,10.000,0.000,Normal
8960,p4_08_fixture_sku_6c57664cf69946e4,P4-08 Fixture Product,,,True,10.000,0.000,Normal
9199,p4_08_fixture_sku_70112877f03842ff,P4-08 Fixture Product,,,True,6.000,0.000,Normal
9200,p4_08_fixture_sku_0915babd3fb34dab,P4-08 Fixture Product,,,True,10.000,0.000,Normal
9201,p4_08_fixture_sku_8c21c998acfd47b6,P4-08 Fixture Product,,,True,10.000,0.000,Normal
9202,p4_08_fixture_sku_2121c2a65f9641c3,P4-08 Fixture Product,,,True,0.000,0.000,OutOfStock
9203,p4_08_fixture_sku_25d3f4ae67174c36,P4-08 Fixture Product,,,True,5.000,0.000,Normal
9204,p4_08_fixture_sku_88ced0e5dfc84daf,P4-08 Fixture Product,,,True,5.000,0.000,Normal
9205,p4_08_fixture_sku_14e488620b484fcc,P4-08 Fixture Product,,,True,0.000,0.000,OutOfStock
9206,p4_08_fixture_sku_3f10047ad7e645aa,P4-08 Fixture Product,,,True,5.000,0.000,Normal
9207,p4_08_fixture_sku_068214fb1f1d498b,P4-08 Fixture Product,,,True,5.000,0.000,Normal
9208,p4_08_fixture_sku_b0f9ad442cda4928,P4-08 Fixture Product,,,True,5.000,0.000,Normal
9209,p4_08_fixture_sku_ea31fe1414854f95,P4-08 Fixture Product,,,True,5.000,0.000,Normal
9210,p4_08_fixture_sku_f275fbe8aa64458c,P4-08 Fixture Product,,,True,7.000,0.000,Normal
9211,p4_08_fixture_sku_ff447c207a7049b1,P4-08 Fixture Product,,,True,1.000,0.000,Normal
9212,p4_08_fixture_sku_62519294b6404236,P4-08 Fixture Product,,,True,0.000,0.000,OutOfStock
9213,p4_08_fixture_sku_f5d791d82d384c95,P4-08 Fixture Product,,,True,7.000,0.000,Normal
9214,p4_08_fixture_sku_816341e3f79c4a9c,P4-08 Fixture Product,,,True,3.000,0.000,Normal
9215,p4_08_fixture_sku_7eb5967bf4c3419a,P4-08 Fixture Product,,,True,10.000,0.000,Normal
9216,p4_08_fixture_sku_e7b15af5234849f6,P4-08 Fixture Product,,,True,10.000,0.000,Normal
9472,p4_08_fixture_sku_f1ea41f2eb744ace,P4-08 Fixture Product,,,True,6.000,0.000,Normal
9473,p4_08_fixture_sku_f894113a6a134308,P4-08 Fixture Product,,,True,10.000,0.000,Normal
9474,p4_08_fixture_sku_e3e4ad39119f4292,P4-08 Fixture Product,,,True,10.000,0.000,Normal
9475,p4_08_fixture_sku_bd756eeba5194116,P4-08 Fixture Product,,,True,0.000,0.000,OutOfStock
9476,p4_08_fixture_sku_3ea66dc4d3c94e0b,P4-08 Fixture Product,,,True,5.000,0.000,Normal
9477,p4_08_fixture_sku_f7a752f94f784670,P4-08 Fixture Product,,,True,5.000,0.000,Normal
9478,p4_08_fixture_sku_b801bcb7d1d74c1d,P4-08 Fixture Product,,,True,0.000,0.000,OutOfStock
9479,p4_08_fixture_sku_158e498ed70241ca,P4-08 Fixture Product,,,True,5.000,0.000,Normal
9480,p4_08_fixture_sku_547747bb71cd45f4,P4-08 Fixture Product,,,True,5.000,0.000,Normal
9481,p4_08_fixture_sku_24df08d748ab4d2a,P4-08 Fixture Product,,,True,5.000,0.000,Normal
9482,p4_08_fixture_sku_a011666bee634fcd,P4-08 Fixture Product,,,True,5.000,0.000,Normal
9483,p4_08_fixture_sku_be755cfd47da4559,P4-08 Fixture Product,,,True,7.000,0.000,Normal
9484,p4_08_fixture_sku_db71ab75ca6f4256,P4-08 Fixture Product,,,True,1.000,0.000,Normal
9485,p4_08_fixture_sku_27a1cd67d44546e9,P4-08 Fixture Product,,,True,0.000,0.000,OutOfStock
9486,p4_08_fixture_sku_8ca78e6c9b354072,P4-08 Fixture Product,,,True,7.000,0.000,Normal
9487,p4_08_fixture_sku_534478229a924335,P4-08 Fixture Product,,,True,3.000,0.000,Normal
9488,p4_08_fixture_sku_5d30d42cdc5b495c,P4-08 Fixture Product,,,True,10.000,0.000,Normal
9489,p4_08_fixture_sku_a1d3a90501934a52,P4-08 Fixture Product,,,True,10.000,0.000,Normal
9728,p4_08_fixture_sku_ff43e78416244654,P4-08 Fixture Product,,,True,6.000,0.000,Normal
9729,p4_08_fixture_sku_5e3e833a20aa4e66,P4-08 Fixture Product,,,True,10.000,0.000,Normal
9730,p4_08_fixture_sku_75d67c0850b04f94,P4-08 Fixture Product,,,True,10.000,0.000,Normal
9731,p4_08_fixture_sku_533b032522da4bba,P4-08 Fixture Product,,,True,0.000,0.000,OutOfStock
9732,p4_08_fixture_sku_832a04068e4748f6,P4-08 Fixture Product,,,True,5.000,0.000,Normal
9733,p4_08_fixture_sku_d66cd8a8850241fa,P4-08 Fixture Product,,,True,5.000,0.000,Normal
9734,p4_08_fixture_sku_31e7a46489b04c6f,P4-08 Fixture Product,,,True,0.000,0.000,OutOfStock
9735,p4_08_fixture_sku_2f766e599d004e56,P4-08 Fixture Product,,,True,5.000,0.000,Normal
9736,p4_08_fixture_sku_6a97a1d0e3d1446e,P4-08 Fixture Product,,,True,5.000,0.000,Normal
9737,p4_08_fixture_sku_facc5175510b49ce,P4-08 Fixture Product,,,True,5.000,0.000,Normal
9738,p4_08_fixture_sku_bb78d67983d846a7,P4-08 Fixture Product,,,True,5.000,0.000,Normal
9739,p4_08_fixture_sku_d0086bf6eb4044c5,P4-08 Fixture Product,,,True,7.000,0.000,Normal
9740,p4_08_fixture_sku_997091d15cb84b8f,P4-08 Fixture Product,,,True,1.000,0.000,Normal
9741,p4_08_fixture_sku_cc1bf71b9aaf42e8,P4-08 Fixture Product,,,True,0.000,0.000,OutOfStock
9742,p4_08_fixture_sku_8a3912c87ed948af,P4-08 Fixture Product,,,True,7.000,0.000,Normal
9743,p4_08_fixture_sku_1c9fe22e7ca34dc6,P4-08 Fixture Product,,,True,3.000,0.000,Normal
9744,p4_08_fixture_sku_e6dab42201e84218,P4-08 Fixture Product,,,True,10.000,0.000,Normal
9745,p4_08_fixture_sku_190a45ecae4449f1,P4-08 Fixture Product,,,True,10.000,0.000,Normal
9984,p4_08_fixture_sku_c3180338999d47d7,P4-08 Fixture Product,,,True,6.000,0.000,Normal
9985,p4_08_fixture_sku_ce6e85f0632148a4,P4-08 Fixture Product,,,True,10.000,0.000,Normal
9986,p4_08_fixture_sku_fee02e2213fe42db,P4-08 Fixture Product,,,True,10.000,0.000,Normal
9987,p4_08_fixture_sku_b714e2440fa743d8,P4-08 Fixture Product,,,True,0.000,0.000,OutOfStock
9988,p4_08_fixture_sku_1a1935551cb748f7,P4-08 Fixture Product,,,True,5.000,0.000,Normal
9989,p4_08_fixture_sku_e8235b17470248f9,P4-08 Fixture Product,,,True,5.000,0.000,Normal
9990,p4_08_fixture_sku_cdd1bd3c39c0497d,P4-08 Fixture Product,,,True,0.000,0.000,OutOfStock
9991,p4_08_fixture_sku_e2ad3d0191d04197,P4-08 Fixture Product,,,True,5.000,0.000,Normal
9992,p4_08_fixture_sku_53e21904d1b84549,P4-08 Fixture Product,,,True,5.000,0.000,Normal
9993,p4_08_fixture_sku_8b27fbe34f3d48ce,P4-08 Fixture Product,,,True,5.000,0.000,Normal
9994,p4_08_fixture_sku_bd9ce9c60b6e443e,P4-08 Fixture Product,,,True,5.000,0.000,Normal
9995,p4_08_fixture_sku_67990f48f2fe4020,P4-08 Fixture Product,,,True,7.000,0.000,Normal
9996,p4_08_fixture_sku_370703892b214fbb,P4-08 Fixture Product,,,True,1.000,0.000,Normal
9997,p4_08_fixture_sku_19f6062a8d444876,P4-08 Fixture Product,,,True,0.000,0.000,OutOfStock
9998,p4_08_fixture_sku_4dcf71ebb3b94a3c,P4-08 Fixture Product,,,True,7.000,0.000,Normal
9999,p4_08_fixture_sku_2771ab6b3d5f4e72,P4-08 Fixture Product,,,True,3.000,0.000,Normal
10000,p4_08_fixture_sku_61b839eae69d44cf,P4-08 Fixture Product,,,True,10.000,0.000,Normal
10001,p4_08_fixture_sku_fe9a51116b134dc1,P4-08 Fixture Product,,,True,10.000,0.000,Normal
10250,p4_08_fixture_sku_186e215014c3428e,P4-08 Fixture Product,,,True,6.000,0.000,Normal
10251,p4_08_fixture_sku_bccaa2de4eba4c00,P4-08 Fixture Product,,,True,10.000,0.000,Normal
10252,p4_08_fixture_sku_7bedb26b960d460b,P4-08 Fixture Product,,,True,10.000,0.000,Normal
10253,p4_08_fixture_sku_f6ff1caf943b4bd3,P4-08 Fixture Product,,,True,0.000,0.000,OutOfStock
10254,p4_08_fixture_sku_55b8a4b9eb0c471f,P4-08 Fixture Product,,,True,5.000,0.000,Normal
10255,p4_08_fixture_sku_c3213b6f02824e8f,P4-08 Fixture Product,,,True,5.000,0.000,Normal
10256,p4_08_fixture_sku_3bf61f63d23240eb,P4-08 Fixture Product,,,True,0.000,0.000,OutOfStock
10257,p4_08_fixture_sku_d91e5d4f73444288,P4-08 Fixture Product,,,True,5.000,0.000,Normal
10258,p4_08_fixture_sku_4b6d977bddd449f3,P4-08 Fixture Product,,,True,5.000,0.000,Normal
10259,p4_08_fixture_sku_de34db8b07f34811,P4-08 Fixture Product,,,True,5.000,0.000,Normal
10260,p4_08_fixture_sku_b690a0ccd1bc4993,P4-08 Fixture Product,,,True,5.000,0.000,Normal
10261,p4_08_fixture_sku_9c19d87fb2dc4c00,P4-08 Fixture Product,,,True,7.000,0.000,Normal
10262,p4_08_fixture_sku_40e467f175a8485b,P4-08 Fixture Product,,,True,1.000,0.000,Normal
10263,p4_08_fixture_sku_a47be921a1d74373,P4-08 Fixture Product,,,True,0.000,0.000,OutOfStock
10264,p4_08_fixture_sku_1749b41c5e304a63,P4-08 Fixture Product,,,True,7.000,0.000,Normal
10265,p4_08_fixture_sku_3071c0213bc14501,P4-08 Fixture Product,,,True,3.000,0.000,Normal
10266,p4_08_fixture_sku_a21baca1fb034525,P4-08 Fixture Product,,,True,10.000,0.000,Normal
10267,p4_08_fixture_sku_45ddbad1cf294083,P4-08 Fixture Product,,,True,10.000,0.000,Normal
10523,p4_08_fixture_sku_88df6371371440f5,P4-08 Fixture Product,,,True,6.000,0.000,Normal
10524,p4_08_fixture_sku_04e25d32a97f41a4,P4-08 Fixture Product,,,True,10.000,0.000,Normal
10525,p4_08_fixture_sku_fabf2eef5345422b,P4-08 Fixture Product,,,True,10.000,0.000,Normal
10526,p4_08_fixture_sku_cadb35f1d7bd4772,P4-08 Fixture Product,,,True,0.000,0.000,OutOfStock
10527,p4_08_fixture_sku_19138e86fc354a30,P4-08 Fixture Product,,,True,5.000,0.000,Normal
10528,p4_08_fixture_sku_59152f1d193b43b5,P4-08 Fixture Product,,,True,5.000,0.000,Normal
10529,p4_08_fixture_sku_df3f98b93f2644f7,P4-08 Fixture Product,,,True,0.000,0.000,OutOfStock
10530,p4_08_fixture_sku_3c92e659a4c14f45,P4-08 Fixture Product,,,True,5.000,0.000,Normal
10531,p4_08_fixture_sku_b98b1d9ba5144d1d,P4-08 Fixture Product,,,True,5.000,0.000,Normal
10532,p4_08_fixture_sku_1cd575709ac943bb,P4-08 Fixture Product,,,True,5.000,0.000,Normal
10533,p4_08_fixture_sku_b8884cb3764149f9,P4-08 Fixture Product,,,True,5.000,0.000,Normal
10534,p4_08_fixture_sku_eb7befe67ac74a1c,P4-08 Fixture Product,,,True,7.000,0.000,Normal
10535,p4_08_fixture_sku_b33c666ff2f048ca,P4-08 Fixture Product,,,True,1.000,0.000,Normal
10536,p4_08_fixture_sku_eee0baaee8064567,P4-08 Fixture Product,,,True,0.000,0.000,OutOfStock
10537,p4_08_fixture_sku_fa5d3005d2404885,P4-08 Fixture Product,,,True,7.000,0.000,Normal
10538,p4_08_fixture_sku_ec3bb92eee7e4a2a,P4-08 Fixture Product,,,True,3.000,0.000,Normal
10539,p4_08_fixture_sku_3e7e49edde254307,P4-08 Fixture Product,,,True,10.000,0.000,Normal
10540,p4_08_fixture_sku_32e9d4f51fad440f,P4-08 Fixture Product,,,True,10.000,0.000,Normal
10790,p4_08_fixture_sku_5acd6693bfd54ffe,P4-08 Fixture Product,,,True,6.000,0.000,Normal
10791,p4_08_fixture_sku_9c4f4d48375c4723,P4-08 Fixture Product,,,True,10.000,0.000,Normal
10792,p4_08_fixture_sku_129e6f80a5a546e5,P4-08 Fixture Product,,,True,10.000,0.000,Normal
10793,p4_08_fixture_sku_6ba035e454be4b43,P4-08 Fixture Product,,,True,0.000,0.000,OutOfStock
10794,p4_08_fixture_sku_f9f52eb22b2a4ede,P4-08 Fixture Product,,,True,5.000,0.000,Normal
10795,p4_08_fixture_sku_281c5cfe5d974f26,P4-08 Fixture Product,,,True,5.000,0.000,Normal
10796,p4_08_fixture_sku_3f2e7828b4cc4163,P4-08 Fixture Product,,,True,0.000,0.000,OutOfStock
10797,p4_08_fixture_sku_2c0d7a6ff2b64ef9,P4-08 Fixture Product,,,True,5.000,0.000,Normal
10798,p4_08_fixture_sku_84b005b69b1c4cd5,P4-08 Fixture Product,,,True,5.000,0.000,Normal
10799,p4_08_fixture_sku_e29efd2f125949b7,P4-08 Fixture Product,,,True,5.000,0.000,Normal
10800,p4_08_fixture_sku_e17cf0ea343e4bf1,P4-08 Fixture Product,,,True,5.000,0.000,Normal
10801,p4_08_fixture_sku_326523a03dec4cf6,P4-08 Fixture Product,,,True,7.000,0.000,Normal
10802,p4_08_fixture_sku_73837e1113814c96,P4-08 Fixture Product,,,True,1.000,0.000,Normal
10803,p4_08_fixture_sku_8e67c7a7eff0425f,P4-08 Fixture Product,,,True,0.000,0.000,OutOfStock
10804,p4_08_fixture_sku_751dd65cd0d64042,P4-08 Fixture Product,,,True,7.000,0.000,Normal
10805,p4_08_fixture_sku_3ef2152ec2fc4f8d,P4-08 Fixture Product,,,True,3.000,0.000,Normal
10806,p4_08_fixture_sku_c8a176c7ffc744bf,P4-08 Fixture Product,,,True,10.000,0.000,Normal
10807,p4_08_fixture_sku_65e65e0593084047,P4-08 Fixture Product,,,True,10.000,0.000,Normal
11068,p4_08_fixture_sku_e5e3c3b01a53442e,P4-08 Fixture Product,,,True,6.000,0.000,Normal
11069,p4_08_fixture_sku_c6d940217bbb4d9d,P4-08 Fixture Product,,,True,10.000,0.000,Normal
11070,p4_08_fixture_sku_51117d64ee0d4e77,P4-08 Fixture Product,,,True,10.000,0.000,Normal
11071,p4_08_fixture_sku_a5b548d56b1a4eed,P4-08 Fixture Product,,,True,0.000,0.000,OutOfStock
11072,p4_08_fixture_sku_dfe652bbd058496e,P4-08 Fixture Product,,,True,5.000,0.000,Normal
11073,p4_08_fixture_sku_9ea58ba00f724fb9,P4-08 Fixture Product,,,True,5.000,0.000,Normal
11074,p4_08_fixture_sku_866aa885147343da,P4-08 Fixture Product,,,True,0.000,0.000,OutOfStock
11075,p4_08_fixture_sku_01c769507adb46f2,P4-08 Fixture Product,,,True,5.000,0.000,Normal
11076,p4_08_fixture_sku_460bf8d57a7043f8,P4-08 Fixture Product,,,True,5.000,0.000,Normal
11077,p4_08_fixture_sku_b720b9d3c874425b,P4-08 Fixture Product,,,True,5.000,0.000,Normal
11078,p4_08_fixture_sku_1a65fb492a394cfc,P4-08 Fixture Product,,,True,5.000,0.000,Normal
11079,p4_08_fixture_sku_8ad307e25a974ff0,P4-08 Fixture Product,,,True,7.000,0.000,Normal
11080,p4_08_fixture_sku_65c9d7bfe93e4d25,P4-08 Fixture Product,,,True,1.000,0.000,Normal
11081,p4_08_fixture_sku_e6f5c3100d204f27,P4-08 Fixture Product,,,True,0.000,0.000,OutOfStock
11082,p4_08_fixture_sku_a4a24cde3d414114,P4-08 Fixture Product,,,True,7.000,0.000,Normal
11083,p4_08_fixture_sku_16f38a5dc2494536,P4-08 Fixture Product,,,True,3.000,0.000,Normal
11084,p4_08_fixture_sku_34162c1a023f4d4d,P4-08 Fixture Product,,,True,10.000,0.000,Normal
11085,p4_08_fixture_sku_6a05f79d930c4184,P4-08 Fixture Product,,,True,10.000,0.000,Normal
11335,p4_08_fixture_sku_83a8cbc8dd81488f,P4-08 Fixture Product,,,True,6.000,0.000,Normal
11336,p4_08_fixture_sku_23e6e23975314de1,P4-08 Fixture Product,,,True,10.000,0.000,Normal
11337,p4_08_fixture_sku_3b48139528e04cf1,P4-08 Fixture Product,,,True,10.000,0.000,Normal
11338,p4_08_fixture_sku_0599b4272c3647f8,P4-08 Fixture Product,,,True,0.000,0.000,OutOfStock
11339,p4_08_fixture_sku_c575f5bc4e914596,P4-08 Fixture Product,,,True,5.000,0.000,Normal
11340,p4_08_fixture_sku_c95d82a4b00c4012,P4-08 Fixture Product,,,True,5.000,0.000,Normal
11341,p4_08_fixture_sku_4b15edfdc2cc4cc9,P4-08 Fixture Product,,,True,0.000,0.000,OutOfStock
11342,p4_08_fixture_sku_236318ceb3674ac4,P4-08 Fixture Product,,,True,5.000,0.000,Normal
11343,p4_08_fixture_sku_833b3ed9faf44ae3,P4-08 Fixture Product,,,True,5.000,0.000,Normal
11344,p4_08_fixture_sku_6a033f2001234da1,P4-08 Fixture Product,,,True,5.000,0.000,Normal
11345,p4_08_fixture_sku_b65f68d1406a4161,P4-08 Fixture Product,,,True,5.000,0.000,Normal
11346,p4_08_fixture_sku_8d3afd21399c4313,P4-08 Fixture Product,,,True,7.000,0.000,Normal
11347,p4_08_fixture_sku_602ac527955e43c8,P4-08 Fixture Product,,,True,1.000,0.000,Normal
11348,p4_08_fixture_sku_0aef1540bf884891,P4-08 Fixture Product,,,True,0.000,0.000,OutOfStock
11349,p4_08_fixture_sku_0f5350f9ce9849e1,P4-08 Fixture Product,,,True,7.000,0.000,Normal
11350,p4_08_fixture_sku_0b3f91d29b07432c,P4-08 Fixture Product,,,True,3.000,0.000,Normal
11351,p4_08_fixture_sku_124c73bb5195428f,P4-08 Fixture Product,,,True,10.000,0.000,Normal
11352,p4_08_fixture_sku_2239f679d2dd49ad,P4-08 Fixture Product,,,True,10.000,0.000,Normal
11602,p4_08_fixture_sku_a71d834e8a914b51,P4-08 Fixture Product,,,True,6.000,0.000,Normal
11603,p4_08_fixture_sku_7b129de2fe9044c8,P4-08 Fixture Product,,,True,10.000,0.000,Normal
11604,p4_08_fixture_sku_e9f95dfd7deb45a0,P4-08 Fixture Product,,,True,10.000,0.000,Normal
11605,p4_08_fixture_sku_78eca8f57ea14b6a,P4-08 Fixture Product,,,True,0.000,0.000,OutOfStock
11606,p4_08_fixture_sku_1c1647351a4346f1,P4-08 Fixture Product,,,True,5.000,0.000,Normal
11607,p4_08_fixture_sku_c5e527c599d74edc,P4-08 Fixture Product,,,True,5.000,0.000,Normal
11608,p4_08_fixture_sku_7d27c0ecaa9b4954,P4-08 Fixture Product,,,True,0.000,0.000,OutOfStock
11609,p4_08_fixture_sku_0fe2a46b06ac4835,P4-08 Fixture Product,,,True,5.000,0.000,Normal
11610,p4_08_fixture_sku_2e82a046fcaa4ab4,P4-08 Fixture Product,,,True,5.000,0.000,Normal
11611,p4_08_fixture_sku_e148034f8d0d41a1,P4-08 Fixture Product,,,True,5.000,0.000,Normal
11612,p4_08_fixture_sku_ca0cd124147c41ce,P4-08 Fixture Product,,,True,5.000,0.000,Normal
11613,p4_08_fixture_sku_c2ec26a9187846c4,P4-08 Fixture Product,,,True,7.000,0.000,Normal
11614,p4_08_fixture_sku_cb5a5e128570439f,P4-08 Fixture Product,,,True,1.000,0.000,Normal
11615,p4_08_fixture_sku_2c56cf83d31d43a2,P4-08 Fixture Product,,,True,0.000,0.000,OutOfStock
11616,p4_08_fixture_sku_803291ae7ee0419a,P4-08 Fixture Product,,,True,7.000,0.000,Normal
11617,p4_08_fixture_sku_cb796f871da34286,P4-08 Fixture Product,,,True,3.000,0.000,Normal
11618,p4_08_fixture_sku_c4eb3109abad4955,P4-08 Fixture Product,,,True,10.000,0.000,Normal
11619,p4_08_fixture_sku_2cc4f76e4d804d20,P4-08 Fixture Product,,,True,10.000,0.000,Normal
11872,p4_08_fixture_sku_d14d5736bb40492b,P4-08 Fixture Product,,,True,6.000,0.000,Normal
11873,p4_08_fixture_sku_c866f53d244e430a,P4-08 Fixture Product,,,True,10.000,0.000,Normal
11874,p4_08_fixture_sku_ce57e14f05944601,P4-08 Fixture Product,,,True,10.000,0.000,Normal
11875,p4_08_fixture_sku_f22a99c6e1d4449c,P4-08 Fixture Product,,,True,0.000,0.000,OutOfStock
11876,p4_08_fixture_sku_7256c0c8ffb44a4f,P4-08 Fixture Product,,,True,5.000,0.000,Normal
11877,p4_08_fixture_sku_e2a6e4d32ade4038,P4-08 Fixture Product,,,True,5.000,0.000,Normal
11878,p4_08_fixture_sku_57796d28120340cd,P4-08 Fixture Product,,,True,0.000,0.000,OutOfStock
11879,p4_08_fixture_sku_17eaf3987d4f479e,P4-08 Fixture Product,,,True,5.000,0.000,Normal
11880,p4_08_fixture_sku_b3729b5645de40b6,P4-08 Fixture Product,,,True,5.000,0.000,Normal
11881,p4_08_fixture_sku_d6825050bcc94eba,P4-08 Fixture Product,,,True,5.000,0.000,Normal
11882,p4_08_fixture_sku_e135b396e0d94553,P4-08 Fixture Product,,,True,5.000,0.000,Normal
11883,p4_08_fixture_sku_15e555f4c88e4a12,P4-08 Fixture Product,,,True,7.000,0.000,Normal
11884,p4_08_fixture_sku_24c7f1131d2f4046,P4-08 Fixture Product,,,True,1.000,0.000,Normal
11885,p4_08_fixture_sku_d2f2f5f250c24c0d,P4-08 Fixture Product,,,True,0.000,0.000,OutOfStock
11886,p4_08_fixture_sku_ed68f08efd9b4dac,P4-08 Fixture Product,,,True,7.000,0.000,Normal
11887,p4_08_fixture_sku_90096c7776694c91,P4-08 Fixture Product,,,True,3.000,0.000,Normal
11888,p4_08_fixture_sku_7d18dd64c7c94f5c,P4-08 Fixture Product,,,True,10.000,0.000,Normal
11889,p4_08_fixture_sku_7ba94408c75f4ece,P4-08 Fixture Product,,,True,10.000,0.000,Normal
12142,p4_08_fixture_sku_6b71d1af425e4126,P4-08 Fixture Product,,,True,6.000,0.000,Normal
12143,p4_08_fixture_sku_7f7ca8cbf39e4dce,P4-08 Fixture Product,,,True,10.000,0.000,Normal
12144,p4_08_fixture_sku_4ef816e622154ff0,P4-08 Fixture Product,,,True,10.000,0.000,Normal
12145,p4_08_fixture_sku_be65fef3d19e4f5a,P4-08 Fixture Product,,,True,0.000,0.000,OutOfStock
12146,p4_08_fixture_sku_a8298b2f6eff4e6e,P4-08 Fixture Product,,,True,5.000,0.000,Normal
12147,p4_08_fixture_sku_af9a350f122e475a,P4-08 Fixture Product,,,True,5.000,0.000,Normal
12148,p4_08_fixture_sku_89c1e3f2d7f24167,P4-08 Fixture Product,,,True,0.000,0.000,OutOfStock
12149,p4_08_fixture_sku_1530e5865d674202,P4-08 Fixture Product,,,True,5.000,0.000,Normal
12150,p4_08_fixture_sku_679cda2256d94051,P4-08 Fixture Product,,,True,5.000,0.000,Normal
12151,p4_08_fixture_sku_122e405e77ed4569,P4-08 Fixture Product,,,True,5.000,0.000,Normal
12152,p4_08_fixture_sku_8ee00901b1d04ed0,P4-08 Fixture Product,,,True,5.000,0.000,Normal
12153,p4_08_fixture_sku_685ae5e2f9064ced,P4-08 Fixture Product,,,True,7.000,0.000,Normal
12154,p4_08_fixture_sku_268815598821419d,P4-08 Fixture Product,,,True,1.000,0.000,Normal
12155,p4_08_fixture_sku_baeb51c8f50a4ac9,P4-08 Fixture Product,,,True,0.000,0.000,OutOfStock
12156,p4_08_fixture_sku_30084b897bdf4183,P4-08 Fixture Product,,,True,7.000,0.000,Normal
12157,p4_08_fixture_sku_4226651456b84935,P4-08 Fixture Product,,,True,3.000,0.000,Normal
12158,p4_08_fixture_sku_1e47735bb8dd4e1f,P4-08 Fixture Product,,,True,10.000,0.000,Normal
12159,p4_08_fixture_sku_0d52bf0adb5146c0,P4-08 Fixture Product,,,True,10.000,0.000,Normal
12422,p4_08_fixture_sku_730d296ac4894835,P4-08 Fixture Product,,,True,6.000,0.000,Normal
12423,p4_08_fixture_sku_70eb39de1aaa4996,P4-08 Fixture Product,,,True,10.000,0.000,Normal
12424,p4_08_fixture_sku_00fc5c51086f45ba,P4-08 Fixture Product,,,True,10.000,0.000,Normal
12425,p4_08_fixture_sku_a321a5724ee74b0d,P4-08 Fixture Product,,,True,0.000,0.000,OutOfStock
12426,p4_08_fixture_sku_13e3676796e44f05,P4-08 Fixture Product,,,True,5.000,0.000,Normal
12427,p4_08_fixture_sku_d50149526af34b8d,P4-08 Fixture Product,,,True,5.000,0.000,Normal
12428,p4_08_fixture_sku_99b8cd7d2a7c4bfe,P4-08 Fixture Product,,,True,0.000,0.000,OutOfStock
12429,p4_08_fixture_sku_0a56df32ad384f7d,P4-08 Fixture Product,,,True,5.000,0.000,Normal
12430,p4_08_fixture_sku_26979e2aecfe468e,P4-08 Fixture Product,,,True,5.000,0.000,Normal
12431,p4_08_fixture_sku_d414fd19248741d1,P4-08 Fixture Product,,,True,5.000,0.000,Normal
12432,p4_08_fixture_sku_50034636ff26404f,P4-08 Fixture Product,,,True,5.000,0.000,Normal
12433,p4_08_fixture_sku_149f6ec7fe8545b4,P4-08 Fixture Product,,,True,7.000,0.000,Normal
12434,p4_08_fixture_sku_88c07f5b17bb4449,P4-08 Fixture Product,,,True,1.000,0.000,Normal
12435,p4_08_fixture_sku_78f58dd3db154087,P4-08 Fixture Product,,,True,0.000,0.000,OutOfStock
12436,p4_08_fixture_sku_53fe16717f294db2,P4-08 Fixture Product,,,True,7.000,0.000,Normal
12437,p4_08_fixture_sku_f8a73365398e4f54,P4-08 Fixture Product,,,True,3.000,0.000,Normal
12438,p4_08_fixture_sku_0fceb9abad5e4bc0,P4-08 Fixture Product,,,True,10.000,0.000,Normal
12439,p4_08_fixture_sku_2bf80ba544524724,P4-08 Fixture Product,,,True,10.000,0.000,Normal
12702,p4_08_fixture_sku_638e2658b3d44647,P4-08 Fixture Product,,,True,6.000,0.000,Normal
12703,p4_08_fixture_sku_91ffea85bc8145aa,P4-08 Fixture Product,,,True,10.000,0.000,Normal
12704,p4_08_fixture_sku_8ab18852b75e4d15,P4-08 Fixture Product,,,True,10.000,0.000,Normal
12705,p4_08_fixture_sku_c1ae9f7e231a4e33,P4-08 Fixture Product,,,True,0.000,0.000,OutOfStock
12706,p4_08_fixture_sku_6b8a7fa1c3cf4a66,P4-08 Fixture Product,,,True,5.000,0.000,Normal
12707,p4_08_fixture_sku_faeb037ae81648e6,P4-08 Fixture Product,,,True,5.000,0.000,Normal
12708,p4_08_fixture_sku_ac618cd3137343ed,P4-08 Fixture Product,,,True,0.000,0.000,OutOfStock
12709,p4_08_fixture_sku_15b03018fbdf4405,P4-08 Fixture Product,,,True,5.000,0.000,Normal
12710,p4_08_fixture_sku_e53af0d8b03e4f98,P4-08 Fixture Product,,,True,5.000,0.000,Normal
12711,p4_08_fixture_sku_771f6d786011475d,P4-08 Fixture Product,,,True,5.000,0.000,Normal
12712,p4_08_fixture_sku_a6194f511d22402f,P4-08 Fixture Product,,,True,5.000,0.000,Normal
12713,p4_08_fixture_sku_09cb53627b52479e,P4-08 Fixture Product,,,True,7.000,0.000,Normal
12714,p4_08_fixture_sku_24ac327861e242a8,P4-08 Fixture Product,,,True,1.000,0.000,Normal
12715,p4_08_fixture_sku_79c2ebf868734748,P4-08 Fixture Product,,,True,0.000,0.000,OutOfStock
12716,p4_08_fixture_sku_0442b46c33794253,P4-08 Fixture Product,,,True,7.000,0.000,Normal
12717,p4_08_fixture_sku_3a15cb65e1864ce4,P4-08 Fixture Product,,,True,3.000,0.000,Normal
12718,p4_08_fixture_sku_20e374b534da44fb,P4-08 Fixture Product,,,True,10.000,0.000,Normal
12719,p4_08_fixture_sku_a47d9096deeb4ea5,P4-08 Fixture Product,,,True,10.000,0.000,Normal
12982,p4_08_fixture_sku_b63c4c7cf4104b82,P4-08 Fixture Product,,,True,6.000,0.000,Normal
12983,p4_08_fixture_sku_9600d1acbf00415e,P4-08 Fixture Product,,,True,10.000,0.000,Normal
12984,p4_08_fixture_sku_826c8784347441a3,P4-08 Fixture Product,,,True,10.000,0.000,Normal
12985,p4_08_fixture_sku_0f8e945012624886,P4-08 Fixture Product,,,True,0.000,0.000,OutOfStock
12986,p4_08_fixture_sku_a65ec4942eb04c23,P4-08 Fixture Product,,,True,5.000,0.000,Normal
12987,p4_08_fixture_sku_615d0a9ba30848a9,P4-08 Fixture Product,,,True,5.000,0.000,Normal
12988,p4_08_fixture_sku_f0321d7f380d448c,P4-08 Fixture Product,,,True,0.000,0.000,OutOfStock
12989,p4_08_fixture_sku_67f201893e0e4397,P4-08 Fixture Product,,,True,5.000,0.000,Normal
12990,p4_08_fixture_sku_c2547594aa764310,P4-08 Fixture Product,,,True,5.000,0.000,Normal
12991,p4_08_fixture_sku_661363edb16f4e44,P4-08 Fixture Product,,,True,5.000,0.000,Normal
12992,p4_08_fixture_sku_8d1f0616de494975,P4-08 Fixture Product,,,True,5.000,0.000,Normal
12993,p4_08_fixture_sku_b69ab349ac39463b,P4-08 Fixture Product,,,True,7.000,0.000,Normal
12994,p4_08_fixture_sku_5056140adab44758,P4-08 Fixture Product,,,True,1.000,0.000,Normal
12995,p4_08_fixture_sku_341705283b2b4b50,P4-08 Fixture Product,,,True,0.000,0.000,OutOfStock
12996,p4_08_fixture_sku_27ea82502c1c43fc,P4-08 Fixture Product,,,True,7.000,0.000,Normal
12997,p4_08_fixture_sku_2f6ea758f33d43bf,P4-08 Fixture Product,,,True,3.000,0.000,Normal
12998,p4_08_fixture_sku_a026911bee404441,P4-08 Fixture Product,,,True,10.000,0.000,Normal
12999,p4_08_fixture_sku_040e4155ef374da9,P4-08 Fixture Product,,,True,10.000,0.000,Normal
13262,p4_08_fixture_sku_21a8b95971df429c,P4-08 Fixture Product,,,True,6.000,0.000,Normal
13263,p4_08_fixture_sku_e9138095d6b74cbf,P4-08 Fixture Product,,,True,10.000,0.000,Normal
13264,p4_08_fixture_sku_2c963799cf044dd4,P4-08 Fixture Product,,,True,10.000,0.000,Normal
13265,p4_08_fixture_sku_85c3a9551a234dce,P4-08 Fixture Product,,,True,0.000,0.000,OutOfStock
13266,p4_08_fixture_sku_cb89519c57f2433a,P4-08 Fixture Product,,,True,5.000,0.000,Normal
13267,p4_08_fixture_sku_9c033e90506749c3,P4-08 Fixture Product,,,True,5.000,0.000,Normal
13268,p4_08_fixture_sku_6575ccb363e74bb3,P4-08 Fixture Product,,,True,0.000,0.000,OutOfStock
13269,p4_08_fixture_sku_f6ce2455091f49f6,P4-08 Fixture Product,,,True,5.000,0.000,Normal
13270,p4_08_fixture_sku_743c86d07d734961,P4-08 Fixture Product,,,True,5.000,0.000,Normal
13271,p4_08_fixture_sku_c611d5ce2046477a,P4-08 Fixture Product,,,True,5.000,0.000,Normal
13272,p4_08_fixture_sku_e63d46e96f7b485c,P4-08 Fixture Product,,,True,5.000,0.000,Normal
13273,p4_08_fixture_sku_a34c0c0a1cd64aa4,P4-08 Fixture Product,,,True,7.000,0.000,Normal
13274,p4_08_fixture_sku_c42936040a494141,P4-08 Fixture Product,,,True,1.000,0.000,Normal
13275,p4_08_fixture_sku_dcdff27920ba41e5,P4-08 Fixture Product,,,True,0.000,0.000,OutOfStock
13276,p4_08_fixture_sku_5df2cb1c2e65450f,P4-08 Fixture Product,,,True,7.000,0.000,Normal
13277,p4_08_fixture_sku_3b0bb4d574a84edb,P4-08 Fixture Product,,,True,3.000,0.000,Normal
13278,p4_08_fixture_sku_eec24a5ea13d4a27,P4-08 Fixture Product,,,True,10.000,0.000,Normal
13279,p4_08_fixture_sku_61fd916e7a014f2c,P4-08 Fixture Product,,,True,10.000,0.000,Normal
13543,p4_08_fixture_sku_44fd54d9bca64404,P4-08 Fixture Product,,,True,6.000,0.000,Normal
13544,p4_08_fixture_sku_cd25fe59bdfc4085,P4-08 Fixture Product,,,True,10.000,0.000,Normal
13545,p4_08_fixture_sku_ad6196b74d0e41f0,P4-08 Fixture Product,,,True,10.000,0.000,Normal
13546,p4_08_fixture_sku_794957565ad34463,P4-08 Fixture Product,,,True,0.000,0.000,OutOfStock
13547,p4_08_fixture_sku_16837a98a9224813,P4-08 Fixture Product,,,True,5.000,0.000,Normal
13548,p4_08_fixture_sku_4f173efb8af24916,P4-08 Fixture Product,,,True,5.000,0.000,Normal
13549,p4_08_fixture_sku_860ac5f8a5124e18,P4-08 Fixture Product,,,True,0.000,0.000,OutOfStock
13550,p4_08_fixture_sku_e311ea113e7b43d9,P4-08 Fixture Product,,,True,5.000,0.000,Normal
13551,p4_08_fixture_sku_2dd62956ed0545eb,P4-08 Fixture Product,,,True,5.000,0.000,Normal
13552,p4_08_fixture_sku_9d1ae3a8b15045bd,P4-08 Fixture Product,,,True,5.000,0.000,Normal
13553,p4_08_fixture_sku_c89098344d1b40dd,P4-08 Fixture Product,,,True,5.000,0.000,Normal
13554,p4_08_fixture_sku_368e2a0603e54f6f,P4-08 Fixture Product,,,True,7.000,0.000,Normal
13555,p4_08_fixture_sku_a88ad8ddd3734447,P4-08 Fixture Product,,,True,1.000,0.000,Normal
13556,p4_08_fixture_sku_7f047e6a9f344f04,P4-08 Fixture Product,,,True,0.000,0.000,OutOfStock
13557,p4_08_fixture_sku_286b644f758548b2,P4-08 Fixture Product,,,True,7.000,0.000,Normal
13558,p4_08_fixture_sku_5adcfc52f204429b,P4-08 Fixture Product,,,True,3.000,0.000,Normal
13559,p4_08_fixture_sku_d26e0580376042cb,P4-08 Fixture Product,,,True,10.000,0.000,Normal
13560,p4_08_fixture_sku_0917de5d832844ba,P4-08 Fixture Product,,,True,10.000,0.000,Normal
13823,p4_08_fixture_sku_90251ea5bf3f484d,P4-08 Fixture Product,,,True,6.000,0.000,Normal
13824,p4_08_fixture_sku_a7434fc13c0c44f5,P4-08 Fixture Product,,,True,10.000,0.000,Normal
13825,p4_08_fixture_sku_f9ba9614c2f0492a,P4-08 Fixture Product,,,True,10.000,0.000,Normal
13826,p4_08_fixture_sku_e548243bb03b479e,P4-08 Fixture Product,,,True,0.000,0.000,OutOfStock
13827,p4_08_fixture_sku_d549ef5a3978483e,P4-08 Fixture Product,,,True,5.000,0.000,Normal
13828,p4_08_fixture_sku_2481a8f06a624667,P4-08 Fixture Product,,,True,5.000,0.000,Normal
13829,p4_08_fixture_sku_2618e07549f845af,P4-08 Fixture Product,,,True,0.000,0.000,OutOfStock
13830,p4_08_fixture_sku_a948c27c6c784e01,P4-08 Fixture Product,,,True,5.000,0.000,Normal
13831,p4_08_fixture_sku_eee292bda2394863,P4-08 Fixture Product,,,True,5.000,0.000,Normal
13832,p4_08_fixture_sku_87373f7a5b8243be,P4-08 Fixture Product,,,True,5.000,0.000,Normal
13833,p4_08_fixture_sku_dca9f7b44b7d45a3,P4-08 Fixture Product,,,True,5.000,0.000,Normal
13834,p4_08_fixture_sku_d42e35e21ac542d9,P4-08 Fixture Product,,,True,7.000,0.000,Normal
13835,p4_08_fixture_sku_41819054f6d5445f,P4-08 Fixture Product,,,True,1.000,0.000,Normal
13836,p4_08_fixture_sku_9e7538e26aa04b39,P4-08 Fixture Product,,,True,0.000,0.000,OutOfStock
13837,p4_08_fixture_sku_5d8faad293b947d1,P4-08 Fixture Product,,,True,7.000,0.000,Normal
13838,p4_08_fixture_sku_f0a5cbed56d849a9,P4-08 Fixture Product,,,True,3.000,0.000,Normal
13839,p4_08_fixture_sku_538a640d7bdb4876,P4-08 Fixture Product,,,True,10.000,0.000,Normal
13840,p4_08_fixture_sku_ea8f0a1c1c844ac2,P4-08 Fixture Product,,,True,10.000,0.000,Normal
1731,p4_09_fixture_sku_cf7ce2b7ff6b41ee,P4-09 Fixture Product,,,True,25.500,0.000,Normal
1732,p4_09_fixture_sku_e3eec3f0cbf94e32,P4-09 Fixture Product,,,True,40.000,0.000,Normal
1733,p4_09_fixture_sku_a73efce7926a4eed,P4-09 Fixture Product,,,True,0.000,0.000,OutOfStock
1734,p4_09_fixture_sku_bc1920e74afe47fa,P4-09 Fixture Product,,,True,0.000,0.000,OutOfStock
1735,p4_09_fixture_sku_6e0779ba53e64435,P4-09 Fixture Product,,,True,10.000,0.000,Normal
1736,p4_09_fixture_sku_e8e5f256306f44ce,P4-09 Fixture Product,,,True,5.000,0.000,Normal
1737,p4_09_fixture_sku_4f5cb6218e4e4802,P4-09 Fixture Product,,,True,0.000,0.000,OutOfStock
1861,p4_09_fixture_sku_0a9dfc54adbd46b5,P4-09 Fixture Product,,,True,25.500,0.000,Normal
1862,p4_09_fixture_sku_2925a0175af64a71,P4-09 Fixture Product,,,True,40.000,0.000,Normal
1863,p4_09_fixture_sku_9e875e8c8ce44aa5,P4-09 Fixture Product,,,True,0.000,0.000,OutOfStock
1864,p4_09_fixture_sku_9803d52e23dc444d,P4-09 Fixture Product,,,True,0.000,0.000,OutOfStock
1865,p4_09_fixture_sku_bd54624b32b045a0,P4-09 Fixture Product,,,True,10.000,0.000,Normal
1866,p4_09_fixture_sku_c0e2d2d0daac4533,P4-09 Fixture Product,,,True,5.000,0.000,Normal
1867,p4_09_fixture_sku_d852ee246dea40d9,P4-09 Fixture Product,,,True,0.000,0.000,OutOfStock
1991,p4_09_fixture_sku_b53afae040134422,P4-09 Fixture Product,,,True,25.500,0.000,Normal
1992,p4_09_fixture_sku_a3bda5bcc3cf4a68,P4-09 Fixture Product,,,True,40.000,0.000,Normal
1993,p4_09_fixture_sku_6d0be32429bb437a,P4-09 Fixture Product,,,True,0.000,0.000,OutOfStock
1994,p4_09_fixture_sku_f655cc25527748c5,P4-09 Fixture Product,,,True,0.000,0.000,OutOfStock
1995,p4_09_fixture_sku_3291ee2676924f33,P4-09 Fixture Product,,,True,10.000,0.000,Normal
1996,p4_09_fixture_sku_5b1d9f91389c4399,P4-09 Fixture Product,,,True,5.000,0.000,Normal
1997,p4_09_fixture_sku_88cbcd6d3f9144c7,P4-09 Fixture Product,,,True,0.000,0.000,OutOfStock
2121,p4_09_fixture_sku_1780c6cb93bc4ee9,P4-09 Fixture Product,,,True,25.500,0.000,Normal
2122,p4_09_fixture_sku_9941dbe9942e4640,P4-09 Fixture Product,,,True,40.000,0.000,Normal
2123,p4_09_fixture_sku_be8e68df2fe740a1,P4-09 Fixture Product,,,True,0.000,0.000,OutOfStock
2124,p4_09_fixture_sku_7ad9e637747a47d0,P4-09 Fixture Product,,,True,0.000,0.000,OutOfStock
2125,p4_09_fixture_sku_54a369ba136f4a3d,P4-09 Fixture Product,,,True,10.000,0.000,Normal
2126,p4_09_fixture_sku_7504e84cb0944689,P4-09 Fixture Product,,,True,5.000,0.000,Normal
2127,p4_09_fixture_sku_00c00d5d57724161,P4-09 Fixture Product,,,True,0.000,0.000,OutOfStock
2303,p4_09_fixture_sku_f8b21dbaa80d4137,P4-09 Fixture Product,,,True,25.500,0.000,Normal
2304,p4_09_fixture_sku_c0b7c1c5ddfb41a3,P4-09 Fixture Product,,,True,40.000,0.000,Normal
2305,p4_09_fixture_sku_6ec4c21d4a6b4f7a,P4-09 Fixture Product,,,True,0.000,0.000,OutOfStock
2306,p4_09_fixture_sku_aaa2c3690be94687,P4-09 Fixture Product,,,True,0.000,0.000,OutOfStock
2307,p4_09_fixture_sku_2b0c099bd7de4d80,P4-09 Fixture Product,,,True,10.000,0.000,Normal
2308,p4_09_fixture_sku_31215757d3844828,P4-09 Fixture Product,,,True,5.000,0.000,Normal
2309,p4_09_fixture_sku_3760db98a44e4f96,P4-09 Fixture Product,,,True,0.000,0.000,OutOfStock
2444,p4_09_fixture_sku_ce5ff629aab540ac,P4-09 Fixture Product,,,True,25.500,0.000,Normal
2445,p4_09_fixture_sku_aa8e39aebfd14e2f,P4-09 Fixture Product,,,True,40.000,0.000,Normal
2446,p4_09_fixture_sku_8ca88c6bdcfa4138,P4-09 Fixture Product,,,True,0.000,0.000,OutOfStock
2447,p4_09_fixture_sku_917941c47ac744c5,P4-09 Fixture Product,,,True,0.000,0.000,OutOfStock
2448,p4_09_fixture_sku_86f45df00d484d71,P4-09 Fixture Product,,,True,10.000,0.000,Normal
2449,p4_09_fixture_sku_d7ea063af3314778,P4-09 Fixture Product,,,True,5.000,0.000,Normal
2450,p4_09_fixture_sku_18627173f46043ac,P4-09 Fixture Product,,,True,0.000,0.000,OutOfStock
2585,p4_09_fixture_sku_8857fc19c49040c2,P4-09 Fixture Product,,,True,25.500,0.000,Normal
2586,p4_09_fixture_sku_1134c4292e014a62,P4-09 Fixture Product,,,True,40.000,0.000,Normal
2587,p4_09_fixture_sku_82acec8ea6b04361,P4-09 Fixture Product,,,True,0.000,0.000,OutOfStock
2588,p4_09_fixture_sku_8334a76602b542b2,P4-09 Fixture Product,,,True,0.000,0.000,OutOfStock
2589,p4_09_fixture_sku_d94a24cdf01c4275,P4-09 Fixture Product,,,True,10.000,0.000,Normal
2590,p4_09_fixture_sku_02a24f420bae4bad,P4-09 Fixture Product,,,True,5.000,0.000,Normal
2591,p4_09_fixture_sku_85aa41a7832d45fb,P4-09 Fixture Product,,,True,0.000,0.000,OutOfStock
2726,p4_09_fixture_sku_13ff9a6d0b1a4636,P4-09 Fixture Product,,,True,25.500,0.000,Normal
2727,p4_09_fixture_sku_77d562848abc4a33,P4-09 Fixture Product,,,True,40.000,0.000,Normal
2728,p4_09_fixture_sku_067dfa946dd343d6,P4-09 Fixture Product,,,True,0.000,0.000,OutOfStock
2729,p4_09_fixture_sku_42b539f0885b4821,P4-09 Fixture Product,,,True,0.000,0.000,OutOfStock
2730,p4_09_fixture_sku_a3ed6ebbc2e54ef9,P4-09 Fixture Product,,,True,10.000,0.000,Normal
2731,p4_09_fixture_sku_f665051eb58f4b4d,P4-09 Fixture Product,,,True,5.000,0.000,Normal
2732,p4_09_fixture_sku_d9592d59d7ca458e,P4-09 Fixture Product,,,True,0.000,0.000,OutOfStock
2867,p4_09_fixture_sku_a315f04939d3443f,P4-09 Fixture Product,,,True,25.500,0.000,Normal
2868,p4_09_fixture_sku_34e2ff0b8ed94698,P4-09 Fixture Product,,,True,40.000,0.000,Normal
2869,p4_09_fixture_sku_17c61fd57f5b42ea,P4-09 Fixture Product,,,True,0.000,0.000,OutOfStock
2870,p4_09_fixture_sku_1f01c8dda9d14e29,P4-09 Fixture Product,,,True,0.000,0.000,OutOfStock
2871,p4_09_fixture_sku_23ef9c9afa834ce0,P4-09 Fixture Product,,,True,10.000,0.000,Normal
2872,p4_09_fixture_sku_a65f46096d3b406f,P4-09 Fixture Product,,,True,5.000,0.000,Normal
2873,p4_09_fixture_sku_a80754db410743a3,P4-09 Fixture Product,,,True,0.000,0.000,OutOfStock
3008,p4_09_fixture_sku_e37e3c3fd0c84318,P4-09 Fixture Product,,,True,25.500,0.000,Normal
3009,p4_09_fixture_sku_e7f01cf4cc6143cb,P4-09 Fixture Product,,,True,40.000,0.000,Normal
3010,p4_09_fixture_sku_37b7edc44bb8478c,P4-09 Fixture Product,,,True,0.000,0.000,OutOfStock
3011,p4_09_fixture_sku_ea78874009964fdc,P4-09 Fixture Product,,,True,0.000,0.000,OutOfStock
3012,p4_09_fixture_sku_9989365cdb024b19,P4-09 Fixture Product,,,True,10.000,0.000,Normal
3013,p4_09_fixture_sku_d1ef4d1fe84a4026,P4-09 Fixture Product,,,True,5.000,0.000,Normal
3014,p4_09_fixture_sku_482ddbb0578042e8,P4-09 Fixture Product,,,True,0.000,0.000,OutOfStock
3149,p4_09_fixture_sku_550bd6322a6746ac,P4-09 Fixture Product,,,True,25.500,0.000,Normal
3150,p4_09_fixture_sku_964c675edaac4e22,P4-09 Fixture Product,,,True,40.000,0.000,Normal
3151,p4_09_fixture_sku_15f10c9897c14918,P4-09 Fixture Product,,,True,0.000,0.000,OutOfStock
3152,p4_09_fixture_sku_cfa500a90ffb40a9,P4-09 Fixture Product,,,True,0.000,0.000,OutOfStock
3153,p4_09_fixture_sku_0005a41bf76b4a33,P4-09 Fixture Product,,,True,10.000,0.000,Normal
3154,p4_09_fixture_sku_f21b62b5a68b48db,P4-09 Fixture Product,,,True,5.000,0.000,Normal
3155,p4_09_fixture_sku_91d28b688c114094,P4-09 Fixture Product,,,True,0.000,0.000,OutOfStock
3329,p4_09_fixture_sku_0cd4e6dc96c44903,P4-09 Fixture Product,,,True,25.500,0.000,Normal
3330,p4_09_fixture_sku_ff815e1691b54822,P4-09 Fixture Product,,,True,40.000,0.000,Normal
3331,p4_09_fixture_sku_f639487837ce4616,P4-09 Fixture Product,,,True,0.000,0.000,OutOfStock
3332,p4_09_fixture_sku_3f926163ece2405e,P4-09 Fixture Product,,,True,0.000,0.000,OutOfStock
3333,p4_09_fixture_sku_07dc6f1c2dcd4563,P4-09 Fixture Product,,,True,10.000,0.000,Normal
3334,p4_09_fixture_sku_1de8636699c640d1,P4-09 Fixture Product,,,True,5.000,0.000,Normal
3335,p4_09_fixture_sku_0e9878cf07f849cc,P4-09 Fixture Product,,,True,0.000,0.000,OutOfStock
3477,p4_09_fixture_sku_3b7de9001fcd4b46,P4-09 Fixture Product,,,True,25.500,0.000,Normal
3478,p4_09_fixture_sku_4b442119d0bd46e0,P4-09 Fixture Product,,,True,40.000,0.000,Normal
3479,p4_09_fixture_sku_6b82ae3b44944677,P4-09 Fixture Product,,,True,0.000,0.000,OutOfStock
3480,p4_09_fixture_sku_6c10ad426a7c4e19,P4-09 Fixture Product,,,True,0.000,0.000,OutOfStock
3481,p4_09_fixture_sku_9832ecb4bf054014,P4-09 Fixture Product,,,True,10.000,0.000,Normal
3482,p4_09_fixture_sku_2285386076174f3c,P4-09 Fixture Product,,,True,5.000,0.000,Normal
3483,p4_09_fixture_sku_8d7f0f394c1c4190,P4-09 Fixture Product,,,True,0.000,0.000,OutOfStock
3632,p4_09_fixture_sku_ecf5f13c71194e87,P4-09 Fixture Product,,,True,25.500,0.000,Normal
3633,p4_09_fixture_sku_e55f4aad19ed4e2d,P4-09 Fixture Product,,,True,40.000,0.000,Normal
3634,p4_09_fixture_sku_b3305fe3024c4e40,P4-09 Fixture Product,,,True,0.000,0.000,OutOfStock
3635,p4_09_fixture_sku_e65a557d50384c3c,P4-09 Fixture Product,,,True,0.000,0.000,OutOfStock
3636,p4_09_fixture_sku_01ed18b2d86f4a2f,P4-09 Fixture Product,,,True,10.000,0.000,Normal
3637,p4_09_fixture_sku_b27af93178814150,P4-09 Fixture Product,,,True,5.000,0.000,Normal
3638,p4_09_fixture_sku_ced56de5e8f34406,P4-09 Fixture Product,,,True,0.000,0.000,OutOfStock
3780,p4_09_fixture_sku_088daedc87044963,P4-09 Fixture Product,,,True,25.500,0.000,Normal
3781,p4_09_fixture_sku_d41bc0a3f7c9410c,P4-09 Fixture Product,,,True,40.000,0.000,Normal
3782,p4_09_fixture_sku_52e46555a9374757,P4-09 Fixture Product,,,True,0.000,0.000,OutOfStock
3783,p4_09_fixture_sku_a332c51902954767,P4-09 Fixture Product,,,True,0.000,0.000,OutOfStock
3784,p4_09_fixture_sku_2379da59c59545b7,P4-09 Fixture Product,,,True,10.000,0.000,Normal
3785,p4_09_fixture_sku_5e1d187596e64b66,P4-09 Fixture Product,,,True,5.000,0.000,Normal
3786,p4_09_fixture_sku_0286f218aeb64322,P4-09 Fixture Product,,,True,0.000,0.000,OutOfStock
3928,p4_09_fixture_sku_451d47ff7c1e447e,P4-09 Fixture Product,,,True,25.500,0.000,Normal
3929,p4_09_fixture_sku_e138d3fa81824aa4,P4-09 Fixture Product,,,True,40.000,0.000,Normal
3930,p4_09_fixture_sku_9adeae501fc24004,P4-09 Fixture Product,,,True,0.000,0.000,OutOfStock
3931,p4_09_fixture_sku_e14480a4960c4b89,P4-09 Fixture Product,,,True,0.000,0.000,OutOfStock
3932,p4_09_fixture_sku_82904c78d68048b9,P4-09 Fixture Product,,,True,10.000,0.000,Normal
3933,p4_09_fixture_sku_3ad4e1b1a4ac4266,P4-09 Fixture Product,,,True,5.000,0.000,Normal
3934,p4_09_fixture_sku_455d9b68fea042d8,P4-09 Fixture Product,,,True,0.000,0.000,OutOfStock
4132,p4_09_fixture_sku_9a621926b7b94fcd,P4-09 Fixture Product,,,True,25.500,0.000,Normal
4133,p4_09_fixture_sku_87662ef3a35349e5,P4-09 Fixture Product,,,True,40.000,0.000,Normal
4134,p4_09_fixture_sku_2138c37a26594ec5,P4-09 Fixture Product,,,True,0.000,0.000,OutOfStock
4135,p4_09_fixture_sku_aff0b167dc98463b,P4-09 Fixture Product,,,True,0.000,0.000,OutOfStock
4136,p4_09_fixture_sku_493ef432e9094e68,P4-09 Fixture Product,,,True,10.000,0.000,Normal
4137,p4_09_fixture_sku_fd69ea986ee14f02,P4-09 Fixture Product,,,True,5.000,0.000,Normal
4138,p4_09_fixture_sku_a6962f96195a4503,P4-09 Fixture Product,,,True,0.000,0.000,OutOfStock
4308,p4_09_fixture_sku_7e9d3a193cdd4f5c,P4-09 Fixture Product,,,True,25.500,0.000,Normal
4309,p4_09_fixture_sku_9591e186ab2542d3,P4-09 Fixture Product,,,True,40.000,0.000,Normal
4310,p4_09_fixture_sku_2f0a938dbd7143c1,P4-09 Fixture Product,,,True,0.000,0.000,OutOfStock
4311,p4_09_fixture_sku_fbd3f2f8af8a4274,P4-09 Fixture Product,,,True,0.000,0.000,OutOfStock
4312,p4_09_fixture_sku_9a7fb71d5e5a45cf,P4-09 Fixture Product,,,True,10.000,0.000,Normal
4313,p4_09_fixture_sku_6157c3033ad14977,P4-09 Fixture Product,,,True,5.000,0.000,Normal
4314,p4_09_fixture_sku_1ad5c80912104cf2,P4-09 Fixture Product,,,True,0.000,0.000,OutOfStock
4572,p4_09_fixture_sku_79d53a987d1f4dc6,P4-09 Fixture Product,,,True,25.500,0.000,Normal
4573,p4_09_fixture_sku_b5eca72586464a7f,P4-09 Fixture Product,,,True,40.000,0.000,Normal
4574,p4_09_fixture_sku_58b089eb54fb4e3f,P4-09 Fixture Product,,,True,0.000,0.000,OutOfStock
4575,p4_09_fixture_sku_f3dc0afb231a406b,P4-09 Fixture Product,,,True,0.000,0.000,OutOfStock
4576,p4_09_fixture_sku_ef726d56006b4118,P4-09 Fixture Product,,,True,10.000,0.000,Normal
4577,p4_09_fixture_sku_490110bd10fe430d,P4-09 Fixture Product,,,True,5.000,0.000,Normal
4578,p4_09_fixture_sku_8c019c8c0d674d57,P4-09 Fixture Product,,,True,0.000,0.000,OutOfStock
4768,p4_09_fixture_sku_9dc36eef3da54b7f,P4-09 Fixture Product,,,True,25.500,0.000,Normal
4769,p4_09_fixture_sku_91b5e1cc60f54e96,P4-09 Fixture Product,,,True,40.000,0.000,Normal
4770,p4_09_fixture_sku_5d68a32a69cc4b9f,P4-09 Fixture Product,,,True,0.000,0.000,OutOfStock
4771,p4_09_fixture_sku_3ded43af594a4f38,P4-09 Fixture Product,,,True,0.000,0.000,OutOfStock
4772,p4_09_fixture_sku_b342074be34b4f6c,P4-09 Fixture Product,,,True,10.000,0.000,Normal
4773,p4_09_fixture_sku_930ef94bedc443fd,P4-09 Fixture Product,,,True,5.000,0.000,Normal
4774,p4_09_fixture_sku_494c4fe0980943e0,P4-09 Fixture Product,,,True,0.000,0.000,OutOfStock
4964,p4_09_fixture_sku_1fa8eb03f0ea4a26,P4-09 Fixture Product,,,True,25.500,0.000,Normal
4965,p4_09_fixture_sku_8d7c6a7e536d469c,P4-09 Fixture Product,,,True,40.000,0.000,Normal
4966,p4_09_fixture_sku_af3af6814d0442a8,P4-09 Fixture Product,,,True,0.000,0.000,OutOfStock
4967,p4_09_fixture_sku_1c193aacf2ba41f9,P4-09 Fixture Product,,,True,0.000,0.000,OutOfStock
4968,p4_09_fixture_sku_d0e5716d3e5b4e71,P4-09 Fixture Product,,,True,10.000,0.000,Normal
4969,p4_09_fixture_sku_2ab58552f1814611,P4-09 Fixture Product,,,True,5.000,0.000,Normal
4970,p4_09_fixture_sku_e465b294d5bf4af4,P4-09 Fixture Product,,,True,0.000,0.000,OutOfStock
5168,p4_09_fixture_sku_f6f4a277179148a4,P4-09 Fixture Product,,,True,25.500,0.000,Normal
5169,p4_09_fixture_sku_eeac681e5db946b9,P4-09 Fixture Product,,,True,40.000,0.000,Normal
5170,p4_09_fixture_sku_b7cac2b118f34746,P4-09 Fixture Product,,,True,0.000,0.000,OutOfStock
5171,p4_09_fixture_sku_691c479ff561401d,P4-09 Fixture Product,,,True,0.000,0.000,OutOfStock
5172,p4_09_fixture_sku_264c91c6d80647fb,P4-09 Fixture Product,,,True,10.000,0.000,Normal
5173,p4_09_fixture_sku_f43fcc3400834575,P4-09 Fixture Product,,,True,5.000,0.000,Normal
5174,p4_09_fixture_sku_2f31e6a5e735487e,P4-09 Fixture Product,,,True,0.000,0.000,OutOfStock
5452,p4_09_fixture_sku_c969355daec54a04,P4-09 Fixture Product,,,True,25.500,0.000,Normal
5453,p4_09_fixture_sku_142a1088b2664d40,P4-09 Fixture Product,,,True,40.000,0.000,Normal
5454,p4_09_fixture_sku_cef3780fda2442fe,P4-09 Fixture Product,,,True,0.000,0.000,OutOfStock
5455,p4_09_fixture_sku_6ef197c49e1441d9,P4-09 Fixture Product,,,True,0.000,0.000,OutOfStock
5456,p4_09_fixture_sku_65b99efc53244be6,P4-09 Fixture Product,,,True,10.000,0.000,Normal
5457,p4_09_fixture_sku_de80afc455e64a67,P4-09 Fixture Product,,,True,5.000,0.000,Normal
5458,p4_09_fixture_sku_6278d493eb8847ae,P4-09 Fixture Product,,,True,0.000,0.000,OutOfStock
5697,p4_09_fixture_sku_6785d8be41424402,P4-09 Fixture Product,,,True,25.500,0.000,Normal
5698,p4_09_fixture_sku_0aff61019ae147f2,P4-09 Fixture Product,,,True,40.000,0.000,Normal
5699,p4_09_fixture_sku_566a4f45686e4830,P4-09 Fixture Product,,,True,0.000,0.000,OutOfStock
5700,p4_09_fixture_sku_d288c452c2c34b1d,P4-09 Fixture Product,,,True,0.000,0.000,OutOfStock
5701,p4_09_fixture_sku_832017138cc042f1,P4-09 Fixture Product,,,True,10.000,0.000,Normal
5702,p4_09_fixture_sku_a02ed0bcdb4f493d,P4-09 Fixture Product,,,True,5.000,0.000,Normal
5703,p4_09_fixture_sku_866b4cf465884da3,P4-09 Fixture Product,,,True,0.000,0.000,OutOfStock
5981,p4_09_fixture_sku_5b5b905df7b647c6,P4-09 Fixture Product,,,True,25.500,0.000,Normal
5982,p4_09_fixture_sku_cc83ba70d0e84c9a,P4-09 Fixture Product,,,True,40.000,0.000,Normal
5983,p4_09_fixture_sku_87d014e9d17c4b31,P4-09 Fixture Product,,,True,0.000,0.000,OutOfStock
5984,p4_09_fixture_sku_d255a639eb234c69,P4-09 Fixture Product,,,True,0.000,0.000,OutOfStock
5985,p4_09_fixture_sku_c1d9c4c31b11449b,P4-09 Fixture Product,,,True,10.000,0.000,Normal
5986,p4_09_fixture_sku_759950ba432b4a35,P4-09 Fixture Product,,,True,5.000,0.000,Normal
5987,p4_09_fixture_sku_42291a0c62c6467d,P4-09 Fixture Product,,,True,0.000,0.000,OutOfStock
6238,p4_09_fixture_sku_f7371a10eafa4ec3,P4-09 Fixture Product,,,True,25.500,0.000,Normal
6239,p4_09_fixture_sku_18c88cbb7d884d32,P4-09 Fixture Product,,,True,40.000,0.000,Normal
6240,p4_09_fixture_sku_6a969f33b9d24feb,P4-09 Fixture Product,,,True,0.000,0.000,OutOfStock
6241,p4_09_fixture_sku_6ff7f3a7716b439b,P4-09 Fixture Product,,,True,0.000,0.000,OutOfStock
6242,p4_09_fixture_sku_fad1e56a579d4a6e,P4-09 Fixture Product,,,True,10.000,0.000,Normal
6243,p4_09_fixture_sku_896f9486ce2a4917,P4-09 Fixture Product,,,True,5.000,0.000,Normal
6244,p4_09_fixture_sku_949526192a2a42e6,P4-09 Fixture Product,,,True,0.000,0.000,OutOfStock
6478,p4_09_fixture_sku_d8a9cf8b2d48426a,P4-09 Fixture Product,,,True,25.500,0.000,Normal
6479,p4_09_fixture_sku_3872d0fb13474652,P4-09 Fixture Product,,,True,40.000,0.000,Normal
6480,p4_09_fixture_sku_9fadba17b7e64c43,P4-09 Fixture Product,,,True,0.000,0.000,OutOfStock
6481,p4_09_fixture_sku_28abfdc150a44314,P4-09 Fixture Product,,,True,0.000,0.000,OutOfStock
6482,p4_09_fixture_sku_11c89bf7684d460b,P4-09 Fixture Product,,,True,10.000,0.000,Normal
6483,p4_09_fixture_sku_c9625c50a243470e,P4-09 Fixture Product,,,True,5.000,0.000,Normal
6484,p4_09_fixture_sku_683e200e6f1841d3,P4-09 Fixture Product,,,True,0.000,0.000,OutOfStock
6728,p4_09_fixture_sku_01fd067a808c49cf,P4-09 Fixture Product,,,True,25.500,0.000,Normal
6729,p4_09_fixture_sku_64c60282607a49fd,P4-09 Fixture Product,,,True,40.000,0.000,Normal
6730,p4_09_fixture_sku_d3575d5ae65b4bcd,P4-09 Fixture Product,,,True,0.000,0.000,OutOfStock
6731,p4_09_fixture_sku_41e34fbcee8e478f,P4-09 Fixture Product,,,True,0.000,0.000,OutOfStock
6732,p4_09_fixture_sku_f2b6e9cf92204aef,P4-09 Fixture Product,,,True,10.000,0.000,Normal
6733,p4_09_fixture_sku_2e1fc4b063d047bb,P4-09 Fixture Product,,,True,5.000,0.000,Normal
6734,p4_09_fixture_sku_1d5785c704c2459d,P4-09 Fixture Product,,,True,0.000,0.000,OutOfStock
6984,p4_09_fixture_sku_493dd7df630e4fa4,P4-09 Fixture Product,,,True,25.500,0.000,Normal
6985,p4_09_fixture_sku_5944d262da784c0f,P4-09 Fixture Product,,,True,40.000,0.000,Normal
6986,p4_09_fixture_sku_074b08100cb64137,P4-09 Fixture Product,,,True,0.000,0.000,OutOfStock
6987,p4_09_fixture_sku_182babe6dc674ac6,P4-09 Fixture Product,,,True,0.000,0.000,OutOfStock
6988,p4_09_fixture_sku_0b73744faadd4e21,P4-09 Fixture Product,,,True,10.000,0.000,Normal
6989,p4_09_fixture_sku_5c8fb7646a2a4521,P4-09 Fixture Product,,,True,5.000,0.000,Normal
6990,p4_09_fixture_sku_1418cbcf524849ee,P4-09 Fixture Product,,,True,0.000,0.000,OutOfStock
7292,p4_09_fixture_sku_6fc30ac5b2b941da,P4-09 Fixture Product,,,True,25.500,0.000,Normal
7293,p4_09_fixture_sku_8c0a9e879b93428c,P4-09 Fixture Product,,,True,40.000,0.000,Normal
7294,p4_09_fixture_sku_e9afbabe86f44d4c,P4-09 Fixture Product,,,True,0.000,0.000,OutOfStock
7295,p4_09_fixture_sku_0f0b2aabe9664017,P4-09 Fixture Product,,,True,0.000,0.000,OutOfStock
7296,p4_09_fixture_sku_48ce749fee8f41a1,P4-09 Fixture Product,,,True,10.000,0.000,Normal
7297,p4_09_fixture_sku_a6bc3c85571d47fc,P4-09 Fixture Product,,,True,5.000,0.000,Normal
7298,p4_09_fixture_sku_bdd82d93fae540de,P4-09 Fixture Product,,,True,0.000,0.000,OutOfStock
7563,p4_09_fixture_sku_bd70b3e630c0468a,P4-09 Fixture Product,,,True,25.500,0.000,Normal
7564,p4_09_fixture_sku_d9c3328661ee43e7,P4-09 Fixture Product,,,True,40.000,0.000,Normal
7565,p4_09_fixture_sku_4af1f79da0cc475c,P4-09 Fixture Product,,,True,0.000,0.000,OutOfStock
7566,p4_09_fixture_sku_001d148cfd2740d9,P4-09 Fixture Product,,,True,0.000,0.000,OutOfStock
7567,p4_09_fixture_sku_99e8be5a86c84958,P4-09 Fixture Product,,,True,10.000,0.000,Normal
7568,p4_09_fixture_sku_238ef0ecfa3c4873,P4-09 Fixture Product,,,True,5.000,0.000,Normal
7569,p4_09_fixture_sku_3e7d504b0c094ed6,P4-09 Fixture Product,,,True,0.000,0.000,OutOfStock
7819,p4_09_fixture_sku_5d055cae94c1486a,P4-09 Fixture Product,,,True,25.500,0.000,Normal
7820,p4_09_fixture_sku_34b2c3d31d9d4c9a,P4-09 Fixture Product,,,True,40.000,0.000,Normal
7821,p4_09_fixture_sku_75a9b4c3b30c4343,P4-09 Fixture Product,,,True,0.000,0.000,OutOfStock
7822,p4_09_fixture_sku_553f42d8ede64cc2,P4-09 Fixture Product,,,True,0.000,0.000,OutOfStock
7823,p4_09_fixture_sku_bdb44d530f0d479b,P4-09 Fixture Product,,,True,10.000,0.000,Normal
7824,p4_09_fixture_sku_fafc276a04904b8d,P4-09 Fixture Product,,,True,5.000,0.000,Normal
7825,p4_09_fixture_sku_5d79fa12f7c549cc,P4-09 Fixture Product,,,True,0.000,0.000,OutOfStock
8075,p4_09_fixture_sku_7ef591c59b484584,P4-09 Fixture Product,,,True,25.500,0.000,Normal
8076,p4_09_fixture_sku_4be4470fe3f44d9c,P4-09 Fixture Product,,,True,40.000,0.000,Normal
8077,p4_09_fixture_sku_558bb1acb5f04e44,P4-09 Fixture Product,,,True,0.000,0.000,OutOfStock
8078,p4_09_fixture_sku_3afe31c32849415f,P4-09 Fixture Product,,,True,0.000,0.000,OutOfStock
8079,p4_09_fixture_sku_5fefa20536634947,P4-09 Fixture Product,,,True,10.000,0.000,Normal
8080,p4_09_fixture_sku_939e3004c5894c2f,P4-09 Fixture Product,,,True,5.000,0.000,Normal
8081,p4_09_fixture_sku_e5269cfcede1442d,P4-09 Fixture Product,,,True,0.000,0.000,OutOfStock
8331,p4_09_fixture_sku_54c9bfe17f8d41db,P4-09 Fixture Product,,,True,25.500,0.000,Normal
8332,p4_09_fixture_sku_d40ca64b906048aa,P4-09 Fixture Product,,,True,40.000,0.000,Normal
8333,p4_09_fixture_sku_ff12b498f3e14297,P4-09 Fixture Product,,,True,0.000,0.000,OutOfStock
8334,p4_09_fixture_sku_c3cfd45692bc45e1,P4-09 Fixture Product,,,True,0.000,0.000,OutOfStock
8335,p4_09_fixture_sku_43b16a4171644cad,P4-09 Fixture Product,,,True,10.000,0.000,Normal
8336,p4_09_fixture_sku_bbc523fae6a94b3e,P4-09 Fixture Product,,,True,5.000,0.000,Normal
8337,p4_09_fixture_sku_c7234677c9854d51,P4-09 Fixture Product,,,True,0.000,0.000,OutOfStock
8587,p4_09_fixture_sku_cc3a8a53c8e44e31,P4-09 Fixture Product,,,True,25.500,0.000,Normal
8588,p4_09_fixture_sku_09709b169ca64ae1,P4-09 Fixture Product,,,True,40.000,0.000,Normal
8589,p4_09_fixture_sku_116c737120cc44cd,P4-09 Fixture Product,,,True,0.000,0.000,OutOfStock
8590,p4_09_fixture_sku_c88d0981560c41dd,P4-09 Fixture Product,,,True,0.000,0.000,OutOfStock
8591,p4_09_fixture_sku_5b78faf37e75449f,P4-09 Fixture Product,,,True,10.000,0.000,Normal
8592,p4_09_fixture_sku_979ed6c093ac4ba2,P4-09 Fixture Product,,,True,5.000,0.000,Normal
8593,p4_09_fixture_sku_b74e76ffe45b4105,P4-09 Fixture Product,,,True,0.000,0.000,OutOfStock
8843,p4_09_fixture_sku_b379531dfa574966,P4-09 Fixture Product,,,True,25.500,0.000,Normal
8844,p4_09_fixture_sku_1b1ae2ea80f342c4,P4-09 Fixture Product,,,True,40.000,0.000,Normal
8845,p4_09_fixture_sku_ff641e7edfdb4211,P4-09 Fixture Product,,,True,0.000,0.000,OutOfStock
8846,p4_09_fixture_sku_0fa2c5bae9f343b4,P4-09 Fixture Product,,,True,0.000,0.000,OutOfStock
8847,p4_09_fixture_sku_59eb9801c64f4ebf,P4-09 Fixture Product,,,True,10.000,0.000,Normal
8848,p4_09_fixture_sku_1df951063f2b4fe6,P4-09 Fixture Product,,,True,5.000,0.000,Normal
8849,p4_09_fixture_sku_4e74281437824bc5,P4-09 Fixture Product,,,True,0.000,0.000,OutOfStock
9099,p4_09_fixture_sku_c033770ad7b940e2,P4-09 Fixture Product,,,True,25.500,0.000,Normal
9100,p4_09_fixture_sku_2553f78bf3c34f3d,P4-09 Fixture Product,,,True,40.000,0.000,Normal
9101,p4_09_fixture_sku_a81e647767e941b9,P4-09 Fixture Product,,,True,0.000,0.000,OutOfStock
9102,p4_09_fixture_sku_9f6c1d3c038a444e,P4-09 Fixture Product,,,True,0.000,0.000,OutOfStock
9103,p4_09_fixture_sku_3541d5e1c4034602,P4-09 Fixture Product,,,True,10.000,0.000,Normal
9104,p4_09_fixture_sku_f842132060c546b8,P4-09 Fixture Product,,,True,5.000,0.000,Normal
9105,p4_09_fixture_sku_307a3060cfea489b,P4-09 Fixture Product,,,True,0.000,0.000,OutOfStock
9355,p4_09_fixture_sku_05a603c895d4454d,P4-09 Fixture Product,,,True,25.500,0.000,Normal
9356,p4_09_fixture_sku_bf5a0723e604465e,P4-09 Fixture Product,,,True,40.000,0.000,Normal
9357,p4_09_fixture_sku_d94202b9fcae41d8,P4-09 Fixture Product,,,True,0.000,0.000,OutOfStock
9358,p4_09_fixture_sku_8478360a020a469d,P4-09 Fixture Product,,,True,0.000,0.000,OutOfStock
9359,p4_09_fixture_sku_0595ed9d2f714e63,P4-09 Fixture Product,,,True,10.000,0.000,Normal
9360,p4_09_fixture_sku_3e039096f6fc4a17,P4-09 Fixture Product,,,True,5.000,0.000,Normal
9361,p4_09_fixture_sku_750346d3cd084833,P4-09 Fixture Product,,,True,0.000,0.000,OutOfStock
9628,p4_09_fixture_sku_e0f0457a9e41463f,P4-09 Fixture Product,,,True,25.500,0.000,Normal
9629,p4_09_fixture_sku_68a352fa399e485e,P4-09 Fixture Product,,,True,40.000,0.000,Normal
9630,p4_09_fixture_sku_c838ee49effa4ca5,P4-09 Fixture Product,,,True,0.000,0.000,OutOfStock
9631,p4_09_fixture_sku_50d96b8390274b47,P4-09 Fixture Product,,,True,0.000,0.000,OutOfStock
9632,p4_09_fixture_sku_2546b7a3e07541c9,P4-09 Fixture Product,,,True,10.000,0.000,Normal
9633,p4_09_fixture_sku_0de2bcc4dca14834,P4-09 Fixture Product,,,True,5.000,0.000,Normal
9634,p4_09_fixture_sku_876023d87c7f432f,P4-09 Fixture Product,,,True,0.000,0.000,OutOfStock
9884,p4_09_fixture_sku_35b28b8fd4784d9b,P4-09 Fixture Product,,,True,25.500,0.000,Normal
9885,p4_09_fixture_sku_059d05df58954394,P4-09 Fixture Product,,,True,40.000,0.000,Normal
9886,p4_09_fixture_sku_5f65ccbf2bbf415d,P4-09 Fixture Product,,,True,0.000,0.000,OutOfStock
9887,p4_09_fixture_sku_bdaa6858dcf54c7f,P4-09 Fixture Product,,,True,0.000,0.000,OutOfStock
9888,p4_09_fixture_sku_8a731bc99fca4de9,P4-09 Fixture Product,,,True,10.000,0.000,Normal
9889,p4_09_fixture_sku_e75ced7836ab4e1f,P4-09 Fixture Product,,,True,5.000,0.000,Normal
9890,p4_09_fixture_sku_44e5e353da574c69,P4-09 Fixture Product,,,True,0.000,0.000,OutOfStock
10145,p4_09_fixture_sku_bcbef584b94f424d,P4-09 Fixture Product,,,True,25.500,0.000,Normal
10146,p4_09_fixture_sku_1a3dc3f24db4494a,P4-09 Fixture Product,,,True,40.000,0.000,Normal
10147,p4_09_fixture_sku_6f2bfbb1321f490e,P4-09 Fixture Product,,,True,0.000,0.000,OutOfStock
10148,p4_09_fixture_sku_44700f9771a640d7,P4-09 Fixture Product,,,True,0.000,0.000,OutOfStock
10149,p4_09_fixture_sku_da74cc6e824945e7,P4-09 Fixture Product,,,True,10.000,0.000,Normal
10150,p4_09_fixture_sku_9fc8c8e88db84f78,P4-09 Fixture Product,,,True,5.000,0.000,Normal
10151,p4_09_fixture_sku_7574595441614f14,P4-09 Fixture Product,,,True,0.000,0.000,OutOfStock
10411,p4_09_fixture_sku_2db54fea3b8b480e,P4-09 Fixture Product,,,True,25.500,0.000,Normal
10412,p4_09_fixture_sku_29dd4142e07744e2,P4-09 Fixture Product,,,True,40.000,0.000,Normal
10413,p4_09_fixture_sku_46ac4d12a90b4580,P4-09 Fixture Product,,,True,0.000,0.000,OutOfStock
10414,p4_09_fixture_sku_58c76e417210441b,P4-09 Fixture Product,,,True,0.000,0.000,OutOfStock
10415,p4_09_fixture_sku_4dab740c591b4b3f,P4-09 Fixture Product,,,True,10.000,0.000,Normal
10416,p4_09_fixture_sku_7733c476583c48ea,P4-09 Fixture Product,,,True,5.000,0.000,Normal
10417,p4_09_fixture_sku_94055c4b933248b0,P4-09 Fixture Product,,,True,0.000,0.000,OutOfStock
10690,p4_09_fixture_sku_8abd484c4df24588,P4-09 Fixture Product,,,True,25.500,0.000,Normal
10691,p4_09_fixture_sku_35a330ab7d5749eb,P4-09 Fixture Product,,,True,40.000,0.000,Normal
10692,p4_09_fixture_sku_a2f1347342f44962,P4-09 Fixture Product,,,True,0.000,0.000,OutOfStock
10693,p4_09_fixture_sku_1c7da8caa275416c,P4-09 Fixture Product,,,True,0.000,0.000,OutOfStock
10694,p4_09_fixture_sku_bc368d5eead548eb,P4-09 Fixture Product,,,True,10.000,0.000,Normal
10695,p4_09_fixture_sku_fb95b257773e4162,P4-09 Fixture Product,,,True,5.000,0.000,Normal
10696,p4_09_fixture_sku_231419d4fdfb42c4,P4-09 Fixture Product,,,True,0.000,0.000,OutOfStock
10957,p4_09_fixture_sku_2b5120f7a8ae4ebc,P4-09 Fixture Product,,,True,25.500,0.000,Normal
10958,p4_09_fixture_sku_01b9c754e2144421,P4-09 Fixture Product,,,True,40.000,0.000,Normal
10959,p4_09_fixture_sku_533ad02dd3104767,P4-09 Fixture Product,,,True,0.000,0.000,OutOfStock
10960,p4_09_fixture_sku_1769b68d7c174881,P4-09 Fixture Product,,,True,0.000,0.000,OutOfStock
10961,p4_09_fixture_sku_941b7fcb89664a8c,P4-09 Fixture Product,,,True,10.000,0.000,Normal
10962,p4_09_fixture_sku_1075d8e9ca8d4ef7,P4-09 Fixture Product,,,True,5.000,0.000,Normal
10963,p4_09_fixture_sku_2ed79b8f24e94fbb,P4-09 Fixture Product,,,True,0.000,0.000,OutOfStock
11235,p4_09_fixture_sku_c00fc72b8cf34cae,P4-09 Fixture Product,,,True,25.500,0.000,Normal
11236,p4_09_fixture_sku_b61cdbd6de3a4454,P4-09 Fixture Product,,,True,40.000,0.000,Normal
11237,p4_09_fixture_sku_7705f632ad4a4b28,P4-09 Fixture Product,,,True,0.000,0.000,OutOfStock
11238,p4_09_fixture_sku_073985b0cf5545da,P4-09 Fixture Product,,,True,0.000,0.000,OutOfStock
11239,p4_09_fixture_sku_0bf90a4af1b1446f,P4-09 Fixture Product,,,True,10.000,0.000,Normal
11240,p4_09_fixture_sku_6b15fc3b4edd45af,P4-09 Fixture Product,,,True,5.000,0.000,Normal
11241,p4_09_fixture_sku_e94c95eac5ea4e9f,P4-09 Fixture Product,,,True,0.000,0.000,OutOfStock
11502,p4_09_fixture_sku_f3e8cb1c35e54142,P4-09 Fixture Product,,,True,25.500,0.000,Normal
11503,p4_09_fixture_sku_d1f15c09c2de4ffe,P4-09 Fixture Product,,,True,40.000,0.000,Normal
11504,p4_09_fixture_sku_64503841da1f4667,P4-09 Fixture Product,,,True,0.000,0.000,OutOfStock
11505,p4_09_fixture_sku_695c0dbed160478e,P4-09 Fixture Product,,,True,0.000,0.000,OutOfStock
11506,p4_09_fixture_sku_5532b771860246b6,P4-09 Fixture Product,,,True,10.000,0.000,Normal
11507,p4_09_fixture_sku_4cb2656036134e2b,P4-09 Fixture Product,,,True,5.000,0.000,Normal
11508,p4_09_fixture_sku_38f5750810d745c4,P4-09 Fixture Product,,,True,0.000,0.000,OutOfStock
11769,p4_09_fixture_sku_e23e6795309145a2,P4-09 Fixture Product,,,True,25.500,0.000,Normal
11770,p4_09_fixture_sku_ff6a903e885547a6,P4-09 Fixture Product,,,True,40.000,0.000,Normal
11771,p4_09_fixture_sku_f543bfdb8d3f4e3f,P4-09 Fixture Product,,,True,0.000,0.000,OutOfStock
11772,p4_09_fixture_sku_016a12c762564990,P4-09 Fixture Product,,,True,0.000,0.000,OutOfStock
11773,p4_09_fixture_sku_a7c667c5bc274c8f,P4-09 Fixture Product,,,True,10.000,0.000,Normal
11774,p4_09_fixture_sku_91f6a52bd53f488b,P4-09 Fixture Product,,,True,5.000,0.000,Normal
11775,p4_09_fixture_sku_a537f39153b24c1a,P4-09 Fixture Product,,,True,0.000,0.000,OutOfStock
12039,p4_09_fixture_sku_770c3d2f98404631,P4-09 Fixture Product,,,True,25.500,0.000,Normal
12040,p4_09_fixture_sku_ca2f32e1e5244df5,P4-09 Fixture Product,,,True,40.000,0.000,Normal
12041,p4_09_fixture_sku_e17e7d961aa5462e,P4-09 Fixture Product,,,True,0.000,0.000,OutOfStock
12042,p4_09_fixture_sku_216199293fdf4cd5,P4-09 Fixture Product,,,True,0.000,0.000,OutOfStock
12043,p4_09_fixture_sku_5720c2ce02d24f70,P4-09 Fixture Product,,,True,10.000,0.000,Normal
12044,p4_09_fixture_sku_b0e124cb9f284151,P4-09 Fixture Product,,,True,5.000,0.000,Normal
12045,p4_09_fixture_sku_9b5416c466234c68,P4-09 Fixture Product,,,True,0.000,0.000,OutOfStock
12309,p4_09_fixture_sku_b53df128af684d45,P4-09 Fixture Product,,,True,25.500,0.000,Normal
12310,p4_09_fixture_sku_7fd8b9a7f2e447e1,P4-09 Fixture Product,,,True,40.000,0.000,Normal
12311,p4_09_fixture_sku_bb8511adebdc4b41,P4-09 Fixture Product,,,True,0.000,0.000,OutOfStock
12312,p4_09_fixture_sku_8ba812a5da2642ea,P4-09 Fixture Product,,,True,0.000,0.000,OutOfStock
12313,p4_09_fixture_sku_b0a6d2565c15481e,P4-09 Fixture Product,,,True,10.000,0.000,Normal
12314,p4_09_fixture_sku_322063f8ea7c4b59,P4-09 Fixture Product,,,True,5.000,0.000,Normal
12315,p4_09_fixture_sku_542af0cce1c94f20,P4-09 Fixture Product,,,True,0.000,0.000,OutOfStock
12589,p4_09_fixture_sku_c7197eef51f64af4,P4-09 Fixture Product,,,True,25.500,0.000,Normal
12590,p4_09_fixture_sku_2d4346e1a9174355,P4-09 Fixture Product,,,True,40.000,0.000,Normal
12591,p4_09_fixture_sku_2fda41dc84304c8b,P4-09 Fixture Product,,,True,0.000,0.000,OutOfStock
12592,p4_09_fixture_sku_089a97a6bde3400e,P4-09 Fixture Product,,,True,0.000,0.000,OutOfStock
12593,p4_09_fixture_sku_d97959bc16e148e5,P4-09 Fixture Product,,,True,10.000,0.000,Normal
12594,p4_09_fixture_sku_e94d0e055f024204,P4-09 Fixture Product,,,True,5.000,0.000,Normal
12595,p4_09_fixture_sku_eec5308bf8b64967,P4-09 Fixture Product,,,True,0.000,0.000,OutOfStock
12869,p4_09_fixture_sku_3537a02e639241cd,P4-09 Fixture Product,,,True,25.500,0.000,Normal
12870,p4_09_fixture_sku_b06b010c59134fae,P4-09 Fixture Product,,,True,40.000,0.000,Normal
12871,p4_09_fixture_sku_5c5fd16db29e44df,P4-09 Fixture Product,,,True,0.000,0.000,OutOfStock
12872,p4_09_fixture_sku_df4f2e663abb4569,P4-09 Fixture Product,,,True,0.000,0.000,OutOfStock
12873,p4_09_fixture_sku_bd5ab59cff5d4c6d,P4-09 Fixture Product,,,True,10.000,0.000,Normal
12874,p4_09_fixture_sku_343ae3a378754249,P4-09 Fixture Product,,,True,5.000,0.000,Normal
12875,p4_09_fixture_sku_29955915689e4141,P4-09 Fixture Product,,,True,0.000,0.000,OutOfStock
13149,p4_09_fixture_sku_fff5d72202864e76,P4-09 Fixture Product,,,True,25.500,0.000,Normal
13150,p4_09_fixture_sku_ba3cd5dc122845ea,P4-09 Fixture Product,,,True,40.000,0.000,Normal
13151,p4_09_fixture_sku_431d881ef982442c,P4-09 Fixture Product,,,True,0.000,0.000,OutOfStock
13152,p4_09_fixture_sku_af8871935d814915,P4-09 Fixture Product,,,True,0.000,0.000,OutOfStock
13153,p4_09_fixture_sku_472914545bab4df1,P4-09 Fixture Product,,,True,10.000,0.000,Normal
13154,p4_09_fixture_sku_4533d3ded7c14541,P4-09 Fixture Product,,,True,5.000,0.000,Normal
13155,p4_09_fixture_sku_06f239060bc548aa,P4-09 Fixture Product,,,True,0.000,0.000,OutOfStock
13429,p4_09_fixture_sku_d0bd9a5c69384722,P4-09 Fixture Product,,,True,25.500,0.000,Normal
13430,p4_09_fixture_sku_8c471e3c2a3e438c,P4-09 Fixture Product,,,True,40.000,0.000,Normal
13431,p4_09_fixture_sku_079b7a3a20dc4e91,P4-09 Fixture Product,,,True,0.000,0.000,OutOfStock
13432,p4_09_fixture_sku_ebc97e2c0cf7454e,P4-09 Fixture Product,,,True,0.000,0.000,OutOfStock
13433,p4_09_fixture_sku_c723a4276bd64c6f,P4-09 Fixture Product,,,True,10.000,0.000,Normal
13434,p4_09_fixture_sku_1de9e4468aeb4fdf,P4-09 Fixture Product,,,True,5.000,0.000,Normal
13435,p4_09_fixture_sku_ff3ad0e5d82345f0,P4-09 Fixture Product,,,True,0.000,0.000,OutOfStock
13710,p4_09_fixture_sku_89883710df6f48d5,P4-09 Fixture Product,,,True,25.500,0.000,Normal
13711,p4_09_fixture_sku_16e83f662d704e4a,P4-09 Fixture Product,,,True,40.000,0.000,Normal
13712,p4_09_fixture_sku_f50e3492240a4a95,P4-09 Fixture Product,,,True,0.000,0.000,OutOfStock
13713,p4_09_fixture_sku_17b999b9e2bc46d8,P4-09 Fixture Product,,,True,0.000,0.000,OutOfStock
13714,p4_09_fixture_sku_75aeb52bc2a4406b,P4-09 Fixture Product,,,True,10.000,0.000,Normal
13715,p4_09_fixture_sku_31c4bd3d64964504,P4-09 Fixture Product,,,True,5.000,0.000,Normal
13716,p4_09_fixture_sku_64a1cd71a35941f9,P4-09 Fixture Product,,,True,0.000,0.000,OutOfStock
13990,p4_09_fixture_sku_f5238cfc95c6440f,P4-09 Fixture Product,,,True,25.500,0.000,Normal
13991,p4_09_fixture_sku_524fd3c02b3c4c3c,P4-09 Fixture Product,,,True,40.000,0.000,Normal
13992,p4_09_fixture_sku_def93aa7915443d7,P4-09 Fixture Product,,,True,0.000,0.000,OutOfStock
13993,p4_09_fixture_sku_815418b2dc8e48b4,P4-09 Fixture Product,,,True,0.000,0.000,OutOfStock
13994,p4_09_fixture_sku_f61ee817fda04009,P4-09 Fixture Product,,,True,10.000,0.000,Normal
13995,p4_09_fixture_sku_81335c8f54f84127,P4-09 Fixture Product,,,True,5.000,0.000,Normal
13996,p4_09_fixture_sku_fd49336ffaf44295,P4-09 Fixture Product,,,True,0.000,0.000,OutOfStock
1738,p4_10_fixture_sku_ac9aec32ffdb49df,P4-10 Fixture Product,,,True,20.000,0.000,Normal
1739,p4_10_fixture_sku_c94e86b28b804c3e,P4-10 Fixture Product,,,True,20.000,0.000,Normal
1740,p4_10_fixture_sku_be88871b2f984656,P4-10 Fixture Product,,,True,20.000,0.000,Normal
1741,p4_10_fixture_sku_f1a9cbe1344d4372,P4-10 Fixture Product,,,True,20.000,0.000,Normal
1742,p4_10_fixture_sku_74cf42cc20ac4404,P4-10 Fixture Product,,,True,2.000,0.000,Normal
1743,p4_10_fixture_sku_44860fa9f8ac4fde,P4-10 Fixture Product,,,True,20.000,0.000,Normal
1744,p4_10_fixture_sku_d52fc0e6357e4385,P4-10 Fixture Product,,,True,20.000,0.000,Normal
1745,p4_10_fixture_sku_edc50090c0ca4a58,P4-10 Fixture Product,,,True,20.000,0.000,Normal
1746,p4_10_fixture_sku_0416196319364aa5,P4-10 Fixture Product,,,True,20.000,0.000,Normal
1747,p4_10_fixture_sku_0f9c88cd8fae4e8d,P4-10 Fixture Product,,,True,20.000,0.000,Normal
1748,p4_10_fixture_sku_acfaeab0f67e4791,P4-10 Fixture Product,,,True,20.000,0.000,Normal
1749,p4_10_fixture_sku_ce249f6b908748ea,P4-10 Fixture Product,,,True,20.000,0.000,Normal
1750,p4_10_fixture_sku_56d536148ba149c8,P4-10 Fixture Product,,,True,20.000,0.000,Normal
1751,p4_10_fixture_sku_505451efe3f94be2,P4-10 Fixture Product,,,True,20.000,0.000,Normal
1752,p4_10_fixture_sku_dc0af99843ad4a82,P4-10 Fixture Product,,,True,20.000,0.000,Normal
1753,p4_10_fixture_sku_e5b9b2162dda4ef8,P4-10 Fixture Product,,,True,20.000,0.000,Normal
1754,p4_10_fixture_sku_bd7f53749f204f48,P4-10 Fixture Product,,,True,20.000,0.000,Normal
1755,p4_10_fixture_sku_9cb9ce4d718545c1,P4-10 Fixture Product,,,True,0.000,0.000,OutOfStock
1868,p4_10_fixture_sku_8bf6a64a3c034fb1,P4-10 Fixture Product,,,True,25.000,0.000,Normal
1869,p4_10_fixture_sku_e0250d22381a409e,P4-10 Fixture Product,,,True,20.000,0.000,Normal
1870,p4_10_fixture_sku_da163a6d97c143db,P4-10 Fixture Product,,,True,25.000,0.000,Normal
1871,p4_10_fixture_sku_6db8a86e0d4145c1,P4-10 Fixture Product,,,True,20.000,0.000,Normal
1872,p4_10_fixture_sku_9677c69725c64651,P4-10 Fixture Product,,,True,2.000,0.000,Normal
1873,p4_10_fixture_sku_698331cc5d634062,P4-10 Fixture Product,,,True,20.000,0.000,Normal
1874,p4_10_fixture_sku_a9ebaf64bd25478f,P4-10 Fixture Product,,,True,20.000,0.000,Normal
1875,p4_10_fixture_sku_9a42944b6b854c1b,P4-10 Fixture Product,,,True,20.000,0.000,Normal
1876,p4_10_fixture_sku_20e7ff6af32d48d6,P4-10 Fixture Product,,,True,20.000,0.000,Normal
1877,p4_10_fixture_sku_06037bcad1c245ee,P4-10 Fixture Product,,,True,5.000,0.000,Normal
1878,p4_10_fixture_sku_7fe01769c69a4a96,P4-10 Fixture Product,,,True,35.000,0.000,Normal
1879,p4_10_fixture_sku_99d5ca7f6a574445,P4-10 Fixture Product,,,True,35.000,0.000,Normal
1880,p4_10_fixture_sku_761aed5ed53c4782,P4-10 Fixture Product,,,True,25.000,0.000,Normal
1881,p4_10_fixture_sku_3af143baa5d048c6,P4-10 Fixture Product,,,True,5.000,0.000,Normal
1882,p4_10_fixture_sku_18860d69682644de,P4-10 Fixture Product,,,True,20.000,0.000,Normal
1883,p4_10_fixture_sku_0c6c1027fb774c05,P4-10 Fixture Product,,,True,35.000,0.000,Normal
1884,p4_10_fixture_sku_0acf131735fa4e12,P4-10 Fixture Product,,,True,20.000,0.000,Normal
1885,p4_10_fixture_sku_9dee7909c5414b48,P4-10 Fixture Product,,,True,0.000,0.000,OutOfStock
1998,p4_10_fixture_sku_bbddcb56782142cb,P4-10 Fixture Product,,,True,25.000,0.000,Normal
1999,p4_10_fixture_sku_b073943d4b3c4094,P4-10 Fixture Product,,,True,20.000,0.000,Normal
2000,p4_10_fixture_sku_d2f7a94042c34a42,P4-10 Fixture Product,,,True,25.000,0.000,Normal
2001,p4_10_fixture_sku_97f735c148f04986,P4-10 Fixture Product,,,True,20.000,0.000,Normal
2002,p4_10_fixture_sku_0501c732811e4bc6,P4-10 Fixture Product,,,True,2.000,0.000,Normal
2003,p4_10_fixture_sku_926ec22306e84981,P4-10 Fixture Product,,,True,20.000,0.000,Normal
2004,p4_10_fixture_sku_f7462ce89bfd44d0,P4-10 Fixture Product,,,True,20.000,0.000,Normal
2005,p4_10_fixture_sku_f318ff65d03645fc,P4-10 Fixture Product,,,True,20.000,0.000,Normal
2006,p4_10_fixture_sku_4f3b2a8a1b2342d5,P4-10 Fixture Product,,,True,20.000,0.000,Normal
2007,p4_10_fixture_sku_ab3230df22ec41a3,P4-10 Fixture Product,,,True,5.000,0.000,Normal
2008,p4_10_fixture_sku_31767c4e881044f4,P4-10 Fixture Product,,,True,35.000,0.000,Normal
2009,p4_10_fixture_sku_409f8e3c39354606,P4-10 Fixture Product,,,True,35.000,0.000,Normal
2010,p4_10_fixture_sku_4e16a238a2614aa4,P4-10 Fixture Product,,,True,25.000,0.000,Normal
2011,p4_10_fixture_sku_843b4c5a5a574b5b,P4-10 Fixture Product,,,True,5.000,0.000,Normal
2012,p4_10_fixture_sku_122a68d3431b4682,P4-10 Fixture Product,,,True,20.000,0.000,Normal
2013,p4_10_fixture_sku_d5b27ce4f16c45d3,P4-10 Fixture Product,,,True,35.000,0.000,Normal
2014,p4_10_fixture_sku_2635bc21443e498c,P4-10 Fixture Product,,,True,20.000,0.000,Normal
2015,p4_10_fixture_sku_aa5dcd6780b3411c,P4-10 Fixture Product,,,True,0.000,0.000,OutOfStock
2169,p4_10_fixture_sku_34f3efe733b24247,P4-10 Fixture Product,,,True,25.000,0.000,Normal
2170,p4_10_fixture_sku_9aa894fc3f31453b,P4-10 Fixture Product,,,True,20.000,0.000,Normal
2171,p4_10_fixture_sku_409cc1cd889a4810,P4-10 Fixture Product,,,True,25.000,0.000,Normal
2172,p4_10_fixture_sku_645f0904ab3f4b0c,P4-10 Fixture Product,,,True,20.000,0.000,Normal
2173,p4_10_fixture_sku_381ed7edee6a4230,P4-10 Fixture Product,,,True,2.000,0.000,Normal
2174,p4_10_fixture_sku_5e9204c04db448e8,P4-10 Fixture Product,,,True,20.000,0.000,Normal
2175,p4_10_fixture_sku_4377b7207ae7463e,P4-10 Fixture Product,,,True,20.000,0.000,Normal
2176,p4_10_fixture_sku_351467c9959c4000,P4-10 Fixture Product,,,True,20.000,0.000,Normal
2177,p4_10_fixture_sku_7b6a24f945d64380,P4-10 Fixture Product,,,True,20.000,0.000,Normal
2178,p4_10_fixture_sku_c898edf47ab9441d,P4-10 Fixture Product,,,True,5.000,0.000,Normal
2179,p4_10_fixture_sku_bf8c3036e7ad4136,P4-10 Fixture Product,,,True,35.000,0.000,Normal
2180,p4_10_fixture_sku_036288b4546c48a3,P4-10 Fixture Product,,,True,35.000,0.000,Normal
2181,p4_10_fixture_sku_b3079eb82156428e,P4-10 Fixture Product,,,True,25.000,0.000,Normal
2182,p4_10_fixture_sku_d293630ed9a24c75,P4-10 Fixture Product,,,True,5.000,0.000,Normal
2183,p4_10_fixture_sku_770b4107cbef493c,P4-10 Fixture Product,,,True,20.000,0.000,Normal
2184,p4_10_fixture_sku_7d1b3761e04541ae,P4-10 Fixture Product,,,True,35.000,0.000,Normal
2185,p4_10_fixture_sku_d6091338109d4147,P4-10 Fixture Product,,,True,20.000,0.000,Normal
2186,p4_10_fixture_sku_52deb0265b8e445e,P4-10 Fixture Product,,,True,0.000,0.000,OutOfStock
2310,p4_10_fixture_sku_9d080d5784204199,P4-10 Fixture Product,,,True,25.000,0.000,Normal
2311,p4_10_fixture_sku_1e546b401ed44df3,P4-10 Fixture Product,,,True,20.000,0.000,Normal
2312,p4_10_fixture_sku_461d6b9605694a79,P4-10 Fixture Product,,,True,25.000,0.000,Normal
2313,p4_10_fixture_sku_884713d354b84454,P4-10 Fixture Product,,,True,20.000,0.000,Normal
2314,p4_10_fixture_sku_aa5e15a929f64077,P4-10 Fixture Product,,,True,2.000,0.000,Normal
2315,p4_10_fixture_sku_9f554a6a0b424c00,P4-10 Fixture Product,,,True,20.000,0.000,Normal
2316,p4_10_fixture_sku_37ace454e8d7414d,P4-10 Fixture Product,,,True,20.000,0.000,Normal
2317,p4_10_fixture_sku_9705a47293174801,P4-10 Fixture Product,,,True,20.000,0.000,Normal
2318,p4_10_fixture_sku_729742ebd8e34585,P4-10 Fixture Product,,,True,20.000,0.000,Normal
2319,p4_10_fixture_sku_3cc142de69b84ed0,P4-10 Fixture Product,,,True,5.000,0.000,Normal
2320,p4_10_fixture_sku_99ddfda828c744f1,P4-10 Fixture Product,,,True,35.000,0.000,Normal
2321,p4_10_fixture_sku_479801a6518f4078,P4-10 Fixture Product,,,True,35.000,0.000,Normal
2322,p4_10_fixture_sku_3fc781ad22cc4e09,P4-10 Fixture Product,,,True,25.000,0.000,Normal
2323,p4_10_fixture_sku_1deb4224e71a4910,P4-10 Fixture Product,,,True,5.000,0.000,Normal
2324,p4_10_fixture_sku_5e4ffffffc9142f0,P4-10 Fixture Product,,,True,20.000,0.000,Normal
2325,p4_10_fixture_sku_1995f0ca8cb64492,P4-10 Fixture Product,,,True,35.000,0.000,Normal
2326,p4_10_fixture_sku_c722b3e0a7b147ca,P4-10 Fixture Product,,,True,20.000,0.000,Normal
2327,p4_10_fixture_sku_c1c3c51f207a4bfd,P4-10 Fixture Product,,,True,0.000,0.000,OutOfStock
2451,p4_10_fixture_sku_56e11be54c4d46e4,P4-10 Fixture Product,,,True,25.000,0.000,Normal
2452,p4_10_fixture_sku_09c745c6bf674dea,P4-10 Fixture Product,,,True,20.000,0.000,Normal
2453,p4_10_fixture_sku_c26b8ea8a1c34970,P4-10 Fixture Product,,,True,25.000,0.000,Normal
2454,p4_10_fixture_sku_009a5936ba2b4559,P4-10 Fixture Product,,,True,20.000,0.000,Normal
2455,p4_10_fixture_sku_4ee54fa82ab3483f,P4-10 Fixture Product,,,True,2.000,0.000,Normal
2456,p4_10_fixture_sku_93e9b3478e234776,P4-10 Fixture Product,,,True,20.000,0.000,Normal
2457,p4_10_fixture_sku_9fb9d0b9248d4634,P4-10 Fixture Product,,,True,20.000,0.000,Normal
2458,p4_10_fixture_sku_b31b440405564744,P4-10 Fixture Product,,,True,20.000,0.000,Normal
2459,p4_10_fixture_sku_ffd356b01c014664,P4-10 Fixture Product,,,True,20.000,0.000,Normal
2460,p4_10_fixture_sku_ba140221c2454030,P4-10 Fixture Product,,,True,5.000,0.000,Normal
2461,p4_10_fixture_sku_4e27e697a69942d7,P4-10 Fixture Product,,,True,35.000,0.000,Normal
2462,p4_10_fixture_sku_61b97a1c29384cdd,P4-10 Fixture Product,,,True,35.000,0.000,Normal
2463,p4_10_fixture_sku_d37537e3039841a7,P4-10 Fixture Product,,,True,25.000,0.000,Normal
2464,p4_10_fixture_sku_f3870a27a66f478d,P4-10 Fixture Product,,,True,5.000,0.000,Normal
2465,p4_10_fixture_sku_21325e7b44ce4f32,P4-10 Fixture Product,,,True,20.000,0.000,Normal
2466,p4_10_fixture_sku_d37bbe74062c421c,P4-10 Fixture Product,,,True,35.000,0.000,Normal
2467,p4_10_fixture_sku_707d542bcf22423f,P4-10 Fixture Product,,,True,20.000,0.000,Normal
2468,p4_10_fixture_sku_ee1f408ab7a2411f,P4-10 Fixture Product,,,True,0.000,0.000,OutOfStock
2592,p4_10_fixture_sku_0e29ddc74b874181,P4-10 Fixture Product,,,True,25.000,0.000,Normal
2593,p4_10_fixture_sku_b5c5e6bb2b4b4d61,P4-10 Fixture Product,,,True,20.000,0.000,Normal
2594,p4_10_fixture_sku_ce04e653ddc14f8a,P4-10 Fixture Product,,,True,25.000,0.000,Normal
2595,p4_10_fixture_sku_936e3d46929245fe,P4-10 Fixture Product,,,True,20.000,0.000,Normal
2596,p4_10_fixture_sku_825dcf8317784587,P4-10 Fixture Product,,,True,2.000,0.000,Normal
2597,p4_10_fixture_sku_1dcdbf16d8de4586,P4-10 Fixture Product,,,True,20.000,0.000,Normal
2598,p4_10_fixture_sku_5063a4a9e2114c5b,P4-10 Fixture Product,,,True,20.000,0.000,Normal
2599,p4_10_fixture_sku_60c88f0513cc4f27,P4-10 Fixture Product,,,True,20.000,0.000,Normal
2600,p4_10_fixture_sku_ff6e70ac98b64f42,P4-10 Fixture Product,,,True,20.000,0.000,Normal
2601,p4_10_fixture_sku_036c2634098a4f6d,P4-10 Fixture Product,,,True,5.000,0.000,Normal
2602,p4_10_fixture_sku_33507111c27f470d,P4-10 Fixture Product,,,True,35.000,0.000,Normal
2603,p4_10_fixture_sku_77a313066b0d4a19,P4-10 Fixture Product,,,True,35.000,0.000,Normal
2604,p4_10_fixture_sku_7f5ba56bc6074263,P4-10 Fixture Product,,,True,25.000,0.000,Normal
2605,p4_10_fixture_sku_cec121788aad4385,P4-10 Fixture Product,,,True,5.000,0.000,Normal
2606,p4_10_fixture_sku_2637b3ab57ac48f4,P4-10 Fixture Product,,,True,20.000,0.000,Normal
2607,p4_10_fixture_sku_633e3ad3c8544513,P4-10 Fixture Product,,,True,35.000,0.000,Normal
2608,p4_10_fixture_sku_a7499e11b006471a,P4-10 Fixture Product,,,True,20.000,0.000,Normal
2609,p4_10_fixture_sku_a9fa4908302149f4,P4-10 Fixture Product,,,True,0.000,0.000,OutOfStock
2733,p4_10_fixture_sku_42cc2b70d1bb4493,P4-10 Fixture Product,,,True,25.000,0.000,Normal
2734,p4_10_fixture_sku_7ebdf9454fda419f,P4-10 Fixture Product,,,True,20.000,0.000,Normal
2735,p4_10_fixture_sku_508b73e3e7904295,P4-10 Fixture Product,,,True,25.000,0.000,Normal
2736,p4_10_fixture_sku_c2f2ef4cc5894c67,P4-10 Fixture Product,,,True,20.000,0.000,Normal
2737,p4_10_fixture_sku_9a00eee6ea584a41,P4-10 Fixture Product,,,True,2.000,0.000,Normal
2738,p4_10_fixture_sku_0445c16d502841eb,P4-10 Fixture Product,,,True,20.000,0.000,Normal
2739,p4_10_fixture_sku_c5bbe9513e70458a,P4-10 Fixture Product,,,True,20.000,0.000,Normal
2740,p4_10_fixture_sku_806a2aae333c4ccc,P4-10 Fixture Product,,,True,20.000,0.000,Normal
2741,p4_10_fixture_sku_035118c19f644558,P4-10 Fixture Product,,,True,20.000,0.000,Normal
2742,p4_10_fixture_sku_d3af9cccedda4642,P4-10 Fixture Product,,,True,5.000,0.000,Normal
2743,p4_10_fixture_sku_169e3e9943ca4f19,P4-10 Fixture Product,,,True,35.000,0.000,Normal
2744,p4_10_fixture_sku_abf4e5a54b2b41aa,P4-10 Fixture Product,,,True,35.000,0.000,Normal
2745,p4_10_fixture_sku_b11017c7c8dc4a04,P4-10 Fixture Product,,,True,25.000,0.000,Normal
2746,p4_10_fixture_sku_0a79e7b4e61e430a,P4-10 Fixture Product,,,True,5.000,0.000,Normal
2747,p4_10_fixture_sku_3401793eb60248e1,P4-10 Fixture Product,,,True,20.000,0.000,Normal
2748,p4_10_fixture_sku_7f1d5cb1bbbf4a21,P4-10 Fixture Product,,,True,35.000,0.000,Normal
2749,p4_10_fixture_sku_7ff7cad6ddf84886,P4-10 Fixture Product,,,True,20.000,0.000,Normal
2750,p4_10_fixture_sku_af7e4f7c56da4ac5,P4-10 Fixture Product,,,True,0.000,0.000,OutOfStock
2874,p4_10_fixture_sku_1332fe1074b14cd1,P4-10 Fixture Product,,,True,25.000,0.000,Normal
2875,p4_10_fixture_sku_60f2fce799b74b1c,P4-10 Fixture Product,,,True,20.000,0.000,Normal
2876,p4_10_fixture_sku_b81eb96c7c834cf0,P4-10 Fixture Product,,,True,25.000,0.000,Normal
2877,p4_10_fixture_sku_140270e4c3524341,P4-10 Fixture Product,,,True,20.000,0.000,Normal
2878,p4_10_fixture_sku_6a3efa971cbe45df,P4-10 Fixture Product,,,True,2.000,0.000,Normal
2879,p4_10_fixture_sku_ad0e0013e38d42d3,P4-10 Fixture Product,,,True,20.000,0.000,Normal
2880,p4_10_fixture_sku_c596e92a691d41a2,P4-10 Fixture Product,,,True,20.000,0.000,Normal
2881,p4_10_fixture_sku_35a1bcb918d24835,P4-10 Fixture Product,,,True,20.000,0.000,Normal
2882,p4_10_fixture_sku_8489ecb330a14c64,P4-10 Fixture Product,,,True,20.000,0.000,Normal
2883,p4_10_fixture_sku_cfcaabff54f74177,P4-10 Fixture Product,,,True,5.000,0.000,Normal
2884,p4_10_fixture_sku_f5b465a5a44d4b48,P4-10 Fixture Product,,,True,35.000,0.000,Normal
2885,p4_10_fixture_sku_4e1175bdc10c4a9c,P4-10 Fixture Product,,,True,35.000,0.000,Normal
2886,p4_10_fixture_sku_f71764f365ee41e9,P4-10 Fixture Product,,,True,25.000,0.000,Normal
2887,p4_10_fixture_sku_39b8fd05efa943fc,P4-10 Fixture Product,,,True,5.000,0.000,Normal
2888,p4_10_fixture_sku_4a447564f7554eca,P4-10 Fixture Product,,,True,20.000,0.000,Normal
2889,p4_10_fixture_sku_d9983655968c4684,P4-10 Fixture Product,,,True,35.000,0.000,Normal
2890,p4_10_fixture_sku_29189d1c63f1465b,P4-10 Fixture Product,,,True,20.000,0.000,Normal
2891,p4_10_fixture_sku_07be6a1b070f4aad,P4-10 Fixture Product,,,True,0.000,0.000,OutOfStock
3015,p4_10_fixture_sku_600c88a564594847,P4-10 Fixture Product,,,True,25.000,0.000,Normal
3016,p4_10_fixture_sku_839b56b5322f4798,P4-10 Fixture Product,,,True,20.000,0.000,Normal
3017,p4_10_fixture_sku_8c92480c3e8048cb,P4-10 Fixture Product,,,True,25.000,0.000,Normal
3018,p4_10_fixture_sku_800db7ae8e8e4448,P4-10 Fixture Product,,,True,20.000,0.000,Normal
3019,p4_10_fixture_sku_ffee4d191cdf4e87,P4-10 Fixture Product,,,True,2.000,0.000,Normal
3020,p4_10_fixture_sku_908f54f2c6644979,P4-10 Fixture Product,,,True,20.000,0.000,Normal
3021,p4_10_fixture_sku_0be56d6459754f39,P4-10 Fixture Product,,,True,20.000,0.000,Normal
3022,p4_10_fixture_sku_2e781ba90ced4563,P4-10 Fixture Product,,,True,20.000,0.000,Normal
3023,p4_10_fixture_sku_ab5878e44b4e4c9c,P4-10 Fixture Product,,,True,20.000,0.000,Normal
3024,p4_10_fixture_sku_82d7b5616de34bf9,P4-10 Fixture Product,,,True,5.000,0.000,Normal
3025,p4_10_fixture_sku_7b288c906f2a4a22,P4-10 Fixture Product,,,True,35.000,0.000,Normal
3026,p4_10_fixture_sku_5dc2e2039e8e4b09,P4-10 Fixture Product,,,True,35.000,0.000,Normal
3027,p4_10_fixture_sku_05abac3c42f04c30,P4-10 Fixture Product,,,True,25.000,0.000,Normal
3028,p4_10_fixture_sku_36492c67c6ca467c,P4-10 Fixture Product,,,True,5.000,0.000,Normal
3029,p4_10_fixture_sku_05e18ac163be4a49,P4-10 Fixture Product,,,True,20.000,0.000,Normal
3030,p4_10_fixture_sku_f3c8feab00384939,P4-10 Fixture Product,,,True,35.000,0.000,Normal
3031,p4_10_fixture_sku_9d5ea9e2eb934a3b,P4-10 Fixture Product,,,True,20.000,0.000,Normal
3032,p4_10_fixture_sku_18e1ce6a458f4c62,P4-10 Fixture Product,,,True,0.000,0.000,OutOfStock
3188,p4_10_fixture_sku_b30a20fd62eb4da6,P4-10 Fixture Product,,,True,25.000,0.000,Normal
3189,p4_10_fixture_sku_782a511ea6664016,P4-10 Fixture Product,,,True,20.000,0.000,Normal
3190,p4_10_fixture_sku_d1828765af334367,P4-10 Fixture Product,,,True,25.000,0.000,Normal
3191,p4_10_fixture_sku_633d3842330d41b4,P4-10 Fixture Product,,,True,20.000,0.000,Normal
3192,p4_10_fixture_sku_9bf6599eccc648eb,P4-10 Fixture Product,,,True,2.000,0.000,Normal
3193,p4_10_fixture_sku_62c33f39e2584043,P4-10 Fixture Product,,,True,20.000,0.000,Normal
3194,p4_10_fixture_sku_25b71e00859f44e8,P4-10 Fixture Product,,,True,20.000,0.000,Normal
3195,p4_10_fixture_sku_ba4f099a9282423e,P4-10 Fixture Product,,,True,20.000,0.000,Normal
3196,p4_10_fixture_sku_15c483b979754a81,P4-10 Fixture Product,,,True,20.000,0.000,Normal
3197,p4_10_fixture_sku_3fafb004cdb24f37,P4-10 Fixture Product,,,True,5.000,0.000,Normal
3198,p4_10_fixture_sku_9031a003934f4aa1,P4-10 Fixture Product,,,True,35.000,0.000,Normal
3199,p4_10_fixture_sku_4114a0d50e534c62,P4-10 Fixture Product,,,True,35.000,0.000,Normal
3200,p4_10_fixture_sku_31f1db7476d24d30,P4-10 Fixture Product,,,True,25.000,0.000,Normal
3201,p4_10_fixture_sku_4813bfa877844243,P4-10 Fixture Product,,,True,5.000,0.000,Normal
3202,p4_10_fixture_sku_b39ae73bfea446d7,P4-10 Fixture Product,,,True,20.000,0.000,Normal
3203,p4_10_fixture_sku_7c9b8cc28de64ccd,P4-10 Fixture Product,,,True,35.000,0.000,Normal
3204,p4_10_fixture_sku_1598f2016d9541a5,P4-10 Fixture Product,,,True,20.000,0.000,Normal
3205,p4_10_fixture_sku_e0fd0430bac24728,P4-10 Fixture Product,,,True,0.000,0.000,OutOfStock
3336,p4_10_fixture_sku_aeab5f1b42f847ed,P4-10 Fixture Product,,,True,25.000,0.000,Normal
3337,p4_10_fixture_sku_000442ab69c44c1e,P4-10 Fixture Product,,,True,20.000,0.000,Normal
3338,p4_10_fixture_sku_33ec1be914e14841,P4-10 Fixture Product,,,True,25.000,0.000,Normal
3339,p4_10_fixture_sku_53d3b532cf5f4eb9,P4-10 Fixture Product,,,True,20.000,0.000,Normal
3340,p4_10_fixture_sku_ff7349ec0bdf4655,P4-10 Fixture Product,,,True,2.000,0.000,Normal
3341,p4_10_fixture_sku_ca202373f0f34776,P4-10 Fixture Product,,,True,20.000,0.000,Normal
3342,p4_10_fixture_sku_0a594c656ba04f28,P4-10 Fixture Product,,,True,20.000,0.000,Normal
3343,p4_10_fixture_sku_df85d3286afd4a9c,P4-10 Fixture Product,,,True,20.000,0.000,Normal
3344,p4_10_fixture_sku_fed8843ba9ab4ed2,P4-10 Fixture Product,,,True,20.000,0.000,Normal
3345,p4_10_fixture_sku_b1a21b5c2a1b4adf,P4-10 Fixture Product,,,True,5.000,0.000,Normal
3346,p4_10_fixture_sku_1bce4da81a564412,P4-10 Fixture Product,,,True,35.000,0.000,Normal
3347,p4_10_fixture_sku_28bb26ecd3ce4bd6,P4-10 Fixture Product,,,True,35.000,0.000,Normal
3348,p4_10_fixture_sku_e13e3739db71495d,P4-10 Fixture Product,,,True,25.000,0.000,Normal
3349,p4_10_fixture_sku_f2ff21b482e84ab4,P4-10 Fixture Product,,,True,5.000,0.000,Normal
3350,p4_10_fixture_sku_a0ffeb3891f24b00,P4-10 Fixture Product,,,True,20.000,0.000,Normal
3351,p4_10_fixture_sku_91254bdc7a1647b0,P4-10 Fixture Product,,,True,35.000,0.000,Normal
3352,p4_10_fixture_sku_15775f29de3e4bdd,P4-10 Fixture Product,,,True,20.000,0.000,Normal
3353,p4_10_fixture_sku_30841a9df3b64438,P4-10 Fixture Product,,,True,0.000,0.000,OutOfStock
3491,p4_10_fixture_sku_0218a9080cbf4549,P4-10 Fixture Product,,,True,25.000,0.000,Normal
3492,p4_10_fixture_sku_e88f79c35b7e455a,P4-10 Fixture Product,,,True,20.000,0.000,Normal
3493,p4_10_fixture_sku_745bd07e73574564,P4-10 Fixture Product,,,True,25.000,0.000,Normal
3494,p4_10_fixture_sku_f2762ee91eb447f3,P4-10 Fixture Product,,,True,20.000,0.000,Normal
3495,p4_10_fixture_sku_276372f5a0834649,P4-10 Fixture Product,,,True,2.000,0.000,Normal
3496,p4_10_fixture_sku_64893c3acd9e465e,P4-10 Fixture Product,,,True,20.000,0.000,Normal
3497,p4_10_fixture_sku_fdf6e928cbf54d04,P4-10 Fixture Product,,,True,20.000,0.000,Normal
3498,p4_10_fixture_sku_fc219f4a1969406b,P4-10 Fixture Product,,,True,20.000,0.000,Normal
3499,p4_10_fixture_sku_13173f3db54e4c22,P4-10 Fixture Product,,,True,20.000,0.000,Normal
3500,p4_10_fixture_sku_35fdcc680ced4340,P4-10 Fixture Product,,,True,5.000,0.000,Normal
3501,p4_10_fixture_sku_5218a46fbddb4a37,P4-10 Fixture Product,,,True,35.000,0.000,Normal
3502,p4_10_fixture_sku_c1fb0f97aa5a4ab5,P4-10 Fixture Product,,,True,35.000,0.000,Normal
3503,p4_10_fixture_sku_b7b982d1dc5048e9,P4-10 Fixture Product,,,True,25.000,0.000,Normal
3504,p4_10_fixture_sku_301e53a126c04d6f,P4-10 Fixture Product,,,True,5.000,0.000,Normal
3505,p4_10_fixture_sku_3e92af7ea1764dc3,P4-10 Fixture Product,,,True,20.000,0.000,Normal
3506,p4_10_fixture_sku_3ffa177ad5664f37,P4-10 Fixture Product,,,True,35.000,0.000,Normal
3507,p4_10_fixture_sku_c159f63f7b2e4471,P4-10 Fixture Product,,,True,20.000,0.000,Normal
3508,p4_10_fixture_sku_aa2fd75f7be6491c,P4-10 Fixture Product,,,True,0.000,0.000,OutOfStock
3639,p4_10_fixture_sku_577277ed37a4442d,P4-10 Fixture Product,,,True,25.000,0.000,Normal
3640,p4_10_fixture_sku_f8c9ab6cfbaf4d1f,P4-10 Fixture Product,,,True,20.000,0.000,Normal
3641,p4_10_fixture_sku_7fca546bbbf54cb2,P4-10 Fixture Product,,,True,25.000,0.000,Normal
3642,p4_10_fixture_sku_773df4318e914f20,P4-10 Fixture Product,,,True,20.000,0.000,Normal
3643,p4_10_fixture_sku_47fed44fd3d54e71,P4-10 Fixture Product,,,True,2.000,0.000,Normal
3644,p4_10_fixture_sku_ec65fac0fe864a41,P4-10 Fixture Product,,,True,20.000,0.000,Normal
3645,p4_10_fixture_sku_fee3e91cfbe54564,P4-10 Fixture Product,,,True,20.000,0.000,Normal
3646,p4_10_fixture_sku_d42ebfbafd1e443b,P4-10 Fixture Product,,,True,20.000,0.000,Normal
3647,p4_10_fixture_sku_50e9e08848684bf3,P4-10 Fixture Product,,,True,20.000,0.000,Normal
3648,p4_10_fixture_sku_72e0de23df9b416a,P4-10 Fixture Product,,,True,5.000,0.000,Normal
3649,p4_10_fixture_sku_9e1c4676dce44106,P4-10 Fixture Product,,,True,35.000,0.000,Normal
3650,p4_10_fixture_sku_bcabdf52b71a4c36,P4-10 Fixture Product,,,True,35.000,0.000,Normal
3651,p4_10_fixture_sku_4710335c59284747,P4-10 Fixture Product,,,True,25.000,0.000,Normal
3652,p4_10_fixture_sku_1657317f7d7e47c0,P4-10 Fixture Product,,,True,5.000,0.000,Normal
3653,p4_10_fixture_sku_69ba7c8aefda4fb8,P4-10 Fixture Product,,,True,20.000,0.000,Normal
3654,p4_10_fixture_sku_b2ef59e3e2ad464e,P4-10 Fixture Product,,,True,35.000,0.000,Normal
3655,p4_10_fixture_sku_96f9c2fc4da74faf,P4-10 Fixture Product,,,True,20.000,0.000,Normal
3656,p4_10_fixture_sku_e9b744ed7a964de5,P4-10 Fixture Product,,,True,0.000,0.000,OutOfStock
3787,p4_10_fixture_sku_435bce078c4741ed,P4-10 Fixture Product,,,True,25.000,0.000,Normal
3788,p4_10_fixture_sku_3657b3f5292d44a4,P4-10 Fixture Product,,,True,20.000,0.000,Normal
3789,p4_10_fixture_sku_51f1ee128f4f4ce9,P4-10 Fixture Product,,,True,25.000,0.000,Normal
3790,p4_10_fixture_sku_eee20df524ac4883,P4-10 Fixture Product,,,True,20.000,0.000,Normal
3791,p4_10_fixture_sku_5dc05acf7f1e458f,P4-10 Fixture Product,,,True,2.000,0.000,Normal
3792,p4_10_fixture_sku_67f53d62b6d3488d,P4-10 Fixture Product,,,True,20.000,0.000,Normal
3793,p4_10_fixture_sku_b7d9f2aca4644b6b,P4-10 Fixture Product,,,True,20.000,0.000,Normal
3794,p4_10_fixture_sku_4eb3ce42a0c546fb,P4-10 Fixture Product,,,True,20.000,0.000,Normal
3795,p4_10_fixture_sku_cfca820829164d7a,P4-10 Fixture Product,,,True,20.000,0.000,Normal
3796,p4_10_fixture_sku_ba8c1e1867194157,P4-10 Fixture Product,,,True,5.000,0.000,Normal
3797,p4_10_fixture_sku_8425f5969990441d,P4-10 Fixture Product,,,True,35.000,0.000,Normal
3798,p4_10_fixture_sku_a27974ea8fb049a8,P4-10 Fixture Product,,,True,35.000,0.000,Normal
3799,p4_10_fixture_sku_16922974140b4e60,P4-10 Fixture Product,,,True,25.000,0.000,Normal
3800,p4_10_fixture_sku_241cd1d594c44d12,P4-10 Fixture Product,,,True,5.000,0.000,Normal
3801,p4_10_fixture_sku_c48bed8b872f4ba0,P4-10 Fixture Product,,,True,20.000,0.000,Normal
3802,p4_10_fixture_sku_518a6b76468641fc,P4-10 Fixture Product,,,True,35.000,0.000,Normal
3803,p4_10_fixture_sku_1e0e3421494f4345,P4-10 Fixture Product,,,True,20.000,0.000,Normal
3804,p4_10_fixture_sku_a31db970c8dd4496,P4-10 Fixture Product,,,True,0.000,0.000,OutOfStock
3963,p4_10_fixture_sku_dae8138ec0f04f5b,P4-10 Fixture Product,,,True,25.000,0.000,Normal
3964,p4_10_fixture_sku_f957620d09a1406a,P4-10 Fixture Product,,,True,20.000,0.000,Normal
3965,p4_10_fixture_sku_83844337dbc74a97,P4-10 Fixture Product,,,True,25.000,0.000,Normal
3966,p4_10_fixture_sku_799e67c3b6ad44f9,P4-10 Fixture Product,,,True,20.000,0.000,Normal
3967,p4_10_fixture_sku_fdd7351bec8944bf,P4-10 Fixture Product,,,True,2.000,0.000,Normal
3968,p4_10_fixture_sku_9b2c9b983c6b4b8a,P4-10 Fixture Product,,,True,20.000,0.000,Normal
3969,p4_10_fixture_sku_f213b02d40f74456,P4-10 Fixture Product,,,True,20.000,0.000,Normal
3970,p4_10_fixture_sku_6935b0552ac94851,P4-10 Fixture Product,,,True,20.000,0.000,Normal
3971,p4_10_fixture_sku_89f2967cd2d145e6,P4-10 Fixture Product,,,True,20.000,0.000,Normal
3972,p4_10_fixture_sku_b73cfa5063294d2e,P4-10 Fixture Product,,,True,5.000,0.000,Normal
3973,p4_10_fixture_sku_932e63c27b924d5e,P4-10 Fixture Product,,,True,35.000,0.000,Normal
3974,p4_10_fixture_sku_4287ab5206f94fc8,P4-10 Fixture Product,,,True,35.000,0.000,Normal
3975,p4_10_fixture_sku_12a91e1965cb4062,P4-10 Fixture Product,,,True,25.000,0.000,Normal
3976,p4_10_fixture_sku_bb3a95e1e9364d34,P4-10 Fixture Product,,,True,5.000,0.000,Normal
3977,p4_10_fixture_sku_970c5f60bd7a45b6,P4-10 Fixture Product,,,True,20.000,0.000,Normal
3978,p4_10_fixture_sku_2ab4932fc6534ffb,P4-10 Fixture Product,,,True,35.000,0.000,Normal
3979,p4_10_fixture_sku_440dcc15dba744de,P4-10 Fixture Product,,,True,20.000,0.000,Normal
3980,p4_10_fixture_sku_9fba6903b2314d89,P4-10 Fixture Product,,,True,0.000,0.000,OutOfStock
4139,p4_10_fixture_sku_3e15f9de76604c09,P4-10 Fixture Product,,,True,25.000,0.000,Normal
4140,p4_10_fixture_sku_42f9d2cc8824416b,P4-10 Fixture Product,,,True,20.000,0.000,Normal
4141,p4_10_fixture_sku_31af7c172ac84af5,P4-10 Fixture Product,,,True,25.000,0.000,Normal
4142,p4_10_fixture_sku_3b08ae09f525405d,P4-10 Fixture Product,,,True,20.000,0.000,Normal
4143,p4_10_fixture_sku_ea8a175dda2b487d,P4-10 Fixture Product,,,True,2.000,0.000,Normal
4144,p4_10_fixture_sku_f8a661ca5ae34f26,P4-10 Fixture Product,,,True,20.000,0.000,Normal
4145,p4_10_fixture_sku_54fb4dda31f845c3,P4-10 Fixture Product,,,True,20.000,0.000,Normal
4146,p4_10_fixture_sku_56f62e2cb4c54240,P4-10 Fixture Product,,,True,20.000,0.000,Normal
4147,p4_10_fixture_sku_fbfadd9ce69945af,P4-10 Fixture Product,,,True,20.000,0.000,Normal
4148,p4_10_fixture_sku_190691b2ab07488f,P4-10 Fixture Product,,,True,5.000,0.000,Normal
4149,p4_10_fixture_sku_2e65ffc594504517,P4-10 Fixture Product,,,True,35.000,0.000,Normal
4150,p4_10_fixture_sku_fc83940d590b4b53,P4-10 Fixture Product,,,True,35.000,0.000,Normal
4151,p4_10_fixture_sku_a6d784fffb9b4d41,P4-10 Fixture Product,,,True,25.000,0.000,Normal
4152,p4_10_fixture_sku_6181f62d754941d0,P4-10 Fixture Product,,,True,5.000,0.000,Normal
4153,p4_10_fixture_sku_af61bd9a6b034e2f,P4-10 Fixture Product,,,True,20.000,0.000,Normal
4154,p4_10_fixture_sku_09dc585a98d7430c,P4-10 Fixture Product,,,True,35.000,0.000,Normal
4155,p4_10_fixture_sku_c6b70c1d75de46bc,P4-10 Fixture Product,,,True,20.000,0.000,Normal
4156,p4_10_fixture_sku_310f4c7d2f244e3b,P4-10 Fixture Product,,,True,0.000,0.000,OutOfStock
4383,p4_10_fixture_sku_d1ac2789c93a486b,P4-10 Fixture Product,,,True,25.000,0.000,Normal
4384,p4_10_fixture_sku_33cfcebfe44b4e2b,P4-10 Fixture Product,,,True,20.000,0.000,Normal
4385,p4_10_fixture_sku_71cb63a25c8a4b4e,P4-10 Fixture Product,,,True,25.000,0.000,Normal
4386,p4_10_fixture_sku_453ff37987ca499a,P4-10 Fixture Product,,,True,20.000,0.000,Normal
4387,p4_10_fixture_sku_c289bafc5786460a,P4-10 Fixture Product,,,True,2.000,0.000,Normal
4388,p4_10_fixture_sku_9d75b450a7424b0f,P4-10 Fixture Product,,,True,20.000,0.000,Normal
4389,p4_10_fixture_sku_29b979993dfd44f3,P4-10 Fixture Product,,,True,20.000,0.000,Normal
4390,p4_10_fixture_sku_87198977f1fb4c65,P4-10 Fixture Product,,,True,20.000,0.000,Normal
4391,p4_10_fixture_sku_f6978b0f681741a1,P4-10 Fixture Product,,,True,20.000,0.000,Normal
4392,p4_10_fixture_sku_88e5990e19f6401e,P4-10 Fixture Product,,,True,5.000,0.000,Normal
4393,p4_10_fixture_sku_cc4fe279c0314901,P4-10 Fixture Product,,,True,35.000,0.000,Normal
4394,p4_10_fixture_sku_d27e2e18f5b3402f,P4-10 Fixture Product,,,True,35.000,0.000,Normal
4395,p4_10_fixture_sku_df8897c7d411465c,P4-10 Fixture Product,,,True,25.000,0.000,Normal
4396,p4_10_fixture_sku_856c703542e7471d,P4-10 Fixture Product,,,True,5.000,0.000,Normal
4397,p4_10_fixture_sku_9f93ff2acaa74495,P4-10 Fixture Product,,,True,20.000,0.000,Normal
4398,p4_10_fixture_sku_92eaf5f05fea4bd1,P4-10 Fixture Product,,,True,35.000,0.000,Normal
4399,p4_10_fixture_sku_37be14463ae44c83,P4-10 Fixture Product,,,True,20.000,0.000,Normal
4400,p4_10_fixture_sku_58e55229c7e44d4c,P4-10 Fixture Product,,,True,0.000,0.000,OutOfStock
4579,p4_10_fixture_sku_b84b5393b99944e0,P4-10 Fixture Product,,,True,25.000,0.000,Normal
4580,p4_10_fixture_sku_45c14aa5264f4086,P4-10 Fixture Product,,,True,20.000,0.000,Normal
4581,p4_10_fixture_sku_3993799c543843a1,P4-10 Fixture Product,,,True,25.000,0.000,Normal
4582,p4_10_fixture_sku_8493da17865d4d55,P4-10 Fixture Product,,,True,20.000,0.000,Normal
4583,p4_10_fixture_sku_37679897cb284cc1,P4-10 Fixture Product,,,True,2.000,0.000,Normal
4584,p4_10_fixture_sku_acd4fddc502c406b,P4-10 Fixture Product,,,True,20.000,0.000,Normal
4585,p4_10_fixture_sku_4c0cbf119a9549d2,P4-10 Fixture Product,,,True,20.000,0.000,Normal
4586,p4_10_fixture_sku_1832807acdb748d4,P4-10 Fixture Product,,,True,20.000,0.000,Normal
4587,p4_10_fixture_sku_ca17deb9ec18484b,P4-10 Fixture Product,,,True,20.000,0.000,Normal
4588,p4_10_fixture_sku_ac4c1bdd3f97473c,P4-10 Fixture Product,,,True,5.000,0.000,Normal
4589,p4_10_fixture_sku_5ef4c9f27b744b88,P4-10 Fixture Product,,,True,35.000,0.000,Normal
4590,p4_10_fixture_sku_cc3057bf8e394444,P4-10 Fixture Product,,,True,35.000,0.000,Normal
4591,p4_10_fixture_sku_64a68ddb12584efc,P4-10 Fixture Product,,,True,25.000,0.000,Normal
4592,p4_10_fixture_sku_cb9976bb55cd4d83,P4-10 Fixture Product,,,True,5.000,0.000,Normal
4593,p4_10_fixture_sku_d97ab957d35f4ecd,P4-10 Fixture Product,,,True,20.000,0.000,Normal
4594,p4_10_fixture_sku_c71537129e254e5e,P4-10 Fixture Product,,,True,35.000,0.000,Normal
4595,p4_10_fixture_sku_6a6165c1d37d4501,P4-10 Fixture Product,,,True,20.000,0.000,Normal
4596,p4_10_fixture_sku_55a52826b1e1476b,P4-10 Fixture Product,,,True,0.000,0.000,OutOfStock
4775,p4_10_fixture_sku_6d35531b594a4914,P4-10 Fixture Product,,,True,25.000,0.000,Normal
4776,p4_10_fixture_sku_4e72adffe30f4ca2,P4-10 Fixture Product,,,True,20.000,0.000,Normal
4777,p4_10_fixture_sku_79c4e3473ca8473a,P4-10 Fixture Product,,,True,25.000,0.000,Normal
4778,p4_10_fixture_sku_c409c079e5144a08,P4-10 Fixture Product,,,True,20.000,0.000,Normal
4779,p4_10_fixture_sku_698d926d424341ec,P4-10 Fixture Product,,,True,2.000,0.000,Normal
4780,p4_10_fixture_sku_b5da39f4776642fc,P4-10 Fixture Product,,,True,20.000,0.000,Normal
4781,p4_10_fixture_sku_e990580d053a4581,P4-10 Fixture Product,,,True,20.000,0.000,Normal
4782,p4_10_fixture_sku_efad7711add84191,P4-10 Fixture Product,,,True,20.000,0.000,Normal
4783,p4_10_fixture_sku_a49f3828f8604fd7,P4-10 Fixture Product,,,True,20.000,0.000,Normal
4784,p4_10_fixture_sku_6ae33da13f1d47d2,P4-10 Fixture Product,,,True,5.000,0.000,Normal
4785,p4_10_fixture_sku_f7838696dc5748d3,P4-10 Fixture Product,,,True,35.000,0.000,Normal
4786,p4_10_fixture_sku_f263946e7d784d7e,P4-10 Fixture Product,,,True,35.000,0.000,Normal
4787,p4_10_fixture_sku_f09cabe4c77643f1,P4-10 Fixture Product,,,True,25.000,0.000,Normal
4788,p4_10_fixture_sku_e98ab822aa534d64,P4-10 Fixture Product,,,True,5.000,0.000,Normal
4789,p4_10_fixture_sku_d8eec5b496374ce2,P4-10 Fixture Product,,,True,20.000,0.000,Normal
4790,p4_10_fixture_sku_a273552035e94c28,P4-10 Fixture Product,,,True,35.000,0.000,Normal
4791,p4_10_fixture_sku_ef9016b5a3e743ad,P4-10 Fixture Product,,,True,20.000,0.000,Normal
4792,p4_10_fixture_sku_aef9d6665bd840f2,P4-10 Fixture Product,,,True,0.000,0.000,OutOfStock
4975,p4_10_fixture_sku_88ae5b90a3c14d6b,P4-10 Fixture Product,,,True,25.000,0.000,Normal
4976,p4_10_fixture_sku_32fe98c3b5924ddf,P4-10 Fixture Product,,,True,20.000,0.000,Normal
4977,p4_10_fixture_sku_1cbcd5d8d5ec475e,P4-10 Fixture Product,,,True,25.000,0.000,Normal
4978,p4_10_fixture_sku_27ea2bb788f1483b,P4-10 Fixture Product,,,True,20.000,0.000,Normal
4979,p4_10_fixture_sku_abb10f12ebf44381,P4-10 Fixture Product,,,True,2.000,0.000,Normal
4980,p4_10_fixture_sku_fcc52f0b8f334fa9,P4-10 Fixture Product,,,True,20.000,0.000,Normal
4981,p4_10_fixture_sku_9c82f37cc0044f1c,P4-10 Fixture Product,,,True,20.000,0.000,Normal
4982,p4_10_fixture_sku_3d9b3dba73f24fe4,P4-10 Fixture Product,,,True,20.000,0.000,Normal
4983,p4_10_fixture_sku_57c49c16b7ce4ba6,P4-10 Fixture Product,,,True,20.000,0.000,Normal
4984,p4_10_fixture_sku_bda5f1aac6f84809,P4-10 Fixture Product,,,True,5.000,0.000,Normal
4985,p4_10_fixture_sku_a3b79397e64d4089,P4-10 Fixture Product,,,True,35.000,0.000,Normal
4986,p4_10_fixture_sku_7f1d4f51fa2b43f8,P4-10 Fixture Product,,,True,35.000,0.000,Normal
4987,p4_10_fixture_sku_772bae12c53f444b,P4-10 Fixture Product,,,True,25.000,0.000,Normal
4988,p4_10_fixture_sku_6b7abd60f73340d8,P4-10 Fixture Product,,,True,5.000,0.000,Normal
4989,p4_10_fixture_sku_ac89318ead544e0b,P4-10 Fixture Product,,,True,20.000,0.000,Normal
4990,p4_10_fixture_sku_b563291dd6c34f36,P4-10 Fixture Product,,,True,35.000,0.000,Normal
4991,p4_10_fixture_sku_9b1c2d91e97447b7,P4-10 Fixture Product,,,True,20.000,0.000,Normal
4992,p4_10_fixture_sku_e3c896edbfeb4f77,P4-10 Fixture Product,,,True,0.000,0.000,OutOfStock
5251,p4_10_fixture_sku_2c7f50da35b54bcb,P4-10 Fixture Product,,,True,25.000,0.000,Normal
5252,p4_10_fixture_sku_1bf59877be814471,P4-10 Fixture Product,,,True,20.000,0.000,Normal
5253,p4_10_fixture_sku_ebb72fe21c8f4c70,P4-10 Fixture Product,,,True,25.000,0.000,Normal
5254,p4_10_fixture_sku_4f49bd349efd4fc6,P4-10 Fixture Product,,,True,20.000,0.000,Normal
5255,p4_10_fixture_sku_df9ab5091ecc4ace,P4-10 Fixture Product,,,True,2.000,0.000,Normal
5256,p4_10_fixture_sku_c5089295310a4d08,P4-10 Fixture Product,,,True,20.000,0.000,Normal
5257,p4_10_fixture_sku_12c65a1f473747e3,P4-10 Fixture Product,,,True,20.000,0.000,Normal
5258,p4_10_fixture_sku_ca2b8ade39d242a5,P4-10 Fixture Product,,,True,20.000,0.000,Normal
5259,p4_10_fixture_sku_1e4524f76ca048e7,P4-10 Fixture Product,,,True,20.000,0.000,Normal
5260,p4_10_fixture_sku_5a3678a38ec0467d,P4-10 Fixture Product,,,True,5.000,0.000,Normal
5261,p4_10_fixture_sku_7a97207581ce4306,P4-10 Fixture Product,,,True,35.000,0.000,Normal
5262,p4_10_fixture_sku_8e92e80cc1174d59,P4-10 Fixture Product,,,True,35.000,0.000,Normal
5263,p4_10_fixture_sku_04c2fb2691e048ca,P4-10 Fixture Product,,,True,25.000,0.000,Normal
5264,p4_10_fixture_sku_8c048f766f3e49ca,P4-10 Fixture Product,,,True,5.000,0.000,Normal
5265,p4_10_fixture_sku_22e64168da424616,P4-10 Fixture Product,,,True,20.000,0.000,Normal
5266,p4_10_fixture_sku_9da1317a3e964a68,P4-10 Fixture Product,,,True,35.000,0.000,Normal
5267,p4_10_fixture_sku_ae57d5053ab64bee,P4-10 Fixture Product,,,True,20.000,0.000,Normal
5268,p4_10_fixture_sku_40589566fbfe4476,P4-10 Fixture Product,,,True,0.000,0.000,OutOfStock
5482,p4_10_fixture_sku_651331df5cdd4f9e,P4-10 Fixture Product,,,True,25.000,0.000,Normal
5483,p4_10_fixture_sku_2445d3c07e724a82,P4-10 Fixture Product,,,True,20.000,0.000,Normal
5484,p4_10_fixture_sku_e967b740889f46a2,P4-10 Fixture Product,,,True,25.000,0.000,Normal
5485,p4_10_fixture_sku_ace18cc901224a23,P4-10 Fixture Product,,,True,20.000,0.000,Normal
5486,p4_10_fixture_sku_68268b2d8a4f4c70,P4-10 Fixture Product,,,True,2.000,0.000,Normal
5487,p4_10_fixture_sku_5c1a16c168fa4aae,P4-10 Fixture Product,,,True,20.000,0.000,Normal
5488,p4_10_fixture_sku_30b0f73951104a0b,P4-10 Fixture Product,,,True,20.000,0.000,Normal
5489,p4_10_fixture_sku_3f95e8f56f1246fe,P4-10 Fixture Product,,,True,20.000,0.000,Normal
5490,p4_10_fixture_sku_56a24b32845348cd,P4-10 Fixture Product,,,True,20.000,0.000,Normal
5491,p4_10_fixture_sku_0f833b5a3ddc4acd,P4-10 Fixture Product,,,True,5.000,0.000,Normal
5492,p4_10_fixture_sku_5056d0d336a44d7f,P4-10 Fixture Product,,,True,35.000,0.000,Normal
5493,p4_10_fixture_sku_42f21b36e5b74232,P4-10 Fixture Product,,,True,35.000,0.000,Normal
5494,p4_10_fixture_sku_9aca0f6d16484853,P4-10 Fixture Product,,,True,25.000,0.000,Normal
5495,p4_10_fixture_sku_4e987444bbc6429e,P4-10 Fixture Product,,,True,5.000,0.000,Normal
5496,p4_10_fixture_sku_bdc8176ce3b940e6,P4-10 Fixture Product,,,True,20.000,0.000,Normal
5497,p4_10_fixture_sku_58965ce6c2f4429d,P4-10 Fixture Product,,,True,35.000,0.000,Normal
5498,p4_10_fixture_sku_b7949255ac964d2a,P4-10 Fixture Product,,,True,20.000,0.000,Normal
5499,p4_10_fixture_sku_8b5a5e806f774260,P4-10 Fixture Product,,,True,0.000,0.000,OutOfStock
5751,p4_10_fixture_sku_b8bd0659d33b42ce,P4-10 Fixture Product,,,True,25.000,0.000,Normal
5752,p4_10_fixture_sku_2835595f92414a09,P4-10 Fixture Product,,,True,20.000,0.000,Normal
5753,p4_10_fixture_sku_b2b5b7a518454e38,P4-10 Fixture Product,,,True,25.000,0.000,Normal
5754,p4_10_fixture_sku_c73808aa9cb64be7,P4-10 Fixture Product,,,True,20.000,0.000,Normal
5755,p4_10_fixture_sku_979fd6541761462d,P4-10 Fixture Product,,,True,2.000,0.000,Normal
5756,p4_10_fixture_sku_4ce2e59e96464a74,P4-10 Fixture Product,,,True,20.000,0.000,Normal
5757,p4_10_fixture_sku_eb02025198244968,P4-10 Fixture Product,,,True,20.000,0.000,Normal
5758,p4_10_fixture_sku_5c1e352f921644a2,P4-10 Fixture Product,,,True,20.000,0.000,Normal
5759,p4_10_fixture_sku_f5916209d8a54850,P4-10 Fixture Product,,,True,20.000,0.000,Normal
5760,p4_10_fixture_sku_123b84678d334255,P4-10 Fixture Product,,,True,5.000,0.000,Normal
5761,p4_10_fixture_sku_ce6f1845ad2d4836,P4-10 Fixture Product,,,True,35.000,0.000,Normal
5762,p4_10_fixture_sku_d645039bccce4984,P4-10 Fixture Product,,,True,35.000,0.000,Normal
5763,p4_10_fixture_sku_a535268ab9974fcd,P4-10 Fixture Product,,,True,25.000,0.000,Normal
5764,p4_10_fixture_sku_d5683520bf484487,P4-10 Fixture Product,,,True,5.000,0.000,Normal
5765,p4_10_fixture_sku_d64dc2f2fc4a457c,P4-10 Fixture Product,,,True,20.000,0.000,Normal
5766,p4_10_fixture_sku_8a86fd307fa84043,P4-10 Fixture Product,,,True,35.000,0.000,Normal
5767,p4_10_fixture_sku_0a520ad77b504b22,P4-10 Fixture Product,,,True,20.000,0.000,Normal
5768,p4_10_fixture_sku_9685405222e14e73,P4-10 Fixture Product,,,True,0.000,0.000,OutOfStock
6005,p4_10_fixture_sku_e2e0c2c855db4cdc,P4-10 Fixture Product,,,True,25.000,0.000,Normal
6006,p4_10_fixture_sku_888396a287824460,P4-10 Fixture Product,,,True,20.000,0.000,Normal
6007,p4_10_fixture_sku_31857253470148c2,P4-10 Fixture Product,,,True,25.000,0.000,Normal
6008,p4_10_fixture_sku_aa15d18436ac4a46,P4-10 Fixture Product,,,True,20.000,0.000,Normal
6009,p4_10_fixture_sku_48e0c5ca5e1c43be,P4-10 Fixture Product,,,True,2.000,0.000,Normal
6010,p4_10_fixture_sku_6a00bb41ea4941af,P4-10 Fixture Product,,,True,20.000,0.000,Normal
6011,p4_10_fixture_sku_0d2e51933d724f35,P4-10 Fixture Product,,,True,20.000,0.000,Normal
6012,p4_10_fixture_sku_dda25e6cd80f486b,P4-10 Fixture Product,,,True,20.000,0.000,Normal
6013,p4_10_fixture_sku_a329918cc37a452e,P4-10 Fixture Product,,,True,20.000,0.000,Normal
6014,p4_10_fixture_sku_bfbb179d915b48a4,P4-10 Fixture Product,,,True,5.000,0.000,Normal
6015,p4_10_fixture_sku_2d7ed5e4282b4508,P4-10 Fixture Product,,,True,35.000,0.000,Normal
6016,p4_10_fixture_sku_db467d64a21d4c17,P4-10 Fixture Product,,,True,35.000,0.000,Normal
6017,p4_10_fixture_sku_fcb9c77db0444dce,P4-10 Fixture Product,,,True,25.000,0.000,Normal
6018,p4_10_fixture_sku_ae3ebd1f921e41e8,P4-10 Fixture Product,,,True,5.000,0.000,Normal
6019,p4_10_fixture_sku_5e19000a1c0e4e8c,P4-10 Fixture Product,,,True,20.000,0.000,Normal
6020,p4_10_fixture_sku_95ce678d4cb94938,P4-10 Fixture Product,,,True,35.000,0.000,Normal
6021,p4_10_fixture_sku_4b5d0a51a6a246cc,P4-10 Fixture Product,,,True,20.000,0.000,Normal
6022,p4_10_fixture_sku_6f243f1bf8344010,P4-10 Fixture Product,,,True,0.000,0.000,OutOfStock
6245,p4_10_fixture_sku_efa606146c934c74,P4-10 Fixture Product,,,True,25.000,0.000,Normal
6246,p4_10_fixture_sku_b2dbd207e1224cc8,P4-10 Fixture Product,,,True,20.000,0.000,Normal
6247,p4_10_fixture_sku_e95bf7075f764a4a,P4-10 Fixture Product,,,True,25.000,0.000,Normal
6248,p4_10_fixture_sku_4788817986a64222,P4-10 Fixture Product,,,True,20.000,0.000,Normal
6249,p4_10_fixture_sku_ef0743178a1343cb,P4-10 Fixture Product,,,True,2.000,0.000,Normal
6250,p4_10_fixture_sku_0867426a449749a5,P4-10 Fixture Product,,,True,20.000,0.000,Normal
6251,p4_10_fixture_sku_aec50f31e4be48f1,P4-10 Fixture Product,,,True,20.000,0.000,Normal
6252,p4_10_fixture_sku_3e4ea519b4af4359,P4-10 Fixture Product,,,True,20.000,0.000,Normal
6253,p4_10_fixture_sku_773e67d53f324ac6,P4-10 Fixture Product,,,True,20.000,0.000,Normal
6254,p4_10_fixture_sku_416f6195fc8743fc,P4-10 Fixture Product,,,True,5.000,0.000,Normal
6255,p4_10_fixture_sku_327fc492ee154a4d,P4-10 Fixture Product,,,True,35.000,0.000,Normal
6256,p4_10_fixture_sku_cf2e4b6e3376481f,P4-10 Fixture Product,,,True,35.000,0.000,Normal
6257,p4_10_fixture_sku_493eb03e1ce7413c,P4-10 Fixture Product,,,True,25.000,0.000,Normal
6258,p4_10_fixture_sku_7747ed3cc0494027,P4-10 Fixture Product,,,True,5.000,0.000,Normal
6259,p4_10_fixture_sku_7577127295a94144,P4-10 Fixture Product,,,True,20.000,0.000,Normal
6260,p4_10_fixture_sku_4e116516dd7343af,P4-10 Fixture Product,,,True,35.000,0.000,Normal
6261,p4_10_fixture_sku_e7956a9f8f06492a,P4-10 Fixture Product,,,True,20.000,0.000,Normal
6262,p4_10_fixture_sku_0fda1ce416734664,P4-10 Fixture Product,,,True,0.000,0.000,OutOfStock
6492,p4_10_fixture_sku_bd8d620a804e4a69,P4-10 Fixture Product,,,True,25.000,0.000,Normal
6493,p4_10_fixture_sku_162eb16b969d4078,P4-10 Fixture Product,,,True,20.000,0.000,Normal
6494,p4_10_fixture_sku_47d47f279770478d,P4-10 Fixture Product,,,True,25.000,0.000,Normal
6495,p4_10_fixture_sku_3fe5c975135044e0,P4-10 Fixture Product,,,True,20.000,0.000,Normal
6496,p4_10_fixture_sku_f4ece5b86b094fee,P4-10 Fixture Product,,,True,2.000,0.000,Normal
6497,p4_10_fixture_sku_cab2b20af21249af,P4-10 Fixture Product,,,True,20.000,0.000,Normal
6498,p4_10_fixture_sku_3a3d448bec724740,P4-10 Fixture Product,,,True,20.000,0.000,Normal
6499,p4_10_fixture_sku_0da1884f9d364629,P4-10 Fixture Product,,,True,20.000,0.000,Normal
6500,p4_10_fixture_sku_001102667c3042e3,P4-10 Fixture Product,,,True,20.000,0.000,Normal
6501,p4_10_fixture_sku_a99f2be99b7242d4,P4-10 Fixture Product,,,True,5.000,0.000,Normal
6502,p4_10_fixture_sku_9b20a9ad963441f3,P4-10 Fixture Product,,,True,35.000,0.000,Normal
6503,p4_10_fixture_sku_bdbe8e40b35d48d9,P4-10 Fixture Product,,,True,35.000,0.000,Normal
6504,p4_10_fixture_sku_3054314cd17f48ff,P4-10 Fixture Product,,,True,25.000,0.000,Normal
6505,p4_10_fixture_sku_f58eed12e5254bba,P4-10 Fixture Product,,,True,5.000,0.000,Normal
6506,p4_10_fixture_sku_623b76327db84dd2,P4-10 Fixture Product,,,True,20.000,0.000,Normal
6507,p4_10_fixture_sku_98fa9366da0d4a3f,P4-10 Fixture Product,,,True,35.000,0.000,Normal
6508,p4_10_fixture_sku_a86b8f49ec234d1a,P4-10 Fixture Product,,,True,20.000,0.000,Normal
6509,p4_10_fixture_sku_ef773ca78e914416,P4-10 Fixture Product,,,True,0.000,0.000,OutOfStock
6735,p4_10_fixture_sku_80ef564a67634a99,P4-10 Fixture Product,,,True,25.000,0.000,Normal
6736,p4_10_fixture_sku_71d6a3cbeba14404,P4-10 Fixture Product,,,True,20.000,0.000,Normal
6737,p4_10_fixture_sku_7ba6a60ef5ba4c8d,P4-10 Fixture Product,,,True,25.000,0.000,Normal
6738,p4_10_fixture_sku_54ff77f29e9b4230,P4-10 Fixture Product,,,True,20.000,0.000,Normal
6739,p4_10_fixture_sku_e2c8b6fce87648a2,P4-10 Fixture Product,,,True,2.000,0.000,Normal
6740,p4_10_fixture_sku_af2d552e37f44b64,P4-10 Fixture Product,,,True,20.000,0.000,Normal
6741,p4_10_fixture_sku_f311fa1178ef4398,P4-10 Fixture Product,,,True,20.000,0.000,Normal
6742,p4_10_fixture_sku_2deeff5f96db4649,P4-10 Fixture Product,,,True,20.000,0.000,Normal
6743,p4_10_fixture_sku_d3f20a047b454ca1,P4-10 Fixture Product,,,True,20.000,0.000,Normal
6744,p4_10_fixture_sku_9c018d27ed7d474f,P4-10 Fixture Product,,,True,5.000,0.000,Normal
6745,p4_10_fixture_sku_780ffae10b1a4f36,P4-10 Fixture Product,,,True,35.000,0.000,Normal
6746,p4_10_fixture_sku_0c2026468c88432d,P4-10 Fixture Product,,,True,35.000,0.000,Normal
6747,p4_10_fixture_sku_c902150bd7904435,P4-10 Fixture Product,,,True,25.000,0.000,Normal
6748,p4_10_fixture_sku_ecf976de7741424f,P4-10 Fixture Product,,,True,5.000,0.000,Normal
6749,p4_10_fixture_sku_40778302f6ed478d,P4-10 Fixture Product,,,True,20.000,0.000,Normal
6750,p4_10_fixture_sku_9c4e5e49324a41d0,P4-10 Fixture Product,,,True,35.000,0.000,Normal
6751,p4_10_fixture_sku_a7efbfc9fdbd41b2,P4-10 Fixture Product,,,True,20.000,0.000,Normal
6752,p4_10_fixture_sku_9a711a30b6df4f0f,P4-10 Fixture Product,,,True,0.000,0.000,OutOfStock
7043,p4_10_fixture_sku_f169a0ffa69a496e,P4-10 Fixture Product,,,True,25.000,0.000,Normal
7044,p4_10_fixture_sku_e6cb586baff44a83,P4-10 Fixture Product,,,True,20.000,0.000,Normal
7045,p4_10_fixture_sku_f8c7a4b722874984,P4-10 Fixture Product,,,True,25.000,0.000,Normal
7046,p4_10_fixture_sku_9f9647bddbcb4706,P4-10 Fixture Product,,,True,20.000,0.000,Normal
7047,p4_10_fixture_sku_36ee7850c7ca480e,P4-10 Fixture Product,,,True,2.000,0.000,Normal
7048,p4_10_fixture_sku_ef58f04ebdbc43fb,P4-10 Fixture Product,,,True,20.000,0.000,Normal
7049,p4_10_fixture_sku_3f82b81f61aa42c3,P4-10 Fixture Product,,,True,20.000,0.000,Normal
7050,p4_10_fixture_sku_d74428b860054bb9,P4-10 Fixture Product,,,True,20.000,0.000,Normal
7051,p4_10_fixture_sku_4546757b051d4920,P4-10 Fixture Product,,,True,20.000,0.000,Normal
7052,p4_10_fixture_sku_7276d7990dfb4461,P4-10 Fixture Product,,,True,5.000,0.000,Normal
7053,p4_10_fixture_sku_4f24cd9140234056,P4-10 Fixture Product,,,True,35.000,0.000,Normal
7054,p4_10_fixture_sku_df72b1e78fcc4672,P4-10 Fixture Product,,,True,35.000,0.000,Normal
7055,p4_10_fixture_sku_f3b5078cf6654d61,P4-10 Fixture Product,,,True,25.000,0.000,Normal
7056,p4_10_fixture_sku_4c83da705b314957,P4-10 Fixture Product,,,True,5.000,0.000,Normal
7057,p4_10_fixture_sku_1b0d2e892f9f4c46,P4-10 Fixture Product,,,True,20.000,0.000,Normal
7058,p4_10_fixture_sku_8784bf1a34f64d30,P4-10 Fixture Product,,,True,35.000,0.000,Normal
7059,p4_10_fixture_sku_89bc8e95b1314115,P4-10 Fixture Product,,,True,20.000,0.000,Normal
7060,p4_10_fixture_sku_ee218792bb414669,P4-10 Fixture Product,,,True,0.000,0.000,OutOfStock
7314,p4_10_fixture_sku_b7c896059c8f4f8f,P4-10 Fixture Product,,,True,25.000,0.000,Normal
7315,p4_10_fixture_sku_2e397f7260c24fc2,P4-10 Fixture Product,,,True,20.000,0.000,Normal
7316,p4_10_fixture_sku_633fd28c9cd74649,P4-10 Fixture Product,,,True,25.000,0.000,Normal
7317,p4_10_fixture_sku_d57945f36cc44f78,P4-10 Fixture Product,,,True,20.000,0.000,Normal
7318,p4_10_fixture_sku_451d17776d784484,P4-10 Fixture Product,,,True,2.000,0.000,Normal
7319,p4_10_fixture_sku_93ddd19c55bb45e6,P4-10 Fixture Product,,,True,20.000,0.000,Normal
7320,p4_10_fixture_sku_ada981e066f54b4f,P4-10 Fixture Product,,,True,20.000,0.000,Normal
7321,p4_10_fixture_sku_6d9b1f1e52854c14,P4-10 Fixture Product,,,True,20.000,0.000,Normal
7322,p4_10_fixture_sku_efc89049d3c1423f,P4-10 Fixture Product,,,True,20.000,0.000,Normal
7323,p4_10_fixture_sku_f3322f075cd34beb,P4-10 Fixture Product,,,True,5.000,0.000,Normal
7324,p4_10_fixture_sku_88d448af3096483d,P4-10 Fixture Product,,,True,35.000,0.000,Normal
7325,p4_10_fixture_sku_ae1d794cdca64c22,P4-10 Fixture Product,,,True,35.000,0.000,Normal
7326,p4_10_fixture_sku_6d850546ca9d4490,P4-10 Fixture Product,,,True,25.000,0.000,Normal
7327,p4_10_fixture_sku_3d13b7d919494ef9,P4-10 Fixture Product,,,True,5.000,0.000,Normal
7328,p4_10_fixture_sku_cc77dace3ddd4f56,P4-10 Fixture Product,,,True,20.000,0.000,Normal
7329,p4_10_fixture_sku_99949f7a25734cfe,P4-10 Fixture Product,,,True,35.000,0.000,Normal
7330,p4_10_fixture_sku_6e80556431fd4fb0,P4-10 Fixture Product,,,True,20.000,0.000,Normal
7331,p4_10_fixture_sku_9e1d1c89ad364688,P4-10 Fixture Product,,,True,0.000,0.000,OutOfStock
7570,p4_10_fixture_sku_3f393a71ea184ed6,P4-10 Fixture Product,,,True,25.000,0.000,Normal
7571,p4_10_fixture_sku_5adcd2dc7ff34beb,P4-10 Fixture Product,,,True,20.000,0.000,Normal
7572,p4_10_fixture_sku_36c95dd847214696,P4-10 Fixture Product,,,True,25.000,0.000,Normal
7573,p4_10_fixture_sku_8a59b473d5ea4606,P4-10 Fixture Product,,,True,20.000,0.000,Normal
7574,p4_10_fixture_sku_d1b9601e0daa41f7,P4-10 Fixture Product,,,True,2.000,0.000,Normal
7575,p4_10_fixture_sku_fe4d64f8fd9d4c9e,P4-10 Fixture Product,,,True,20.000,0.000,Normal
7576,p4_10_fixture_sku_cae63c5df29443f0,P4-10 Fixture Product,,,True,20.000,0.000,Normal
7577,p4_10_fixture_sku_f72e21168ff345c4,P4-10 Fixture Product,,,True,20.000,0.000,Normal
7578,p4_10_fixture_sku_f8775f8b778e4c33,P4-10 Fixture Product,,,True,20.000,0.000,Normal
7579,p4_10_fixture_sku_16cdd038d35f4f50,P4-10 Fixture Product,,,True,5.000,0.000,Normal
7580,p4_10_fixture_sku_f57f1ccd3a094081,P4-10 Fixture Product,,,True,35.000,0.000,Normal
7581,p4_10_fixture_sku_568320431eb749cc,P4-10 Fixture Product,,,True,35.000,0.000,Normal
7582,p4_10_fixture_sku_3889313dac2e4af0,P4-10 Fixture Product,,,True,25.000,0.000,Normal
7583,p4_10_fixture_sku_d723cc53e07b487b,P4-10 Fixture Product,,,True,5.000,0.000,Normal
7584,p4_10_fixture_sku_eaaa357b9a3f4424,P4-10 Fixture Product,,,True,20.000,0.000,Normal
7585,p4_10_fixture_sku_68e054232e1f4061,P4-10 Fixture Product,,,True,35.000,0.000,Normal
7586,p4_10_fixture_sku_acc7c6781efd4da4,P4-10 Fixture Product,,,True,20.000,0.000,Normal
7587,p4_10_fixture_sku_c9c44b7609434276,P4-10 Fixture Product,,,True,0.000,0.000,OutOfStock
7826,p4_10_fixture_sku_c7ffc557ccf7434c,P4-10 Fixture Product,,,True,25.000,0.000,Normal
7827,p4_10_fixture_sku_d9db74184db84d3c,P4-10 Fixture Product,,,True,20.000,0.000,Normal
7828,p4_10_fixture_sku_8972b068e2844701,P4-10 Fixture Product,,,True,25.000,0.000,Normal
7829,p4_10_fixture_sku_bf27833335c741ab,P4-10 Fixture Product,,,True,20.000,0.000,Normal
7830,p4_10_fixture_sku_cc9f078b9282407c,P4-10 Fixture Product,,,True,2.000,0.000,Normal
7831,p4_10_fixture_sku_769540b9215a42de,P4-10 Fixture Product,,,True,20.000,0.000,Normal
7832,p4_10_fixture_sku_9e77c97bf1ce4108,P4-10 Fixture Product,,,True,20.000,0.000,Normal
7833,p4_10_fixture_sku_98fffbb9216e4931,P4-10 Fixture Product,,,True,20.000,0.000,Normal
7834,p4_10_fixture_sku_65c6e6f0ad01469f,P4-10 Fixture Product,,,True,20.000,0.000,Normal
7835,p4_10_fixture_sku_34c5a055e7eb4571,P4-10 Fixture Product,,,True,5.000,0.000,Normal
7836,p4_10_fixture_sku_7f657a22635747f4,P4-10 Fixture Product,,,True,35.000,0.000,Normal
7837,p4_10_fixture_sku_c8a44e121c904557,P4-10 Fixture Product,,,True,35.000,0.000,Normal
7838,p4_10_fixture_sku_f3278ace90464697,P4-10 Fixture Product,,,True,25.000,0.000,Normal
7839,p4_10_fixture_sku_6311ab7007414fe2,P4-10 Fixture Product,,,True,5.000,0.000,Normal
7840,p4_10_fixture_sku_524444df4d0b482f,P4-10 Fixture Product,,,True,20.000,0.000,Normal
7841,p4_10_fixture_sku_c94b1d7985d94e1d,P4-10 Fixture Product,,,True,35.000,0.000,Normal
7842,p4_10_fixture_sku_32c6e897c45343e1,P4-10 Fixture Product,,,True,20.000,0.000,Normal
7843,p4_10_fixture_sku_3713adca95534885,P4-10 Fixture Product,,,True,0.000,0.000,OutOfStock
8082,p4_10_fixture_sku_a346aeedb9b5481a,P4-10 Fixture Product,,,True,25.000,0.000,Normal
8083,p4_10_fixture_sku_7b52f2b18acd4b30,P4-10 Fixture Product,,,True,20.000,0.000,Normal
8084,p4_10_fixture_sku_af4576068cdf4f77,P4-10 Fixture Product,,,True,25.000,0.000,Normal
8085,p4_10_fixture_sku_fc74bd75aace4aba,P4-10 Fixture Product,,,True,20.000,0.000,Normal
8086,p4_10_fixture_sku_27edb13afee4405f,P4-10 Fixture Product,,,True,2.000,0.000,Normal
8087,p4_10_fixture_sku_b1999d6424734237,P4-10 Fixture Product,,,True,20.000,0.000,Normal
8088,p4_10_fixture_sku_22aa712c64184616,P4-10 Fixture Product,,,True,20.000,0.000,Normal
8089,p4_10_fixture_sku_70afaddfb781471e,P4-10 Fixture Product,,,True,20.000,0.000,Normal
8090,p4_10_fixture_sku_1f1fc05c60c74358,P4-10 Fixture Product,,,True,20.000,0.000,Normal
8091,p4_10_fixture_sku_3ba3c3296b7e42c1,P4-10 Fixture Product,,,True,5.000,0.000,Normal
8092,p4_10_fixture_sku_a8626018914943e2,P4-10 Fixture Product,,,True,35.000,0.000,Normal
8093,p4_10_fixture_sku_3788eb78c6c540f1,P4-10 Fixture Product,,,True,35.000,0.000,Normal
8094,p4_10_fixture_sku_10ea069eb309453a,P4-10 Fixture Product,,,True,25.000,0.000,Normal
8095,p4_10_fixture_sku_4782d7435c584ffb,P4-10 Fixture Product,,,True,5.000,0.000,Normal
8096,p4_10_fixture_sku_69155ef937744f9a,P4-10 Fixture Product,,,True,20.000,0.000,Normal
8097,p4_10_fixture_sku_5855c80fe1e04e94,P4-10 Fixture Product,,,True,35.000,0.000,Normal
8098,p4_10_fixture_sku_a3cdc8810e1a4573,P4-10 Fixture Product,,,True,20.000,0.000,Normal
8099,p4_10_fixture_sku_d32452d45da0440b,P4-10 Fixture Product,,,True,0.000,0.000,OutOfStock
8338,p4_10_fixture_sku_3cb9680470bc4ffe,P4-10 Fixture Product,,,True,25.000,0.000,Normal
8339,p4_10_fixture_sku_cd774bdb25c8421d,P4-10 Fixture Product,,,True,20.000,0.000,Normal
8340,p4_10_fixture_sku_24e89294bcb145ce,P4-10 Fixture Product,,,True,25.000,0.000,Normal
8341,p4_10_fixture_sku_e1df7107266049c9,P4-10 Fixture Product,,,True,20.000,0.000,Normal
8342,p4_10_fixture_sku_f00a07d972ff4f43,P4-10 Fixture Product,,,True,2.000,0.000,Normal
8343,p4_10_fixture_sku_ed06f193befb4157,P4-10 Fixture Product,,,True,20.000,0.000,Normal
8344,p4_10_fixture_sku_fc9e10ec3a6e4fac,P4-10 Fixture Product,,,True,20.000,0.000,Normal
8345,p4_10_fixture_sku_efa639ccccc5435f,P4-10 Fixture Product,,,True,20.000,0.000,Normal
8346,p4_10_fixture_sku_2d4e4d2be76d48fd,P4-10 Fixture Product,,,True,20.000,0.000,Normal
8347,p4_10_fixture_sku_e587d169afcf4b86,P4-10 Fixture Product,,,True,5.000,0.000,Normal
8348,p4_10_fixture_sku_1a04859dd0184971,P4-10 Fixture Product,,,True,35.000,0.000,Normal
8349,p4_10_fixture_sku_7ee36b9f176c4dbc,P4-10 Fixture Product,,,True,35.000,0.000,Normal
8350,p4_10_fixture_sku_813bacc190044fd8,P4-10 Fixture Product,,,True,25.000,0.000,Normal
8351,p4_10_fixture_sku_b52bd43dbe174512,P4-10 Fixture Product,,,True,5.000,0.000,Normal
8352,p4_10_fixture_sku_da5bfb5a348240b7,P4-10 Fixture Product,,,True,20.000,0.000,Normal
8353,p4_10_fixture_sku_ab2aea3936894008,P4-10 Fixture Product,,,True,35.000,0.000,Normal
8354,p4_10_fixture_sku_99165bf1ab84406d,P4-10 Fixture Product,,,True,20.000,0.000,Normal
8355,p4_10_fixture_sku_6d5b809541eb4371,P4-10 Fixture Product,,,True,0.000,0.000,OutOfStock
8594,p4_10_fixture_sku_08c6e37a3b944fd1,P4-10 Fixture Product,,,True,25.000,0.000,Normal
8595,p4_10_fixture_sku_8b3a38336d874d45,P4-10 Fixture Product,,,True,20.000,0.000,Normal
8596,p4_10_fixture_sku_ac8b88387a4e4143,P4-10 Fixture Product,,,True,25.000,0.000,Normal
8597,p4_10_fixture_sku_b8755e5c35fb43c5,P4-10 Fixture Product,,,True,20.000,0.000,Normal
8598,p4_10_fixture_sku_dd6a77b36380400f,P4-10 Fixture Product,,,True,2.000,0.000,Normal
8599,p4_10_fixture_sku_a680f403e84a4f81,P4-10 Fixture Product,,,True,20.000,0.000,Normal
8600,p4_10_fixture_sku_2d20c14a525241aa,P4-10 Fixture Product,,,True,20.000,0.000,Normal
8601,p4_10_fixture_sku_317693a55132436b,P4-10 Fixture Product,,,True,20.000,0.000,Normal
8602,p4_10_fixture_sku_ffb909760c6a449e,P4-10 Fixture Product,,,True,20.000,0.000,Normal
8603,p4_10_fixture_sku_c097cb31d80e4904,P4-10 Fixture Product,,,True,5.000,0.000,Normal
8604,p4_10_fixture_sku_369945884f7d4292,P4-10 Fixture Product,,,True,35.000,0.000,Normal
8605,p4_10_fixture_sku_db2a4b4d224b4c50,P4-10 Fixture Product,,,True,35.000,0.000,Normal
8606,p4_10_fixture_sku_f249dee4a7674126,P4-10 Fixture Product,,,True,25.000,0.000,Normal
8607,p4_10_fixture_sku_42b580d047214503,P4-10 Fixture Product,,,True,5.000,0.000,Normal
8608,p4_10_fixture_sku_80f7ce9c2b8f4e15,P4-10 Fixture Product,,,True,20.000,0.000,Normal
8609,p4_10_fixture_sku_d84d4b827b844ef7,P4-10 Fixture Product,,,True,35.000,0.000,Normal
8610,p4_10_fixture_sku_477b440957fe4dcd,P4-10 Fixture Product,,,True,20.000,0.000,Normal
8611,p4_10_fixture_sku_fa8d150b01d144da,P4-10 Fixture Product,,,True,0.000,0.000,OutOfStock
8850,p4_10_fixture_sku_e41ee169146f4045,P4-10 Fixture Product,,,True,25.000,0.000,Normal
8851,p4_10_fixture_sku_53039fd7798a4901,P4-10 Fixture Product,,,True,20.000,0.000,Normal
8852,p4_10_fixture_sku_f60fc03b87284d4f,P4-10 Fixture Product,,,True,25.000,0.000,Normal
8853,p4_10_fixture_sku_805de6cfd7df4430,P4-10 Fixture Product,,,True,20.000,0.000,Normal
8854,p4_10_fixture_sku_1fe76a4f05e3415c,P4-10 Fixture Product,,,True,2.000,0.000,Normal
8855,p4_10_fixture_sku_11caffac3910474f,P4-10 Fixture Product,,,True,20.000,0.000,Normal
8856,p4_10_fixture_sku_09edb6728efc4cfe,P4-10 Fixture Product,,,True,20.000,0.000,Normal
8857,p4_10_fixture_sku_58b8999283f14c57,P4-10 Fixture Product,,,True,20.000,0.000,Normal
8858,p4_10_fixture_sku_750e2a5be0c24433,P4-10 Fixture Product,,,True,20.000,0.000,Normal
8859,p4_10_fixture_sku_d2e29441bbb646a8,P4-10 Fixture Product,,,True,5.000,0.000,Normal
8860,p4_10_fixture_sku_14c9ff068f054b26,P4-10 Fixture Product,,,True,35.000,0.000,Normal
8861,p4_10_fixture_sku_069e95118a2f466b,P4-10 Fixture Product,,,True,35.000,0.000,Normal
8862,p4_10_fixture_sku_fc312b2605894bba,P4-10 Fixture Product,,,True,25.000,0.000,Normal
8863,p4_10_fixture_sku_2164c9de969546ec,P4-10 Fixture Product,,,True,5.000,0.000,Normal
8864,p4_10_fixture_sku_1190cf2bf1ef44b8,P4-10 Fixture Product,,,True,20.000,0.000,Normal
8865,p4_10_fixture_sku_54616698d66449db,P4-10 Fixture Product,,,True,35.000,0.000,Normal
8866,p4_10_fixture_sku_0880033ea3054c94,P4-10 Fixture Product,,,True,20.000,0.000,Normal
8867,p4_10_fixture_sku_834d03d16edd43a1,P4-10 Fixture Product,,,True,0.000,0.000,OutOfStock
9106,p4_10_fixture_sku_38e74bd8334d46b8,P4-10 Fixture Product,,,True,25.000,0.000,Normal
9107,p4_10_fixture_sku_98cf7bb46709426b,P4-10 Fixture Product,,,True,20.000,0.000,Normal
9108,p4_10_fixture_sku_a0b8f7c65ba24243,P4-10 Fixture Product,,,True,25.000,0.000,Normal
9109,p4_10_fixture_sku_bfd33f49505540f0,P4-10 Fixture Product,,,True,20.000,0.000,Normal
9110,p4_10_fixture_sku_aa68fe10c70a4c5f,P4-10 Fixture Product,,,True,2.000,0.000,Normal
9111,p4_10_fixture_sku_f2537486d42742b8,P4-10 Fixture Product,,,True,20.000,0.000,Normal
9112,p4_10_fixture_sku_29c392a893d543c2,P4-10 Fixture Product,,,True,20.000,0.000,Normal
9113,p4_10_fixture_sku_4cf790b5cc8242bd,P4-10 Fixture Product,,,True,20.000,0.000,Normal
9114,p4_10_fixture_sku_6579de5e5841487b,P4-10 Fixture Product,,,True,20.000,0.000,Normal
9115,p4_10_fixture_sku_aa35a399f6f64fef,P4-10 Fixture Product,,,True,5.000,0.000,Normal
9116,p4_10_fixture_sku_0c7950628b534f44,P4-10 Fixture Product,,,True,35.000,0.000,Normal
9117,p4_10_fixture_sku_f7488cd9f7ef472c,P4-10 Fixture Product,,,True,35.000,0.000,Normal
9118,p4_10_fixture_sku_a04c6d63b77740ab,P4-10 Fixture Product,,,True,25.000,0.000,Normal
9119,p4_10_fixture_sku_99c7762009c64c37,P4-10 Fixture Product,,,True,5.000,0.000,Normal
9120,p4_10_fixture_sku_98bd2cf3d0d746c1,P4-10 Fixture Product,,,True,20.000,0.000,Normal
9121,p4_10_fixture_sku_f067f7b5c7e1421e,P4-10 Fixture Product,,,True,35.000,0.000,Normal
9122,p4_10_fixture_sku_05627a3f7db34933,P4-10 Fixture Product,,,True,20.000,0.000,Normal
9123,p4_10_fixture_sku_4897b39a6a374c5d,P4-10 Fixture Product,,,True,0.000,0.000,OutOfStock
9379,p4_10_fixture_sku_c8b66046dfb84074,P4-10 Fixture Product,,,True,25.000,0.000,Normal
9380,p4_10_fixture_sku_669f639e782049e7,P4-10 Fixture Product,,,True,20.000,0.000,Normal
9381,p4_10_fixture_sku_432f871854ab4590,P4-10 Fixture Product,,,True,25.000,0.000,Normal
9382,p4_10_fixture_sku_645b23b929834d64,P4-10 Fixture Product,,,True,20.000,0.000,Normal
9383,p4_10_fixture_sku_c292d0ccefdd4403,P4-10 Fixture Product,,,True,2.000,0.000,Normal
9384,p4_10_fixture_sku_e0f198ff5db84dab,P4-10 Fixture Product,,,True,20.000,0.000,Normal
9385,p4_10_fixture_sku_72eeeb2c376b43a8,P4-10 Fixture Product,,,True,20.000,0.000,Normal
9386,p4_10_fixture_sku_f3f416d01bce44c0,P4-10 Fixture Product,,,True,20.000,0.000,Normal
9387,p4_10_fixture_sku_4d4e3a9c0ea54b73,P4-10 Fixture Product,,,True,20.000,0.000,Normal
9388,p4_10_fixture_sku_18ba58b11153428e,P4-10 Fixture Product,,,True,5.000,0.000,Normal
9389,p4_10_fixture_sku_4de38433aed64da9,P4-10 Fixture Product,,,True,35.000,0.000,Normal
9390,p4_10_fixture_sku_4cf12c16c68a46a3,P4-10 Fixture Product,,,True,35.000,0.000,Normal
9391,p4_10_fixture_sku_162de96e7d8c4dd0,P4-10 Fixture Product,,,True,25.000,0.000,Normal
9392,p4_10_fixture_sku_7aa38c40232d498d,P4-10 Fixture Product,,,True,5.000,0.000,Normal
9393,p4_10_fixture_sku_63ba84399df640c9,P4-10 Fixture Product,,,True,20.000,0.000,Normal
9394,p4_10_fixture_sku_9f000dc515a64bc0,P4-10 Fixture Product,,,True,35.000,0.000,Normal
9395,p4_10_fixture_sku_94477a9c5ad6490a,P4-10 Fixture Product,,,True,20.000,0.000,Normal
9396,p4_10_fixture_sku_6bcd63ddda5b4706,P4-10 Fixture Product,,,True,0.000,0.000,OutOfStock
9635,p4_10_fixture_sku_c4979bbad0ec408e,P4-10 Fixture Product,,,True,25.000,0.000,Normal
9636,p4_10_fixture_sku_0239bfbdba784c7d,P4-10 Fixture Product,,,True,20.000,0.000,Normal
9637,p4_10_fixture_sku_e40574edb57740ba,P4-10 Fixture Product,,,True,25.000,0.000,Normal
9638,p4_10_fixture_sku_c67c95faaf72454d,P4-10 Fixture Product,,,True,20.000,0.000,Normal
9639,p4_10_fixture_sku_226a49617d4940b0,P4-10 Fixture Product,,,True,2.000,0.000,Normal
9640,p4_10_fixture_sku_d32295c54a544b80,P4-10 Fixture Product,,,True,20.000,0.000,Normal
9641,p4_10_fixture_sku_0e2f58a0473a4321,P4-10 Fixture Product,,,True,20.000,0.000,Normal
9642,p4_10_fixture_sku_9425373c7de14264,P4-10 Fixture Product,,,True,20.000,0.000,Normal
9643,p4_10_fixture_sku_5732ec8375df4776,P4-10 Fixture Product,,,True,20.000,0.000,Normal
9644,p4_10_fixture_sku_bd8c012ad1fa4665,P4-10 Fixture Product,,,True,5.000,0.000,Normal
9645,p4_10_fixture_sku_36146b1ce71c4442,P4-10 Fixture Product,,,True,35.000,0.000,Normal
9646,p4_10_fixture_sku_07e6845befc0435d,P4-10 Fixture Product,,,True,35.000,0.000,Normal
9647,p4_10_fixture_sku_cc94d6d3aaad44db,P4-10 Fixture Product,,,True,25.000,0.000,Normal
9648,p4_10_fixture_sku_c779552dd12c40d7,P4-10 Fixture Product,,,True,5.000,0.000,Normal
9649,p4_10_fixture_sku_f1c4b1f8ef16489d,P4-10 Fixture Product,,,True,20.000,0.000,Normal
9650,p4_10_fixture_sku_1cee28e6bf404fa6,P4-10 Fixture Product,,,True,35.000,0.000,Normal
9651,p4_10_fixture_sku_4e60311982d548ad,P4-10 Fixture Product,,,True,20.000,0.000,Normal
9652,p4_10_fixture_sku_9b217aee66d749e2,P4-10 Fixture Product,,,True,0.000,0.000,OutOfStock
9891,p4_10_fixture_sku_9c52a477d45545bf,P4-10 Fixture Product,,,True,25.000,0.000,Normal
9892,p4_10_fixture_sku_d0458c61ac574201,P4-10 Fixture Product,,,True,20.000,0.000,Normal
9893,p4_10_fixture_sku_adf8c9fc587f435a,P4-10 Fixture Product,,,True,25.000,0.000,Normal
9894,p4_10_fixture_sku_572fb8ef312f4b89,P4-10 Fixture Product,,,True,20.000,0.000,Normal
9895,p4_10_fixture_sku_72cb079f21874163,P4-10 Fixture Product,,,True,2.000,0.000,Normal
9896,p4_10_fixture_sku_f73cc03302bf4ce7,P4-10 Fixture Product,,,True,20.000,0.000,Normal
9897,p4_10_fixture_sku_c567b92d9dd54b38,P4-10 Fixture Product,,,True,20.000,0.000,Normal
9898,p4_10_fixture_sku_c0a4b44d60a2495a,P4-10 Fixture Product,,,True,20.000,0.000,Normal
9899,p4_10_fixture_sku_d60e07b7b2c74c54,P4-10 Fixture Product,,,True,20.000,0.000,Normal
9900,p4_10_fixture_sku_f8f2c0e87f704860,P4-10 Fixture Product,,,True,5.000,0.000,Normal
9901,p4_10_fixture_sku_f1cd9edc1bc043ea,P4-10 Fixture Product,,,True,35.000,0.000,Normal
9902,p4_10_fixture_sku_0dfcc8cc25b74eb0,P4-10 Fixture Product,,,True,35.000,0.000,Normal
9903,p4_10_fixture_sku_13d089ed34c64f65,P4-10 Fixture Product,,,True,25.000,0.000,Normal
9904,p4_10_fixture_sku_5e5c91e7f7634788,P4-10 Fixture Product,,,True,5.000,0.000,Normal
9905,p4_10_fixture_sku_9280fed7f6204181,P4-10 Fixture Product,,,True,20.000,0.000,Normal
9906,p4_10_fixture_sku_0b185ff9d95b4135,P4-10 Fixture Product,,,True,35.000,0.000,Normal
9907,p4_10_fixture_sku_0c6a0f23de4443af,P4-10 Fixture Product,,,True,20.000,0.000,Normal
9908,p4_10_fixture_sku_b0de110c7dc14fe3,P4-10 Fixture Product,,,True,0.000,0.000,OutOfStock
10157,p4_10_fixture_sku_57be24b027c445a5,P4-10 Fixture Product,,,True,25.000,0.000,Normal
10158,p4_10_fixture_sku_4549fe5d94fe43ed,P4-10 Fixture Product,,,True,20.000,0.000,Normal
10159,p4_10_fixture_sku_6fcd13aa543f424d,P4-10 Fixture Product,,,True,25.000,0.000,Normal
10160,p4_10_fixture_sku_862bcbc7399d4b37,P4-10 Fixture Product,,,True,20.000,0.000,Normal
10161,p4_10_fixture_sku_1d170868c62942fa,P4-10 Fixture Product,,,True,2.000,0.000,Normal
10162,p4_10_fixture_sku_de46a9c69b894ce7,P4-10 Fixture Product,,,True,20.000,0.000,Normal
10163,p4_10_fixture_sku_fb504be8557b4c20,P4-10 Fixture Product,,,True,20.000,0.000,Normal
10164,p4_10_fixture_sku_4fd3210ea3ee47d8,P4-10 Fixture Product,,,True,20.000,0.000,Normal
10165,p4_10_fixture_sku_2d656b60da234e00,P4-10 Fixture Product,,,True,20.000,0.000,Normal
10166,p4_10_fixture_sku_fcf083283cd64d44,P4-10 Fixture Product,,,True,5.000,0.000,Normal
10167,p4_10_fixture_sku_b7f62b50a129424e,P4-10 Fixture Product,,,True,35.000,0.000,Normal
10168,p4_10_fixture_sku_c5ecafac305146af,P4-10 Fixture Product,,,True,35.000,0.000,Normal
10169,p4_10_fixture_sku_2e6b3640870f4dea,P4-10 Fixture Product,,,True,25.000,0.000,Normal
10170,p4_10_fixture_sku_ef4576035910456a,P4-10 Fixture Product,,,True,5.000,0.000,Normal
10171,p4_10_fixture_sku_61c9f5af3f3f46e3,P4-10 Fixture Product,,,True,20.000,0.000,Normal
10172,p4_10_fixture_sku_aa8f3077b6004373,P4-10 Fixture Product,,,True,35.000,0.000,Normal
10173,p4_10_fixture_sku_753c778d210447a8,P4-10 Fixture Product,,,True,20.000,0.000,Normal
10174,p4_10_fixture_sku_43c253e69102470e,P4-10 Fixture Product,,,True,0.000,0.000,OutOfStock
10430,p4_10_fixture_sku_7ea13a6085a3436e,P4-10 Fixture Product,,,True,25.000,0.000,Normal
10431,p4_10_fixture_sku_92993ef3086f472b,P4-10 Fixture Product,,,True,20.000,0.000,Normal
10432,p4_10_fixture_sku_aa7d526e33864fc7,P4-10 Fixture Product,,,True,25.000,0.000,Normal
10433,p4_10_fixture_sku_a2592da301354108,P4-10 Fixture Product,,,True,20.000,0.000,Normal
10434,p4_10_fixture_sku_af6052b0d4104e99,P4-10 Fixture Product,,,True,2.000,0.000,Normal
10435,p4_10_fixture_sku_58b30bb5ca534b26,P4-10 Fixture Product,,,True,20.000,0.000,Normal
10436,p4_10_fixture_sku_ef9b8cd4ba7d4df0,P4-10 Fixture Product,,,True,20.000,0.000,Normal
10437,p4_10_fixture_sku_1c626512d4944a1d,P4-10 Fixture Product,,,True,20.000,0.000,Normal
10438,p4_10_fixture_sku_013d9a940750485d,P4-10 Fixture Product,,,True,20.000,0.000,Normal
10439,p4_10_fixture_sku_d0f3515218be4edb,P4-10 Fixture Product,,,True,5.000,0.000,Normal
10440,p4_10_fixture_sku_4d98b72e5abd4316,P4-10 Fixture Product,,,True,35.000,0.000,Normal
10441,p4_10_fixture_sku_86fd8e05f32c4e12,P4-10 Fixture Product,,,True,35.000,0.000,Normal
10442,p4_10_fixture_sku_a6fed18acaf14bfc,P4-10 Fixture Product,,,True,25.000,0.000,Normal
10443,p4_10_fixture_sku_bac2bd83604148e5,P4-10 Fixture Product,,,True,5.000,0.000,Normal
10444,p4_10_fixture_sku_e7ac87983aa84eb9,P4-10 Fixture Product,,,True,20.000,0.000,Normal
10445,p4_10_fixture_sku_5b4a459610ac4eee,P4-10 Fixture Product,,,True,35.000,0.000,Normal
10446,p4_10_fixture_sku_06974200fa654ca4,P4-10 Fixture Product,,,True,20.000,0.000,Normal
10447,p4_10_fixture_sku_68165d5a7d1a4cad,P4-10 Fixture Product,,,True,0.000,0.000,OutOfStock
10697,p4_10_fixture_sku_36964952eeb04b5c,P4-10 Fixture Product,,,True,25.000,0.000,Normal
10698,p4_10_fixture_sku_9c01ef415113425d,P4-10 Fixture Product,,,True,20.000,0.000,Normal
10699,p4_10_fixture_sku_1c153e9452e94f99,P4-10 Fixture Product,,,True,25.000,0.000,Normal
10700,p4_10_fixture_sku_389965f023b14393,P4-10 Fixture Product,,,True,20.000,0.000,Normal
10701,p4_10_fixture_sku_926f1a4a99124f9b,P4-10 Fixture Product,,,True,2.000,0.000,Normal
10702,p4_10_fixture_sku_6abc0d562c194643,P4-10 Fixture Product,,,True,20.000,0.000,Normal
10703,p4_10_fixture_sku_a49f295fb6444b4c,P4-10 Fixture Product,,,True,20.000,0.000,Normal
10704,p4_10_fixture_sku_3c2724cb039a4072,P4-10 Fixture Product,,,True,20.000,0.000,Normal
10705,p4_10_fixture_sku_b7e2d1f3e93444ab,P4-10 Fixture Product,,,True,20.000,0.000,Normal
10706,p4_10_fixture_sku_cfc50ba899234588,P4-10 Fixture Product,,,True,5.000,0.000,Normal
10707,p4_10_fixture_sku_aae03bf8329b4b31,P4-10 Fixture Product,,,True,35.000,0.000,Normal
10708,p4_10_fixture_sku_8d396baedb704f81,P4-10 Fixture Product,,,True,35.000,0.000,Normal
10709,p4_10_fixture_sku_425cce4a93ad43b5,P4-10 Fixture Product,,,True,25.000,0.000,Normal
10710,p4_10_fixture_sku_d01459585fc44229,P4-10 Fixture Product,,,True,5.000,0.000,Normal
10711,p4_10_fixture_sku_a8dd282cf2b740ad,P4-10 Fixture Product,,,True,20.000,0.000,Normal
10712,p4_10_fixture_sku_fb1814733a794f24,P4-10 Fixture Product,,,True,35.000,0.000,Normal
10713,p4_10_fixture_sku_8f800551377244df,P4-10 Fixture Product,,,True,20.000,0.000,Normal
10714,p4_10_fixture_sku_9dcb296b2d8d42b3,P4-10 Fixture Product,,,True,0.000,0.000,OutOfStock
10975,p4_10_fixture_sku_c25930d8d58442a8,P4-10 Fixture Product,,,True,25.000,0.000,Normal
10976,p4_10_fixture_sku_2c03c428498c4a81,P4-10 Fixture Product,,,True,20.000,0.000,Normal
10977,p4_10_fixture_sku_84c2441d25b7456f,P4-10 Fixture Product,,,True,25.000,0.000,Normal
10978,p4_10_fixture_sku_60a29a0499e74304,P4-10 Fixture Product,,,True,20.000,0.000,Normal
10979,p4_10_fixture_sku_513332a1445a4355,P4-10 Fixture Product,,,True,2.000,0.000,Normal
10980,p4_10_fixture_sku_8990e93de3044dcf,P4-10 Fixture Product,,,True,20.000,0.000,Normal
10981,p4_10_fixture_sku_63bcaa750b05485f,P4-10 Fixture Product,,,True,20.000,0.000,Normal
10982,p4_10_fixture_sku_3435fb44a6fe402d,P4-10 Fixture Product,,,True,20.000,0.000,Normal
10983,p4_10_fixture_sku_81fb02a37a0b4bfd,P4-10 Fixture Product,,,True,20.000,0.000,Normal
10984,p4_10_fixture_sku_092f68c8806842ca,P4-10 Fixture Product,,,True,5.000,0.000,Normal
10985,p4_10_fixture_sku_6dafa556932a4fc4,P4-10 Fixture Product,,,True,35.000,0.000,Normal
10986,p4_10_fixture_sku_13004fea566a45e3,P4-10 Fixture Product,,,True,35.000,0.000,Normal
10987,p4_10_fixture_sku_ed1ae7a24cf4427a,P4-10 Fixture Product,,,True,25.000,0.000,Normal
10988,p4_10_fixture_sku_63b2cf07ada74591,P4-10 Fixture Product,,,True,5.000,0.000,Normal
10989,p4_10_fixture_sku_642289887a2b4b68,P4-10 Fixture Product,,,True,20.000,0.000,Normal
10990,p4_10_fixture_sku_a30a1e7dfae34eed,P4-10 Fixture Product,,,True,35.000,0.000,Normal
10991,p4_10_fixture_sku_5be980f762ae4c36,P4-10 Fixture Product,,,True,20.000,0.000,Normal
10992,p4_10_fixture_sku_bff5fa60f78c44d0,P4-10 Fixture Product,,,True,0.000,0.000,OutOfStock
11242,p4_10_fixture_sku_f7df8db938ea4d63,P4-10 Fixture Product,,,True,25.000,0.000,Normal
11243,p4_10_fixture_sku_1e8ec56495d6498c,P4-10 Fixture Product,,,True,20.000,0.000,Normal
11244,p4_10_fixture_sku_2180b0b74c854070,P4-10 Fixture Product,,,True,25.000,0.000,Normal
11245,p4_10_fixture_sku_5001e6bbdc6543cd,P4-10 Fixture Product,,,True,20.000,0.000,Normal
11246,p4_10_fixture_sku_35f893ae332f4743,P4-10 Fixture Product,,,True,2.000,0.000,Normal
11247,p4_10_fixture_sku_3d8b5fd4aed8427a,P4-10 Fixture Product,,,True,20.000,0.000,Normal
11248,p4_10_fixture_sku_3c373d80366642b4,P4-10 Fixture Product,,,True,20.000,0.000,Normal
11249,p4_10_fixture_sku_e4ee7b100e5446da,P4-10 Fixture Product,,,True,20.000,0.000,Normal
11250,p4_10_fixture_sku_aba31fbe3372489f,P4-10 Fixture Product,,,True,20.000,0.000,Normal
11251,p4_10_fixture_sku_988793d13429401f,P4-10 Fixture Product,,,True,5.000,0.000,Normal
11252,p4_10_fixture_sku_44c4b96605f94296,P4-10 Fixture Product,,,True,35.000,0.000,Normal
11253,p4_10_fixture_sku_87bfbc2c573542cd,P4-10 Fixture Product,,,True,35.000,0.000,Normal
11254,p4_10_fixture_sku_f5d455c397464bba,P4-10 Fixture Product,,,True,25.000,0.000,Normal
11255,p4_10_fixture_sku_fb2a17aa4232498b,P4-10 Fixture Product,,,True,5.000,0.000,Normal
11256,p4_10_fixture_sku_f2c65184a0f2407d,P4-10 Fixture Product,,,True,20.000,0.000,Normal
11257,p4_10_fixture_sku_36c245ef0f7d4320,P4-10 Fixture Product,,,True,35.000,0.000,Normal
11258,p4_10_fixture_sku_31d310cd798446ac,P4-10 Fixture Product,,,True,20.000,0.000,Normal
11259,p4_10_fixture_sku_17dda19a5caa4b92,P4-10 Fixture Product,,,True,0.000,0.000,OutOfStock
11509,p4_10_fixture_sku_74d2a1e20461498f,P4-10 Fixture Product,,,True,25.000,0.000,Normal
11510,p4_10_fixture_sku_c71e34e36edd4e7c,P4-10 Fixture Product,,,True,20.000,0.000,Normal
11511,p4_10_fixture_sku_a39494ca81ca47fa,P4-10 Fixture Product,,,True,25.000,0.000,Normal
11512,p4_10_fixture_sku_5f8427115a5b45ee,P4-10 Fixture Product,,,True,20.000,0.000,Normal
11513,p4_10_fixture_sku_a9a2aa0b3b7741eb,P4-10 Fixture Product,,,True,2.000,0.000,Normal
11514,p4_10_fixture_sku_0eca2d50970644ee,P4-10 Fixture Product,,,True,20.000,0.000,Normal
11515,p4_10_fixture_sku_854ff705e351498d,P4-10 Fixture Product,,,True,20.000,0.000,Normal
11516,p4_10_fixture_sku_3ad86197c8c04be4,P4-10 Fixture Product,,,True,20.000,0.000,Normal
11517,p4_10_fixture_sku_134124e0831f4209,P4-10 Fixture Product,,,True,20.000,0.000,Normal
11518,p4_10_fixture_sku_09583e4b2e0d42f8,P4-10 Fixture Product,,,True,5.000,0.000,Normal
11519,p4_10_fixture_sku_475bbb32e440413f,P4-10 Fixture Product,,,True,35.000,0.000,Normal
11520,p4_10_fixture_sku_330160f530654d9b,P4-10 Fixture Product,,,True,35.000,0.000,Normal
11521,p4_10_fixture_sku_8c108a669db248f9,P4-10 Fixture Product,,,True,25.000,0.000,Normal
11522,p4_10_fixture_sku_85d0f887f7dc42a2,P4-10 Fixture Product,,,True,5.000,0.000,Normal
11523,p4_10_fixture_sku_5159c2562a9e40f9,P4-10 Fixture Product,,,True,20.000,0.000,Normal
11524,p4_10_fixture_sku_3e4ed6ef7afe4f75,P4-10 Fixture Product,,,True,35.000,0.000,Normal
11525,p4_10_fixture_sku_a262bed023984f37,P4-10 Fixture Product,,,True,20.000,0.000,Normal
11526,p4_10_fixture_sku_1f7cd76325e14463,P4-10 Fixture Product,,,True,0.000,0.000,OutOfStock
11776,p4_10_fixture_sku_2353efc9e6fd4553,P4-10 Fixture Product,,,True,25.000,0.000,Normal
11777,p4_10_fixture_sku_eb9b36b6869149cd,P4-10 Fixture Product,,,True,20.000,0.000,Normal
11778,p4_10_fixture_sku_357454ca69cc4eb3,P4-10 Fixture Product,,,True,25.000,0.000,Normal
11779,p4_10_fixture_sku_a59a1c8dee3047d6,P4-10 Fixture Product,,,True,20.000,0.000,Normal
11780,p4_10_fixture_sku_d81be2ce164640be,P4-10 Fixture Product,,,True,2.000,0.000,Normal
11781,p4_10_fixture_sku_96dfe85086d740fc,P4-10 Fixture Product,,,True,20.000,0.000,Normal
11782,p4_10_fixture_sku_d5fa714cfdaa4292,P4-10 Fixture Product,,,True,20.000,0.000,Normal
11783,p4_10_fixture_sku_4e1984210f83431f,P4-10 Fixture Product,,,True,20.000,0.000,Normal
11784,p4_10_fixture_sku_fbbcf2a239d04be2,P4-10 Fixture Product,,,True,20.000,0.000,Normal
11785,p4_10_fixture_sku_630a34af75754f24,P4-10 Fixture Product,,,True,5.000,0.000,Normal
11786,p4_10_fixture_sku_df3d73a09cc54047,P4-10 Fixture Product,,,True,35.000,0.000,Normal
11787,p4_10_fixture_sku_bc30f5531f21470b,P4-10 Fixture Product,,,True,35.000,0.000,Normal
11788,p4_10_fixture_sku_adb9c869db76489b,P4-10 Fixture Product,,,True,25.000,0.000,Normal
11789,p4_10_fixture_sku_8500811f5827405f,P4-10 Fixture Product,,,True,5.000,0.000,Normal
11790,p4_10_fixture_sku_1e70a06e1e424232,P4-10 Fixture Product,,,True,20.000,0.000,Normal
11791,p4_10_fixture_sku_735827d2603f4378,P4-10 Fixture Product,,,True,35.000,0.000,Normal
11792,p4_10_fixture_sku_fb9aff358abb49af,P4-10 Fixture Product,,,True,20.000,0.000,Normal
11793,p4_10_fixture_sku_9f3acf1bf03f4bff,P4-10 Fixture Product,,,True,0.000,0.000,OutOfStock
12046,p4_10_fixture_sku_011205048b3c436b,P4-10 Fixture Product,,,True,25.000,0.000,Normal
12047,p4_10_fixture_sku_046c597bcaa443bb,P4-10 Fixture Product,,,True,20.000,0.000,Normal
12048,p4_10_fixture_sku_91f342fd1c164c31,P4-10 Fixture Product,,,True,25.000,0.000,Normal
12049,p4_10_fixture_sku_59f058e6f9464845,P4-10 Fixture Product,,,True,20.000,0.000,Normal
12050,p4_10_fixture_sku_4e88aab4906b4ada,P4-10 Fixture Product,,,True,2.000,0.000,Normal
12051,p4_10_fixture_sku_492d134a6dc2465a,P4-10 Fixture Product,,,True,20.000,0.000,Normal
12052,p4_10_fixture_sku_4d0d3fd36dc64935,P4-10 Fixture Product,,,True,20.000,0.000,Normal
12053,p4_10_fixture_sku_3bda3fbac2c6455a,P4-10 Fixture Product,,,True,20.000,0.000,Normal
12054,p4_10_fixture_sku_2b3959838b434d11,P4-10 Fixture Product,,,True,20.000,0.000,Normal
12055,p4_10_fixture_sku_e92b55045d6e4c0f,P4-10 Fixture Product,,,True,5.000,0.000,Normal
12056,p4_10_fixture_sku_b3ad30c6f5614bb3,P4-10 Fixture Product,,,True,35.000,0.000,Normal
12057,p4_10_fixture_sku_0f7f569f99bc4db4,P4-10 Fixture Product,,,True,35.000,0.000,Normal
12058,p4_10_fixture_sku_ec4baefa71f949c6,P4-10 Fixture Product,,,True,25.000,0.000,Normal
12059,p4_10_fixture_sku_61d91dce56ee4860,P4-10 Fixture Product,,,True,5.000,0.000,Normal
12060,p4_10_fixture_sku_dbb5f935f3d6473b,P4-10 Fixture Product,,,True,20.000,0.000,Normal
12061,p4_10_fixture_sku_6a9fc609bb4e4fda,P4-10 Fixture Product,,,True,35.000,0.000,Normal
12062,p4_10_fixture_sku_40a5a8d36d2d4b0f,P4-10 Fixture Product,,,True,20.000,0.000,Normal
12063,p4_10_fixture_sku_cba3372f2b9f40f9,P4-10 Fixture Product,,,True,0.000,0.000,OutOfStock
12316,p4_10_fixture_sku_21752adfb44e4042,P4-10 Fixture Product,,,True,25.000,0.000,Normal
12317,p4_10_fixture_sku_a41dbdba16eb469e,P4-10 Fixture Product,,,True,20.000,0.000,Normal
12318,p4_10_fixture_sku_e68824fe7910498c,P4-10 Fixture Product,,,True,25.000,0.000,Normal
12319,p4_10_fixture_sku_8bda2cb6c6c54adb,P4-10 Fixture Product,,,True,20.000,0.000,Normal
12320,p4_10_fixture_sku_29d832e7214d45d0,P4-10 Fixture Product,,,True,2.000,0.000,Normal
12321,p4_10_fixture_sku_049ad8b25730481c,P4-10 Fixture Product,,,True,20.000,0.000,Normal
12322,p4_10_fixture_sku_df1e3fe8c4aa46b4,P4-10 Fixture Product,,,True,20.000,0.000,Normal
12323,p4_10_fixture_sku_4d818249afd045c2,P4-10 Fixture Product,,,True,20.000,0.000,Normal
12324,p4_10_fixture_sku_edd90c8789004081,P4-10 Fixture Product,,,True,20.000,0.000,Normal
12325,p4_10_fixture_sku_7d3069ce4e14401e,P4-10 Fixture Product,,,True,5.000,0.000,Normal
12326,p4_10_fixture_sku_ba2d110fa2424b32,P4-10 Fixture Product,,,True,35.000,0.000,Normal
12327,p4_10_fixture_sku_b823aee30d6a482a,P4-10 Fixture Product,,,True,35.000,0.000,Normal
12328,p4_10_fixture_sku_d0a493a67c504da1,P4-10 Fixture Product,,,True,25.000,0.000,Normal
12329,p4_10_fixture_sku_45c23bcb9a8d46aa,P4-10 Fixture Product,,,True,5.000,0.000,Normal
12330,p4_10_fixture_sku_2a2d91266dc64904,P4-10 Fixture Product,,,True,20.000,0.000,Normal
12331,p4_10_fixture_sku_27f22af3e5df4c99,P4-10 Fixture Product,,,True,35.000,0.000,Normal
12332,p4_10_fixture_sku_e88a0d2be6ef4377,P4-10 Fixture Product,,,True,20.000,0.000,Normal
12333,p4_10_fixture_sku_528feedd114b4e05,P4-10 Fixture Product,,,True,0.000,0.000,OutOfStock
12596,p4_10_fixture_sku_35cc62c5d51c4b66,P4-10 Fixture Product,,,True,25.000,0.000,Normal
12597,p4_10_fixture_sku_41bdc113c46c4a4e,P4-10 Fixture Product,,,True,20.000,0.000,Normal
12598,p4_10_fixture_sku_2c2d2f17102a4ba1,P4-10 Fixture Product,,,True,25.000,0.000,Normal
12599,p4_10_fixture_sku_a68b4ce23dec405c,P4-10 Fixture Product,,,True,20.000,0.000,Normal
12600,p4_10_fixture_sku_ce0bf15c845f4b71,P4-10 Fixture Product,,,True,2.000,0.000,Normal
12601,p4_10_fixture_sku_15d279c86f9e4a45,P4-10 Fixture Product,,,True,20.000,0.000,Normal
12602,p4_10_fixture_sku_bdf58465642b4ed2,P4-10 Fixture Product,,,True,20.000,0.000,Normal
12603,p4_10_fixture_sku_4728bdb01d6f417f,P4-10 Fixture Product,,,True,20.000,0.000,Normal
12604,p4_10_fixture_sku_6f5af1f821a940db,P4-10 Fixture Product,,,True,20.000,0.000,Normal
12605,p4_10_fixture_sku_ff336eb774204a4c,P4-10 Fixture Product,,,True,5.000,0.000,Normal
12606,p4_10_fixture_sku_5f6e4f5c9db74645,P4-10 Fixture Product,,,True,35.000,0.000,Normal
12607,p4_10_fixture_sku_d8eecb0f8ebc495c,P4-10 Fixture Product,,,True,35.000,0.000,Normal
12608,p4_10_fixture_sku_8fe7b4ea8c85463f,P4-10 Fixture Product,,,True,25.000,0.000,Normal
12609,p4_10_fixture_sku_a4297626fa634be0,P4-10 Fixture Product,,,True,5.000,0.000,Normal
12610,p4_10_fixture_sku_9ece1555bb3e4085,P4-10 Fixture Product,,,True,20.000,0.000,Normal
12611,p4_10_fixture_sku_df3f1346aef54c7a,P4-10 Fixture Product,,,True,35.000,0.000,Normal
12612,p4_10_fixture_sku_6c812dfc34074526,P4-10 Fixture Product,,,True,20.000,0.000,Normal
12613,p4_10_fixture_sku_b52f0450973245c8,P4-10 Fixture Product,,,True,0.000,0.000,OutOfStock
12876,p4_10_fixture_sku_680648e2096d4100,P4-10 Fixture Product,,,True,25.000,0.000,Normal
12877,p4_10_fixture_sku_97c834351a104f8a,P4-10 Fixture Product,,,True,20.000,0.000,Normal
12878,p4_10_fixture_sku_898b44833cd842c0,P4-10 Fixture Product,,,True,25.000,0.000,Normal
12879,p4_10_fixture_sku_b25c68e4932c4e26,P4-10 Fixture Product,,,True,20.000,0.000,Normal
12880,p4_10_fixture_sku_4cd33f69eebf4de3,P4-10 Fixture Product,,,True,2.000,0.000,Normal
12881,p4_10_fixture_sku_9199f92c932245d4,P4-10 Fixture Product,,,True,20.000,0.000,Normal
12882,p4_10_fixture_sku_ad61040dafa74dcf,P4-10 Fixture Product,,,True,20.000,0.000,Normal
12883,p4_10_fixture_sku_f7d14d7fb31146e8,P4-10 Fixture Product,,,True,20.000,0.000,Normal
12884,p4_10_fixture_sku_42dc3816bed048d0,P4-10 Fixture Product,,,True,20.000,0.000,Normal
12885,p4_10_fixture_sku_81954d6a18b14870,P4-10 Fixture Product,,,True,5.000,0.000,Normal
12886,p4_10_fixture_sku_9c9e299444c34166,P4-10 Fixture Product,,,True,35.000,0.000,Normal
12887,p4_10_fixture_sku_0125709cd60d418a,P4-10 Fixture Product,,,True,35.000,0.000,Normal
12888,p4_10_fixture_sku_06d0ab55b7ac4824,P4-10 Fixture Product,,,True,25.000,0.000,Normal
12889,p4_10_fixture_sku_3122be893da94612,P4-10 Fixture Product,,,True,5.000,0.000,Normal
12890,p4_10_fixture_sku_d413c48673f1443d,P4-10 Fixture Product,,,True,20.000,0.000,Normal
12891,p4_10_fixture_sku_1f3eef52dd2e46dd,P4-10 Fixture Product,,,True,35.000,0.000,Normal
12892,p4_10_fixture_sku_ef66e7aa0e064255,P4-10 Fixture Product,,,True,20.000,0.000,Normal
12893,p4_10_fixture_sku_d60cc35547bc4188,P4-10 Fixture Product,,,True,0.000,0.000,OutOfStock
13156,p4_10_fixture_sku_ed8adc2b20334545,P4-10 Fixture Product,,,True,25.000,0.000,Normal
13157,p4_10_fixture_sku_7ecb5ac66e10425b,P4-10 Fixture Product,,,True,20.000,0.000,Normal
13158,p4_10_fixture_sku_aa5d8d2ecf7c4dfb,P4-10 Fixture Product,,,True,25.000,0.000,Normal
13159,p4_10_fixture_sku_c8ebea4681b747a3,P4-10 Fixture Product,,,True,20.000,0.000,Normal
13160,p4_10_fixture_sku_da16b16eb61e4f57,P4-10 Fixture Product,,,True,2.000,0.000,Normal
13161,p4_10_fixture_sku_6af6bedb339c47a5,P4-10 Fixture Product,,,True,20.000,0.000,Normal
13162,p4_10_fixture_sku_46cf7d8831924e0b,P4-10 Fixture Product,,,True,20.000,0.000,Normal
13163,p4_10_fixture_sku_aec2901404cf4287,P4-10 Fixture Product,,,True,20.000,0.000,Normal
13164,p4_10_fixture_sku_e2e6c2209efd4adb,P4-10 Fixture Product,,,True,20.000,0.000,Normal
13165,p4_10_fixture_sku_b9d9c734b17348f3,P4-10 Fixture Product,,,True,5.000,0.000,Normal
13166,p4_10_fixture_sku_a1c1f6711cfd4600,P4-10 Fixture Product,,,True,35.000,0.000,Normal
13167,p4_10_fixture_sku_cacc76f1e420445b,P4-10 Fixture Product,,,True,35.000,0.000,Normal
13168,p4_10_fixture_sku_0b22f55378d0404e,P4-10 Fixture Product,,,True,25.000,0.000,Normal
13169,p4_10_fixture_sku_4307a1bfe9e44722,P4-10 Fixture Product,,,True,5.000,0.000,Normal
13170,p4_10_fixture_sku_649c17a78e2e4716,P4-10 Fixture Product,,,True,20.000,0.000,Normal
13171,p4_10_fixture_sku_39265674a7df434b,P4-10 Fixture Product,,,True,35.000,0.000,Normal
13172,p4_10_fixture_sku_29bba3eba6bd466c,P4-10 Fixture Product,,,True,20.000,0.000,Normal
13173,p4_10_fixture_sku_67f85c7b07144ed5,P4-10 Fixture Product,,,True,0.000,0.000,OutOfStock
13437,p4_10_fixture_sku_e6540457714c4946,P4-10 Fixture Product,,,True,25.000,0.000,Normal
13438,p4_10_fixture_sku_06575a4673a34fcb,P4-10 Fixture Product,,,True,20.000,0.000,Normal
13439,p4_10_fixture_sku_da97c8dc55e54454,P4-10 Fixture Product,,,True,25.000,0.000,Normal
13440,p4_10_fixture_sku_3e3b66406a0b4708,P4-10 Fixture Product,,,True,20.000,0.000,Normal
13441,p4_10_fixture_sku_36a8fdbb37e0425c,P4-10 Fixture Product,,,True,2.000,0.000,Normal
13442,p4_10_fixture_sku_2af96a5c14944bf2,P4-10 Fixture Product,,,True,20.000,0.000,Normal
13443,p4_10_fixture_sku_5d1e063f22fa41d4,P4-10 Fixture Product,,,True,20.000,0.000,Normal
13444,p4_10_fixture_sku_9ba0dd5b36314fe1,P4-10 Fixture Product,,,True,20.000,0.000,Normal
13445,p4_10_fixture_sku_174d3ecee7b246b4,P4-10 Fixture Product,,,True,20.000,0.000,Normal
13446,p4_10_fixture_sku_b293a7d2ef0b4975,P4-10 Fixture Product,,,True,5.000,0.000,Normal
13447,p4_10_fixture_sku_f400a4e0b5be46a0,P4-10 Fixture Product,,,True,35.000,0.000,Normal
13448,p4_10_fixture_sku_8a991b8073e44473,P4-10 Fixture Product,,,True,35.000,0.000,Normal
13449,p4_10_fixture_sku_da453b36627c46fa,P4-10 Fixture Product,,,True,25.000,0.000,Normal
13450,p4_10_fixture_sku_787f51d30e504d87,P4-10 Fixture Product,,,True,5.000,0.000,Normal
13451,p4_10_fixture_sku_89f398199c6c4192,P4-10 Fixture Product,,,True,20.000,0.000,Normal
13452,p4_10_fixture_sku_be2710a5fc814c06,P4-10 Fixture Product,,,True,35.000,0.000,Normal
13453,p4_10_fixture_sku_87f4b80eae434839,P4-10 Fixture Product,,,True,20.000,0.000,Normal
13454,p4_10_fixture_sku_e188cdc4b2e74c37,P4-10 Fixture Product,,,True,0.000,0.000,OutOfStock
13717,p4_10_fixture_sku_1761355a30e84853,P4-10 Fixture Product,,,True,25.000,0.000,Normal
13718,p4_10_fixture_sku_f7bbe95656304c41,P4-10 Fixture Product,,,True,20.000,0.000,Normal
13719,p4_10_fixture_sku_ee6eb4d136524ee0,P4-10 Fixture Product,,,True,25.000,0.000,Normal
13720,p4_10_fixture_sku_5c63bb164a6b43cb,P4-10 Fixture Product,,,True,20.000,0.000,Normal
13721,p4_10_fixture_sku_53deda4bd476465d,P4-10 Fixture Product,,,True,2.000,0.000,Normal
13722,p4_10_fixture_sku_c1309531ca0c45bc,P4-10 Fixture Product,,,True,20.000,0.000,Normal
13723,p4_10_fixture_sku_560e8715ed5c4d4c,P4-10 Fixture Product,,,True,20.000,0.000,Normal
13724,p4_10_fixture_sku_786ab3be2d68436e,P4-10 Fixture Product,,,True,20.000,0.000,Normal
13725,p4_10_fixture_sku_fca48fe547e24173,P4-10 Fixture Product,,,True,20.000,0.000,Normal
13726,p4_10_fixture_sku_43d0a7ccc13f4584,P4-10 Fixture Product,,,True,5.000,0.000,Normal
13727,p4_10_fixture_sku_f90e87247607416e,P4-10 Fixture Product,,,True,35.000,0.000,Normal
13728,p4_10_fixture_sku_d3d247d5ce3c4308,P4-10 Fixture Product,,,True,35.000,0.000,Normal
13729,p4_10_fixture_sku_3027dcf07d5a4602,P4-10 Fixture Product,,,True,25.000,0.000,Normal
13730,p4_10_fixture_sku_346eec14d1d74d13,P4-10 Fixture Product,,,True,5.000,0.000,Normal
13731,p4_10_fixture_sku_88fb9dbf8c4345ff,P4-10 Fixture Product,,,True,20.000,0.000,Normal
13732,p4_10_fixture_sku_e148e37769a14184,P4-10 Fixture Product,,,True,35.000,0.000,Normal
13733,p4_10_fixture_sku_7958ecfc337b401b,P4-10 Fixture Product,,,True,20.000,0.000,Normal
13734,p4_10_fixture_sku_ee44d4615d4d4903,P4-10 Fixture Product,,,True,0.000,0.000,OutOfStock
13997,p4_10_fixture_sku_89498311829a4497,P4-10 Fixture Product,,,True,25.000,0.000,Normal
13998,p4_10_fixture_sku_620477ab18244dac,P4-10 Fixture Product,,,True,20.000,0.000,Normal
13999,p4_10_fixture_sku_c4914b5f892c4ec4,P4-10 Fixture Product,,,True,25.000,0.000,Normal
14000,p4_10_fixture_sku_e80724460b8240a7,P4-10 Fixture Product,,,True,20.000,0.000,Normal
14001,p4_10_fixture_sku_798f6133264d4947,P4-10 Fixture Product,,,True,2.000,0.000,Normal
14002,p4_10_fixture_sku_d6dbcea7e3c64220,P4-10 Fixture Product,,,True,20.000,0.000,Normal
14003,p4_10_fixture_sku_378e6edaee2a4ee6,P4-10 Fixture Product,,,True,20.000,0.000,Normal
14004,p4_10_fixture_sku_0c4a620790464c60,P4-10 Fixture Product,,,True,20.000,0.000,Normal
14005,p4_10_fixture_sku_d09f51927a9547d8,P4-10 Fixture Product,,,True,20.000,0.000,Normal
14006,p4_10_fixture_sku_6cf64dca3bc044a6,P4-10 Fixture Product,,,True,5.000,0.000,Normal
14007,p4_10_fixture_sku_223a90ada5ca4c20,P4-10 Fixture Product,,,True,35.000,0.000,Normal
14008,p4_10_fixture_sku_e6ab9c9ea60f4c9a,P4-10 Fixture Product,,,True,35.000,0.000,Normal
14009,p4_10_fixture_sku_71c8ac58f1dc4174,P4-10 Fixture Product,,,True,25.000,0.000,Normal
14010,p4_10_fixture_sku_eee54b7465044ec5,P4-10 Fixture Product,,,True,5.000,0.000,Normal
14011,p4_10_fixture_sku_79420f36583e455d,P4-10 Fixture Product,,,True,20.000,0.000,Normal
14012,p4_10_fixture_sku_d45fb394aa6f4ca0,P4-10 Fixture Product,,,True,35.000,0.000,Normal
14013,p4_10_fixture_sku_fd6e51100fa64551,P4-10 Fixture Product,,,True,20.000,0.000,Normal
14014,p4_10_fixture_sku_e00d0aa7f5e24e42,P4-10 Fixture Product,,,True,0.000,0.000,OutOfStock
8363,p4_11_above_00acf391be,P4-11 Fixture p4_11_above_00acf391be,,,True,5.000,2.000,Normal
2613,p4_11_above_05811dd491,P4-11 Fixture p4_11_above_05811dd491,,,True,5.000,2.000,Normal
4796,p4_11_above_0da85432d1,P4-11 Fixture p4_11_above_0da85432d1,,,True,5.000,2.000,Normal
2472,p4_11_above_13421dc815,P4-11 Fixture p4_11_above_13421dc815,,,True,5.000,2.000,Normal
11534,p4_11_above_1de37f7896,P4-11 Fixture p4_11_above_1de37f7896,,,True,5.000,2.000,Normal
5507,p4_11_above_25bc97481d,P4-11 Fixture p4_11_above_25bc97481d,,,True,5.000,2.000,Normal
10182,p4_11_above_2b3cb4cd17,P4-11 Fixture p4_11_above_2b3cb4cd17,,,True,5.000,2.000,Normal
12351,p4_11_above_2ee581a75b,P4-11 Fixture p4_11_above_2ee581a75b,,,True,5.000,2.000,Normal
8875,p4_11_above_3689ed8e89,P4-11 Fixture p4_11_above_3689ed8e89,,,True,5.000,2.000,Normal
3512,p4_11_above_36b8718af5,P4-11 Fixture p4_11_above_36b8718af5,,,True,5.000,2.000,Normal
13472,p4_11_above_3a8b5f053f,P4-11 Fixture p4_11_above_3a8b5f053f,,,True,5.000,2.000,Normal
6030,p4_11_above_3a9ef53721,P4-11 Fixture p4_11_above_3a9ef53721,,,True,5.000,2.000,Normal
9660,p4_11_above_3f0e3b1964,P4-11 Fixture p4_11_above_3f0e3b1964,,,True,5.000,2.000,Normal
2754,p4_11_above_40341e58cf,P4-11 Fixture p4_11_above_40341e58cf,,,True,5.000,2.000,Normal
5000,p4_11_above_41d5376fff,P4-11 Fixture p4_11_above_41d5376fff,,,True,5.000,2.000,Normal
11267,p4_11_above_4248da12ce,P4-11 Fixture p4_11_above_4248da12ce,,,True,5.000,2.000,Normal
2149,p4_11_above_46b3200c73,P4-11 Fixture p4_11_above_46b3200c73,,,True,5.000,2.000,Normal
12911,p4_11_above_49c371336b,P4-11 Fixture p4_11_above_49c371336b,,,True,5.000,2.000,Normal
11000,p4_11_above_4a31bfd826,P4-11 Fixture p4_11_above_4a31bfd826,,,True,5.000,2.000,Normal
4404,p4_11_above_567b80c144,P4-11 Fixture p4_11_above_567b80c144,,,True,5.000,2.000,Normal
9916,p4_11_above_5ba8c93ded,P4-11 Fixture p4_11_above_5ba8c93ded,,,True,5.000,2.000,Normal
2161,p4_11_above_6170597bdd,P4-11 Fixture p4_11_above_6170597bdd,,,True,5.000,2.000,Normal
4600,p4_11_above_64aba698a0,P4-11 Fixture p4_11_above_64aba698a0,,,True,5.000,2.000,Normal
3036,p4_11_above_679e6fb780,P4-11 Fixture p4_11_above_679e6fb780,,,True,5.000,2.000,Normal
9366,p4_11_above_706b3ed93c,P4-11 Fixture p4_11_above_706b3ed93c,,,True,5.000,2.000,Normal
5276,p4_11_above_725683f4b3,P4-11 Fixture p4_11_above_725683f4b3,,,True,5.000,2.000,Normal
12071,p4_11_above_770d657c27,P4-11 Fixture p4_11_above_770d657c27,,,True,5.000,2.000,Normal
9371,p4_11_above_7845d23289,P4-11 Fixture p4_11_above_7845d23289,,,True,5.000,2.000,Normal
8107,p4_11_above_7910d8be4a,P4-11 Fixture p4_11_above_7910d8be4a,,,True,5.000,2.000,Normal
6760,p4_11_above_7c68245032,P4-11 Fixture p4_11_above_7c68245032,,,True,5.000,2.000,Normal
7595,p4_11_above_7db2b718a8,P4-11 Fixture p4_11_above_7db2b718a8,,,True,5.000,2.000,Normal
6270,p4_11_above_7e0a5dc214,P4-11 Fixture p4_11_above_7e0a5dc214,,,True,5.000,2.000,Normal
3357,p4_11_above_7ec71c82f8,P4-11 Fixture p4_11_above_7ec71c82f8,,,True,5.000,2.000,Normal
9131,p4_11_above_883afd532a,P4-11 Fixture p4_11_above_883afd532a,,,True,5.000,2.000,Normal
7339,p4_11_above_90133e1e1b,P4-11 Fixture p4_11_above_90133e1e1b,,,True,5.000,2.000,Normal
3808,p4_11_above_94dc962170,P4-11 Fixture p4_11_above_94dc962170,,,True,5.000,2.000,Normal
9363,p4_11_above_99d20f5741,P4-11 Fixture p4_11_above_99d20f5741,,,True,5.000,2.000,Normal
2190,p4_11_above_b1aa1dee48,P4-11 Fixture p4_11_above_b1aa1dee48,,,True,5.000,2.000,Normal
12631,p4_11_above_b1b20332aa,P4-11 Fixture p4_11_above_b1b20332aa,,,True,5.000,2.000,Normal
6517,p4_11_above_b1eba7747d,P4-11 Fixture p4_11_above_b1eba7747d,,,True,5.000,2.000,Normal
2331,p4_11_above_b212b7c823,P4-11 Fixture p4_11_above_b212b7c823,,,True,5.000,2.000,Normal
3984,p4_11_above_b2744b30a1,P4-11 Fixture p4_11_above_b2744b30a1,,,True,5.000,2.000,Normal
7851,p4_11_above_ba42bc13b1,P4-11 Fixture p4_11_above_ba42bc13b1,,,True,5.000,2.000,Normal
5776,p4_11_above_c87883708f,P4-11 Fixture p4_11_above_c87883708f,,,True,5.000,2.000,Normal
10455,p4_11_above_c95587e1db,P4-11 Fixture p4_11_above_c95587e1db,,,True,5.000,2.000,Normal
10722,p4_11_above_cbb41c6eef,P4-11 Fixture p4_11_above_cbb41c6eef,,,True,5.000,2.000,Normal
7068,p4_11_above_d4416a974a,P4-11 Fixture p4_11_above_d4416a974a,,,True,5.000,2.000,Normal
2895,p4_11_above_d8b772ae4c,P4-11 Fixture p4_11_above_d8b772ae4c,,,True,5.000,2.000,Normal
13752,p4_11_above_db51250217,P4-11 Fixture p4_11_above_db51250217,,,True,5.000,2.000,Normal
11801,p4_11_above_db55133cab,P4-11 Fixture p4_11_above_db55133cab,,,True,5.000,2.000,Normal
9404,p4_11_above_ddb0c0dbb5,P4-11 Fixture p4_11_above_ddb0c0dbb5,,,True,5.000,2.000,Normal
3660,p4_11_above_e0c08d6910,P4-11 Fixture p4_11_above_e0c08d6910,,,True,5.000,2.000,Normal
3209,p4_11_above_e2b7903f5b,P4-11 Fixture p4_11_above_e2b7903f5b,,,True,5.000,2.000,Normal
4160,p4_11_above_e2f7c2bc29,P4-11 Fixture p4_11_above_e2f7c2bc29,,,True,5.000,2.000,Normal
8619,p4_11_above_f3a081b0f7,P4-11 Fixture p4_11_above_f3a081b0f7,,,True,5.000,2.000,Normal
13191,p4_11_above_fd77a8f0b5,P4-11 Fixture p4_11_above_fd77a8f0b5,,,True,5.000,2.000,Normal
3982,p4_11_badsort_03b8724f85,P4-11 Fixture p4_11_badsort_03b8724f85,,,True,0.000,0.000,OutOfStock
9129,p4_11_badsort_0b4435ac3b,P4-11 Fixture p4_11_badsort_0b4435ac3b,,,True,0.000,0.000,OutOfStock
6515,p4_11_badsort_1147965c58,P4-11 Fixture p4_11_badsort_1147965c58,,,True,0.000,0.000,OutOfStock
2147,p4_11_badsort_116ad85784,P4-11 Fixture p4_11_badsort_116ad85784,,,True,0.000,0.000,OutOfStock
3806,p4_11_badsort_1cd7141ba4,P4-11 Fixture p4_11_badsort_1cd7141ba4,,,True,0.000,0.000,OutOfStock
2129,p4_11_badsort_26560ac876,P4-11 Fixture p4_11_badsort_26560ac876,,,True,0.000,0.000,OutOfStock
11532,p4_11_badsort_2925c5e22e,P4-11 Fixture p4_11_badsort_2925c5e22e,,,True,0.000,0.000,OutOfStock
3658,p4_11_badsort_2f98def851,P4-11 Fixture p4_11_badsort_2f98def851,,,True,0.000,0.000,OutOfStock
11265,p4_11_badsort_377e273d2f,P4-11 Fixture p4_11_badsort_377e273d2f,,,True,0.000,0.000,OutOfStock
3034,p4_11_badsort_3adbe1bd07,P4-11 Fixture p4_11_badsort_3adbe1bd07,,,True,0.000,0.000,OutOfStock
3207,p4_11_badsort_3f7980bb02,P4-11 Fixture p4_11_badsort_3f7980bb02,,,True,0.000,0.000,OutOfStock
8617,p4_11_badsort_4088d9fdf5,P4-11 Fixture p4_11_badsort_4088d9fdf5,,,True,0.000,0.000,OutOfStock
2893,p4_11_badsort_4428c61500,P4-11 Fixture p4_11_badsort_4428c61500,,,True,0.000,0.000,OutOfStock
8873,p4_11_badsort_4c76b6b6e9,P4-11 Fixture p4_11_badsort_4c76b6b6e9,,,True,0.000,0.000,OutOfStock
5774,p4_11_badsort_4cbf0d7fc3,P4-11 Fixture p4_11_badsort_4cbf0d7fc3,,,True,0.000,0.000,OutOfStock
2470,p4_11_badsort_4d2dbd5f38,P4-11 Fixture p4_11_badsort_4d2dbd5f38,,,True,0.000,0.000,OutOfStock
7849,p4_11_badsort_545ac7f171,P4-11 Fixture p4_11_badsort_545ac7f171,,,True,0.000,0.000,OutOfStock
13189,p4_11_badsort_578f6146da,P4-11 Fixture p4_11_badsort_578f6146da,,,True,0.000,0.000,OutOfStock
9914,p4_11_badsort_5d6d67d103,P4-11 Fixture p4_11_badsort_5d6d67d103,,,True,0.000,0.000,OutOfStock
10180,p4_11_badsort_65f86b5c90,P4-11 Fixture p4_11_badsort_65f86b5c90,,,True,0.000,0.000,OutOfStock
5274,p4_11_badsort_6a7f633203,P4-11 Fixture p4_11_badsort_6a7f633203,,,True,0.000,0.000,OutOfStock
7337,p4_11_badsort_7041154a05,P4-11 Fixture p4_11_badsort_7041154a05,,,True,0.000,0.000,OutOfStock
2188,p4_11_badsort_70e122449b,P4-11 Fixture p4_11_badsort_70e122449b,,,True,0.000,0.000,OutOfStock
2138,p4_11_badsort_76629a41a2,P4-11 Fixture p4_11_badsort_76629a41a2,,,True,0.000,0.000,OutOfStock
2611,p4_11_badsort_7783205f71,P4-11 Fixture p4_11_badsort_7783205f71,,,True,0.000,0.000,OutOfStock
9658,p4_11_badsort_855ffce6b5,P4-11 Fixture p4_11_badsort_855ffce6b5,,,True,0.000,0.000,OutOfStock
6028,p4_11_badsort_868bca3cfc,P4-11 Fixture p4_11_badsort_868bca3cfc,,,True,0.000,0.000,OutOfStock
12909,p4_11_badsort_8e6efb53ad,P4-11 Fixture p4_11_badsort_8e6efb53ad,,,True,0.000,0.000,OutOfStock
6268,p4_11_badsort_8ed0f18997,P4-11 Fixture p4_11_badsort_8ed0f18997,,,True,0.000,0.000,OutOfStock
4598,p4_11_badsort_92f2bf1a85,P4-11 Fixture p4_11_badsort_92f2bf1a85,,,True,0.000,0.000,OutOfStock
6758,p4_11_badsort_950c29baca,P4-11 Fixture p4_11_badsort_950c29baca,,,True,0.000,0.000,OutOfStock
3510,p4_11_badsort_951c8866cc,P4-11 Fixture p4_11_badsort_951c8866cc,,,True,0.000,0.000,OutOfStock
11799,p4_11_badsort_97add8f39e,P4-11 Fixture p4_11_badsort_97add8f39e,,,True,0.000,0.000,OutOfStock
2159,p4_11_badsort_9aed563b66,P4-11 Fixture p4_11_badsort_9aed563b66,,,True,0.000,0.000,OutOfStock
13750,p4_11_badsort_9d9c521a8f,P4-11 Fixture p4_11_badsort_9d9c521a8f,,,True,0.000,0.000,OutOfStock
5505,p4_11_badsort_a19e1998c4,P4-11 Fixture p4_11_badsort_a19e1998c4,,,True,0.000,0.000,OutOfStock
3355,p4_11_badsort_a2a7b7df55,P4-11 Fixture p4_11_badsort_a2a7b7df55,,,True,0.000,0.000,OutOfStock
2752,p4_11_badsort_b55f9795b8,P4-11 Fixture p4_11_badsort_b55f9795b8,,,True,0.000,0.000,OutOfStock
10720,p4_11_badsort_b674d28c5d,P4-11 Fixture p4_11_badsort_b674d28c5d,,,True,0.000,0.000,OutOfStock
4402,p4_11_badsort_bab00b76b9,P4-11 Fixture p4_11_badsort_bab00b76b9,,,True,0.000,0.000,OutOfStock
2329,p4_11_badsort_bef15da2bb,P4-11 Fixture p4_11_badsort_bef15da2bb,,,True,0.000,0.000,OutOfStock
4794,p4_11_badsort_c8591d1059,P4-11 Fixture p4_11_badsort_c8591d1059,,,True,0.000,0.000,OutOfStock
12349,p4_11_badsort_c903eb7c8f,P4-11 Fixture p4_11_badsort_c903eb7c8f,,,True,0.000,0.000,OutOfStock
8105,p4_11_badsort_c9c0ba663b,P4-11 Fixture p4_11_badsort_c9c0ba663b,,,True,0.000,0.000,OutOfStock
7066,p4_11_badsort_cfbd517309,P4-11 Fixture p4_11_badsort_cfbd517309,,,True,0.000,0.000,OutOfStock
7593,p4_11_badsort_d0830b0677,P4-11 Fixture p4_11_badsort_d0830b0677,,,True,0.000,0.000,OutOfStock
10453,p4_11_badsort_d0db894901,P4-11 Fixture p4_11_badsort_d0db894901,,,True,0.000,0.000,OutOfStock
9369,p4_11_badsort_d4c4ce4d34,P4-11 Fixture p4_11_badsort_d4c4ce4d34,,,True,0.000,0.000,OutOfStock
4998,p4_11_badsort_d8a7fe49a8,P4-11 Fixture p4_11_badsort_d8a7fe49a8,,,True,0.000,0.000,OutOfStock
9402,p4_11_badsort_d8a8c51a8a,P4-11 Fixture p4_11_badsort_d8a8c51a8a,,,True,0.000,0.000,OutOfStock
4158,p4_11_badsort_dfc3df9a3d,P4-11 Fixture p4_11_badsort_dfc3df9a3d,,,True,0.000,0.000,OutOfStock
13470,p4_11_badsort_e77a203838,P4-11 Fixture p4_11_badsort_e77a203838,,,True,0.000,0.000,OutOfStock
8361,p4_11_badsort_f2bdf74c25,P4-11 Fixture p4_11_badsort_f2bdf74c25,,,True,0.000,0.000,OutOfStock
12629,p4_11_badsort_f477319e72,P4-11 Fixture p4_11_badsort_f477319e72,,,True,0.000,0.000,OutOfStock
12069,p4_11_badsort_f8e285de58,P4-11 Fixture p4_11_badsort_f8e285de58,,,True,0.000,0.000,OutOfStock
10998,p4_11_badsort_fa28049445,P4-11 Fixture p4_11_badsort_fa28049445,,,True,0.000,0.000,OutOfStock
8362,p4_11_below_00acf391be,P4-11 Fixture p4_11_below_00acf391be,,,True,5.000,10.000,Low
2612,p4_11_below_05811dd491,P4-11 Fixture p4_11_below_05811dd491,,,True,5.000,10.000,Low
4795,p4_11_below_0da85432d1,P4-11 Fixture p4_11_below_0da85432d1,,,True,5.000,10.000,Low
2471,p4_11_below_13421dc815,P4-11 Fixture p4_11_below_13421dc815,,,True,5.000,10.000,Low
11533,p4_11_below_1de37f7896,P4-11 Fixture p4_11_below_1de37f7896,,,True,5.000,10.000,Low
5506,p4_11_below_25bc97481d,P4-11 Fixture p4_11_below_25bc97481d,,,True,5.000,10.000,Low
10181,p4_11_below_2b3cb4cd17,P4-11 Fixture p4_11_below_2b3cb4cd17,,,True,5.000,10.000,Low
12350,p4_11_below_2ee581a75b,P4-11 Fixture p4_11_below_2ee581a75b,,,True,5.000,10.000,Low
8874,p4_11_below_3689ed8e89,P4-11 Fixture p4_11_below_3689ed8e89,,,True,5.000,10.000,Low
3511,p4_11_below_36b8718af5,P4-11 Fixture p4_11_below_36b8718af5,,,True,5.000,10.000,Low
13471,p4_11_below_3a8b5f053f,P4-11 Fixture p4_11_below_3a8b5f053f,,,True,5.000,10.000,Low
6029,p4_11_below_3a9ef53721,P4-11 Fixture p4_11_below_3a9ef53721,,,True,5.000,10.000,Low
9659,p4_11_below_3f0e3b1964,P4-11 Fixture p4_11_below_3f0e3b1964,,,True,5.000,10.000,Low
2753,p4_11_below_40341e58cf,P4-11 Fixture p4_11_below_40341e58cf,,,True,5.000,10.000,Low
4999,p4_11_below_41d5376fff,P4-11 Fixture p4_11_below_41d5376fff,,,True,5.000,10.000,Low
11266,p4_11_below_4248da12ce,P4-11 Fixture p4_11_below_4248da12ce,,,True,5.000,10.000,Low
2148,p4_11_below_46b3200c73,P4-11 Fixture p4_11_below_46b3200c73,,,True,5.000,10.000,Low
12910,p4_11_below_49c371336b,P4-11 Fixture p4_11_below_49c371336b,,,True,5.000,10.000,Low
10999,p4_11_below_4a31bfd826,P4-11 Fixture p4_11_below_4a31bfd826,,,True,5.000,10.000,Low
4403,p4_11_below_567b80c144,P4-11 Fixture p4_11_below_567b80c144,,,True,5.000,10.000,Low
9915,p4_11_below_5ba8c93ded,P4-11 Fixture p4_11_below_5ba8c93ded,,,True,5.000,10.000,Low
2160,p4_11_below_6170597bdd,P4-11 Fixture p4_11_below_6170597bdd,,,True,5.000,10.000,Low
4599,p4_11_below_64aba698a0,P4-11 Fixture p4_11_below_64aba698a0,,,True,5.000,10.000,Low
3035,p4_11_below_679e6fb780,P4-11 Fixture p4_11_below_679e6fb780,,,True,5.000,10.000,Low
9365,p4_11_below_706b3ed93c,P4-11 Fixture p4_11_below_706b3ed93c,,,True,5.000,10.000,Low
5275,p4_11_below_725683f4b3,P4-11 Fixture p4_11_below_725683f4b3,,,True,5.000,10.000,Low
12070,p4_11_below_770d657c27,P4-11 Fixture p4_11_below_770d657c27,,,True,5.000,10.000,Low
9370,p4_11_below_7845d23289,P4-11 Fixture p4_11_below_7845d23289,,,True,5.000,10.000,Low
8106,p4_11_below_7910d8be4a,P4-11 Fixture p4_11_below_7910d8be4a,,,True,5.000,10.000,Low
6759,p4_11_below_7c68245032,P4-11 Fixture p4_11_below_7c68245032,,,True,5.000,10.000,Low
2130,p4_11_below_7d006d2564,P4-11 Fixture p4_11_below_7d006d2564,,,True,0.000,10.000,OutOfStock
7594,p4_11_below_7db2b718a8,P4-11 Fixture p4_11_below_7db2b718a8,,,True,5.000,10.000,Low
6269,p4_11_below_7e0a5dc214,P4-11 Fixture p4_11_below_7e0a5dc214,,,True,5.000,10.000,Low
2139,p4_11_below_7eba6f02c3,P4-11 Fixture p4_11_below_7eba6f02c3,,,True,0.000,10.000,OutOfStock
3356,p4_11_below_7ec71c82f8,P4-11 Fixture p4_11_below_7ec71c82f8,,,True,5.000,10.000,Low
9130,p4_11_below_883afd532a,P4-11 Fixture p4_11_below_883afd532a,,,True,5.000,10.000,Low
7338,p4_11_below_90133e1e1b,P4-11 Fixture p4_11_below_90133e1e1b,,,True,5.000,10.000,Low
3807,p4_11_below_94dc962170,P4-11 Fixture p4_11_below_94dc962170,,,True,5.000,10.000,Low
9362,p4_11_below_99d20f5741,P4-11 Fixture p4_11_below_99d20f5741,,,True,5.000,10.000,Low
2189,p4_11_below_b1aa1dee48,P4-11 Fixture p4_11_below_b1aa1dee48,,,True,5.000,10.000,Low
12630,p4_11_below_b1b20332aa,P4-11 Fixture p4_11_below_b1b20332aa,,,True,5.000,10.000,Low
6516,p4_11_below_b1eba7747d,P4-11 Fixture p4_11_below_b1eba7747d,,,True,5.000,10.000,Low
2330,p4_11_below_b212b7c823,P4-11 Fixture p4_11_below_b212b7c823,,,True,5.000,10.000,Low
3983,p4_11_below_b2744b30a1,P4-11 Fixture p4_11_below_b2744b30a1,,,True,5.000,10.000,Low
7850,p4_11_below_ba42bc13b1,P4-11 Fixture p4_11_below_ba42bc13b1,,,True,5.000,10.000,Low
5775,p4_11_below_c87883708f,P4-11 Fixture p4_11_below_c87883708f,,,True,5.000,10.000,Low
10454,p4_11_below_c95587e1db,P4-11 Fixture p4_11_below_c95587e1db,,,True,5.000,10.000,Low
10721,p4_11_below_cbb41c6eef,P4-11 Fixture p4_11_below_cbb41c6eef,,,True,5.000,10.000,Low
7067,p4_11_below_d4416a974a,P4-11 Fixture p4_11_below_d4416a974a,,,True,5.000,10.000,Low
2894,p4_11_below_d8b772ae4c,P4-11 Fixture p4_11_below_d8b772ae4c,,,True,5.000,10.000,Low
13751,p4_11_below_db51250217,P4-11 Fixture p4_11_below_db51250217,,,True,5.000,10.000,Low
11800,p4_11_below_db55133cab,P4-11 Fixture p4_11_below_db55133cab,,,True,5.000,10.000,Low
9403,p4_11_below_ddb0c0dbb5,P4-11 Fixture p4_11_below_ddb0c0dbb5,,,True,5.000,10.000,Low
3659,p4_11_below_e0c08d6910,P4-11 Fixture p4_11_below_e0c08d6910,,,True,5.000,10.000,Low
3208,p4_11_below_e2b7903f5b,P4-11 Fixture p4_11_below_e2b7903f5b,,,True,5.000,10.000,Low
4159,p4_11_below_e2f7c2bc29,P4-11 Fixture p4_11_below_e2f7c2bc29,,,True,5.000,10.000,Low
8618,p4_11_below_f3a081b0f7,P4-11 Fixture p4_11_below_f3a081b0f7,,,True,5.000,10.000,Low
13190,p4_11_below_fd77a8f0b5,P4-11 Fixture p4_11_below_fd77a8f0b5,,,True,5.000,10.000,Low
6276,p4_11_daterange_026c8e68ae,P4-11 Fixture p4_11_daterange_026c8e68ae,,,True,1.000,0.000,Normal
7345,p4_11_daterange_068d203b79,P4-11 Fixture p4_11_daterange_068d203b79,,,True,1.000,0.000,Normal
2196,p4_11_daterange_0709ab35d5,P4-11 Fixture p4_11_daterange_0709ab35d5,,,True,1.000,0.000,Normal
13758,p4_11_daterange_084bac0ecb,P4-11 Fixture p4_11_daterange_084bac0ecb,,,True,1.000,0.000,Normal
3990,p4_11_daterange_0af037b682,P4-11 Fixture p4_11_daterange_0af037b682,,,True,1.000,0.000,Normal
5006,p4_11_daterange_0ca11a9bd2,P4-11 Fixture p4_11_daterange_0ca11a9bd2,,,True,1.000,0.000,Normal
12637,p4_11_daterange_0f09c74681,P4-11 Fixture p4_11_daterange_0f09c74681,,,True,1.000,0.000,Normal
9922,p4_11_daterange_11a8f6505d,P4-11 Fixture p4_11_daterange_11a8f6505d,,,True,1.000,0.000,Normal
3666,p4_11_daterange_12460d4b5d,P4-11 Fixture p4_11_daterange_12460d4b5d,,,True,1.000,0.000,Normal
9137,p4_11_daterange_145886ad23,P4-11 Fixture p4_11_daterange_145886ad23,,,True,1.000,0.000,Normal
3518,p4_11_daterange_1b211f424f,P4-11 Fixture p4_11_daterange_1b211f424f,,,True,1.000,0.000,Normal
3042,p4_11_daterange_1e04ff09c1,P4-11 Fixture p4_11_daterange_1e04ff09c1,,,True,1.000,0.000,Normal
12917,p4_11_daterange_1ef1aafccc,P4-11 Fixture p4_11_daterange_1ef1aafccc,,,True,1.000,0.000,Normal
11273,p4_11_daterange_2a679150da,P4-11 Fixture p4_11_daterange_2a679150da,,,True,1.000,0.000,Normal
2901,p4_11_daterange_347820f227,P4-11 Fixture p4_11_daterange_347820f227,,,True,1.000,0.000,Normal
4606,p4_11_daterange_36344d2bfb,P4-11 Fixture p4_11_daterange_36344d2bfb,,,True,1.000,0.000,Normal
11006,p4_11_daterange_3cba7efdee,P4-11 Fixture p4_11_daterange_3cba7efdee,,,True,1.000,0.000,Normal
4166,p4_11_daterange_3ecd905d40,P4-11 Fixture p4_11_daterange_3ecd905d40,,,True,1.000,0.000,Normal
6036,p4_11_daterange_4e430e4de6,P4-11 Fixture p4_11_daterange_4e430e4de6,,,True,1.000,0.000,Normal
13197,p4_11_daterange_4f408e87ac,P4-11 Fixture p4_11_daterange_4f408e87ac,,,True,1.000,0.000,Normal
9377,p4_11_daterange_51347eb0b7,P4-11 Fixture p4_11_daterange_51347eb0b7,,,True,1.000,0.000,Normal
12077,p4_11_daterange_53f9a40f22,P4-11 Fixture p4_11_daterange_53f9a40f22,,,True,1.000,0.000,Normal
7074,p4_11_daterange_55bc0743fc,P4-11 Fixture p4_11_daterange_55bc0743fc,,,True,1.000,0.000,Normal
5282,p4_11_daterange_61b7bd163a,P4-11 Fixture p4_11_daterange_61b7bd163a,,,True,1.000,0.000,Normal
9666,p4_11_daterange_6282337d8b,P4-11 Fixture p4_11_daterange_6282337d8b,,,True,1.000,0.000,Normal
4410,p4_11_daterange_64a573edaf,P4-11 Fixture p4_11_daterange_64a573edaf,,,True,1.000,0.000,Normal
4802,p4_11_daterange_6932314135,P4-11 Fixture p4_11_daterange_6932314135,,,True,1.000,0.000,Normal
8881,p4_11_daterange_6ceeeaca77,P4-11 Fixture p4_11_daterange_6ceeeaca77,,,True,1.000,0.000,Normal
11540,p4_11_daterange_70e55e15ee,P4-11 Fixture p4_11_daterange_70e55e15ee,,,True,1.000,0.000,Normal
3814,p4_11_daterange_76985b6f99,P4-11 Fixture p4_11_daterange_76985b6f99,,,True,1.000,0.000,Normal
8625,p4_11_daterange_7a62cedb90,P4-11 Fixture p4_11_daterange_7a62cedb90,,,True,1.000,0.000,Normal
9410,p4_11_daterange_7d85dc927a,P4-11 Fixture p4_11_daterange_7d85dc927a,,,True,1.000,0.000,Normal
2337,p4_11_daterange_7e51d942d1,P4-11 Fixture p4_11_daterange_7e51d942d1,,,True,1.000,0.000,Normal
8369,p4_11_daterange_7f30746c25,P4-11 Fixture p4_11_daterange_7f30746c25,,,True,1.000,0.000,Normal
7601,p4_11_daterange_84ea15373f,P4-11 Fixture p4_11_daterange_84ea15373f,,,True,1.000,0.000,Normal
2760,p4_11_daterange_88d9e3750c,P4-11 Fixture p4_11_daterange_88d9e3750c,,,True,1.000,0.000,Normal
11807,p4_11_daterange_899beab924,P4-11 Fixture p4_11_daterange_899beab924,,,True,1.000,0.000,Normal
10461,p4_11_daterange_8c42958a1b,P4-11 Fixture p4_11_daterange_8c42958a1b,,,True,1.000,0.000,Normal
13478,p4_11_daterange_8f9d879f9c,P4-11 Fixture p4_11_daterange_8f9d879f9c,,,True,1.000,0.000,Normal
7857,p4_11_daterange_9f1733da59,P4-11 Fixture p4_11_daterange_9f1733da59,,,True,1.000,0.000,Normal
6523,p4_11_daterange_9fa99752fc,P4-11 Fixture p4_11_daterange_9fa99752fc,,,True,1.000,0.000,Normal
3363,p4_11_daterange_a05a0b611a,P4-11 Fixture p4_11_daterange_a05a0b611a,,,True,1.000,0.000,Normal
5782,p4_11_daterange_b49ab511a2,P4-11 Fixture p4_11_daterange_b49ab511a2,,,True,1.000,0.000,Normal
2144,p4_11_daterange_bb788065f3,P4-11 Fixture p4_11_daterange_bb788065f3,,,True,0.000,0.000,OutOfStock
8113,p4_11_daterange_bcca10f179,P4-11 Fixture p4_11_daterange_bcca10f179,,,True,1.000,0.000,Normal
10728,p4_11_daterange_c30b755fff,P4-11 Fixture p4_11_daterange_c30b755fff,,,True,1.000,0.000,Normal
2478,p4_11_daterange_c6bf2be4f0,P4-11 Fixture p4_11_daterange_c6bf2be4f0,,,True,1.000,0.000,Normal
3215,p4_11_daterange_ca7c744261,P4-11 Fixture p4_11_daterange_ca7c744261,,,True,1.000,0.000,Normal
2619,p4_11_daterange_d0a7e8b3a8,P4-11 Fixture p4_11_daterange_d0a7e8b3a8,,,True,1.000,0.000,Normal
2155,p4_11_daterange_d367771de0,P4-11 Fixture p4_11_daterange_d367771de0,,,True,1.000,0.000,Normal
2167,p4_11_daterange_d4c8fe651a,P4-11 Fixture p4_11_daterange_d4c8fe651a,,,True,1.000,0.000,Normal
12357,p4_11_daterange_de4ad19702,P4-11 Fixture p4_11_daterange_de4ad19702,,,True,1.000,0.000,Normal
5513,p4_11_daterange_e4a2eff7fd,P4-11 Fixture p4_11_daterange_e4a2eff7fd,,,True,1.000,0.000,Normal
10188,p4_11_daterange_eab90615ed,P4-11 Fixture p4_11_daterange_eab90615ed,,,True,1.000,0.000,Normal
6766,p4_11_daterange_ecac213496,P4-11 Fixture p4_11_daterange_ecac213496,,,True,1.000,0.000,Normal
2135,p4_11_daterange_fda07d3ae6,P4-11 Fixture p4_11_daterange_fda07d3ae6,,,True,0.000,0.000,OutOfStock
8364,p4_11_inactive_00acf391be,P4-11 Fixture p4_11_inactive_00acf391be,,,False,0.000,10.000,OutOfStock
2614,p4_11_inactive_05811dd491,P4-11 Fixture p4_11_inactive_05811dd491,,,False,0.000,10.000,OutOfStock
4797,p4_11_inactive_0da85432d1,P4-11 Fixture p4_11_inactive_0da85432d1,,,False,0.000,10.000,OutOfStock
2473,p4_11_inactive_13421dc815,P4-11 Fixture p4_11_inactive_13421dc815,,,False,0.000,10.000,OutOfStock
11535,p4_11_inactive_1de37f7896,P4-11 Fixture p4_11_inactive_1de37f7896,,,False,0.000,10.000,OutOfStock
5508,p4_11_inactive_25bc97481d,P4-11 Fixture p4_11_inactive_25bc97481d,,,False,0.000,10.000,OutOfStock
10183,p4_11_inactive_2b3cb4cd17,P4-11 Fixture p4_11_inactive_2b3cb4cd17,,,False,0.000,10.000,OutOfStock
12352,p4_11_inactive_2ee581a75b,P4-11 Fixture p4_11_inactive_2ee581a75b,,,False,0.000,10.000,OutOfStock
8876,p4_11_inactive_3689ed8e89,P4-11 Fixture p4_11_inactive_3689ed8e89,,,False,0.000,10.000,OutOfStock
3513,p4_11_inactive_36b8718af5,P4-11 Fixture p4_11_inactive_36b8718af5,,,False,0.000,10.000,OutOfStock
13473,p4_11_inactive_3a8b5f053f,P4-11 Fixture p4_11_inactive_3a8b5f053f,,,False,0.000,10.000,OutOfStock
6031,p4_11_inactive_3a9ef53721,P4-11 Fixture p4_11_inactive_3a9ef53721,,,False,0.000,10.000,OutOfStock
9661,p4_11_inactive_3f0e3b1964,P4-11 Fixture p4_11_inactive_3f0e3b1964,,,False,0.000,10.000,OutOfStock
2755,p4_11_inactive_40341e58cf,P4-11 Fixture p4_11_inactive_40341e58cf,,,False,0.000,10.000,OutOfStock
5001,p4_11_inactive_41d5376fff,P4-11 Fixture p4_11_inactive_41d5376fff,,,False,0.000,10.000,OutOfStock
11268,p4_11_inactive_4248da12ce,P4-11 Fixture p4_11_inactive_4248da12ce,,,False,0.000,10.000,OutOfStock
2150,p4_11_inactive_46b3200c73,P4-11 Fixture p4_11_inactive_46b3200c73,,,False,0.000,10.000,OutOfStock
12912,p4_11_inactive_49c371336b,P4-11 Fixture p4_11_inactive_49c371336b,,,False,0.000,10.000,OutOfStock
11001,p4_11_inactive_4a31bfd826,P4-11 Fixture p4_11_inactive_4a31bfd826,,,False,0.000,10.000,OutOfStock
4405,p4_11_inactive_567b80c144,P4-11 Fixture p4_11_inactive_567b80c144,,,False,0.000,10.000,OutOfStock
9917,p4_11_inactive_5ba8c93ded,P4-11 Fixture p4_11_inactive_5ba8c93ded,,,False,0.000,10.000,OutOfStock
2162,p4_11_inactive_6170597bdd,P4-11 Fixture p4_11_inactive_6170597bdd,,,False,0.000,10.000,OutOfStock
4601,p4_11_inactive_64aba698a0,P4-11 Fixture p4_11_inactive_64aba698a0,,,False,0.000,10.000,OutOfStock
3037,p4_11_inactive_679e6fb780,P4-11 Fixture p4_11_inactive_679e6fb780,,,False,0.000,10.000,OutOfStock
9367,p4_11_inactive_706b3ed93c,P4-11 Fixture p4_11_inactive_706b3ed93c,,,False,0.000,10.000,OutOfStock
5277,p4_11_inactive_725683f4b3,P4-11 Fixture p4_11_inactive_725683f4b3,,,False,0.000,10.000,OutOfStock
12072,p4_11_inactive_770d657c27,P4-11 Fixture p4_11_inactive_770d657c27,,,False,0.000,10.000,OutOfStock
9372,p4_11_inactive_7845d23289,P4-11 Fixture p4_11_inactive_7845d23289,,,False,0.000,10.000,OutOfStock
8108,p4_11_inactive_7910d8be4a,P4-11 Fixture p4_11_inactive_7910d8be4a,,,False,0.000,10.000,OutOfStock
6761,p4_11_inactive_7c68245032,P4-11 Fixture p4_11_inactive_7c68245032,,,False,0.000,10.000,OutOfStock
7596,p4_11_inactive_7db2b718a8,P4-11 Fixture p4_11_inactive_7db2b718a8,,,False,0.000,10.000,OutOfStock
6271,p4_11_inactive_7e0a5dc214,P4-11 Fixture p4_11_inactive_7e0a5dc214,,,False,0.000,10.000,OutOfStock
3358,p4_11_inactive_7ec71c82f8,P4-11 Fixture p4_11_inactive_7ec71c82f8,,,False,0.000,10.000,OutOfStock
9132,p4_11_inactive_883afd532a,P4-11 Fixture p4_11_inactive_883afd532a,,,False,0.000,10.000,OutOfStock
7340,p4_11_inactive_90133e1e1b,P4-11 Fixture p4_11_inactive_90133e1e1b,,,False,0.000,10.000,OutOfStock
3809,p4_11_inactive_94dc962170,P4-11 Fixture p4_11_inactive_94dc962170,,,False,0.000,10.000,OutOfStock
9364,p4_11_inactive_99d20f5741,P4-11 Fixture p4_11_inactive_99d20f5741,,,False,0.000,10.000,OutOfStock
2191,p4_11_inactive_b1aa1dee48,P4-11 Fixture p4_11_inactive_b1aa1dee48,,,False,0.000,10.000,OutOfStock
12632,p4_11_inactive_b1b20332aa,P4-11 Fixture p4_11_inactive_b1b20332aa,,,False,0.000,10.000,OutOfStock
6518,p4_11_inactive_b1eba7747d,P4-11 Fixture p4_11_inactive_b1eba7747d,,,False,0.000,10.000,OutOfStock
2332,p4_11_inactive_b212b7c823,P4-11 Fixture p4_11_inactive_b212b7c823,,,False,0.000,10.000,OutOfStock
3985,p4_11_inactive_b2744b30a1,P4-11 Fixture p4_11_inactive_b2744b30a1,,,False,0.000,10.000,OutOfStock
7852,p4_11_inactive_ba42bc13b1,P4-11 Fixture p4_11_inactive_ba42bc13b1,,,False,0.000,10.000,OutOfStock
5777,p4_11_inactive_c87883708f,P4-11 Fixture p4_11_inactive_c87883708f,,,False,0.000,10.000,OutOfStock
10456,p4_11_inactive_c95587e1db,P4-11 Fixture p4_11_inactive_c95587e1db,,,False,0.000,10.000,OutOfStock
10723,p4_11_inactive_cbb41c6eef,P4-11 Fixture p4_11_inactive_cbb41c6eef,,,False,0.000,10.000,OutOfStock
7069,p4_11_inactive_d4416a974a,P4-11 Fixture p4_11_inactive_d4416a974a,,,False,0.000,10.000,OutOfStock
2896,p4_11_inactive_d8b772ae4c,P4-11 Fixture p4_11_inactive_d8b772ae4c,,,False,0.000,10.000,OutOfStock
13753,p4_11_inactive_db51250217,P4-11 Fixture p4_11_inactive_db51250217,,,False,0.000,10.000,OutOfStock
11802,p4_11_inactive_db55133cab,P4-11 Fixture p4_11_inactive_db55133cab,,,False,0.000,10.000,OutOfStock
9405,p4_11_inactive_ddb0c0dbb5,P4-11 Fixture p4_11_inactive_ddb0c0dbb5,,,False,0.000,10.000,OutOfStock
3661,p4_11_inactive_e0c08d6910,P4-11 Fixture p4_11_inactive_e0c08d6910,,,False,0.000,10.000,OutOfStock
3210,p4_11_inactive_e2b7903f5b,P4-11 Fixture p4_11_inactive_e2b7903f5b,,,False,0.000,10.000,OutOfStock
4161,p4_11_inactive_e2f7c2bc29,P4-11 Fixture p4_11_inactive_e2f7c2bc29,,,False,0.000,10.000,OutOfStock
8620,p4_11_inactive_f3a081b0f7,P4-11 Fixture p4_11_inactive_f3a081b0f7,,,False,0.000,10.000,OutOfStock
13192,p4_11_inactive_fd77a8f0b5,P4-11 Fixture p4_11_inactive_fd77a8f0b5,,,False,0.000,10.000,OutOfStock
3986,p4_11_page_1_05bb83f114,P4-11 Fixture p4_11_page_1_05bb83f114,,,True,0.000,0.000,OutOfStock
5002,p4_11_page_1_09cb1cf865,P4-11 Fixture p4_11_page_1_09cb1cf865,,,True,0.000,0.000,OutOfStock
11803,p4_11_page_1_0c73207aed,P4-11 Fixture p4_11_page_1_0c73207aed,,,True,0.000,0.000,OutOfStock
2140,p4_11_page_1_1ac6d41874,P4-11 Fixture p4_11_page_1_1ac6d41874,,,True,0.000,0.000,OutOfStock
9918,p4_11_page_1_207cac628f,P4-11 Fixture p4_11_page_1_207cac628f,,,True,0.000,0.000,OutOfStock
5778,p4_11_page_1_2a8bd45dbe,P4-11 Fixture p4_11_page_1_2a8bd45dbe,,,True,0.000,0.000,OutOfStock
2163,p4_11_page_1_30fa0b7a23,P4-11 Fixture p4_11_page_1_30fa0b7a23,,,True,0.000,0.000,OutOfStock
12073,p4_11_page_1_40ab0b5252,P4-11 Fixture p4_11_page_1_40ab0b5252,,,True,0.000,0.000,OutOfStock
9406,p4_11_page_1_420c853073,P4-11 Fixture p4_11_page_1_420c853073,,,True,0.000,0.000,OutOfStock
8109,p4_11_page_1_457e67cd40,P4-11 Fixture p4_11_page_1_457e67cd40,,,True,0.000,0.000,OutOfStock
5278,p4_11_page_1_45c72acc69,P4-11 Fixture p4_11_page_1_45c72acc69,,,True,0.000,0.000,OutOfStock
8365,p4_11_page_1_47f1140602,P4-11 Fixture p4_11_page_1_47f1140602,,,True,0.000,0.000,OutOfStock
11269,p4_11_page_1_4d3e6b0152,P4-11 Fixture p4_11_page_1_4d3e6b0152,,,True,0.000,0.000,OutOfStock
10457,p4_11_page_1_4d682faed9,P4-11 Fixture p4_11_page_1_4d682faed9,,,True,0.000,0.000,OutOfStock
3514,p4_11_page_1_5655500e84,P4-11 Fixture p4_11_page_1_5655500e84,,,True,0.000,0.000,OutOfStock
3211,p4_11_page_1_595f27504a,P4-11 Fixture p4_11_page_1_595f27504a,,,True,0.000,0.000,OutOfStock
10184,p4_11_page_1_5cd875f20e,P4-11 Fixture p4_11_page_1_5cd875f20e,,,True,0.000,0.000,OutOfStock
2615,p4_11_page_1_5e8883b46d,P4-11 Fixture p4_11_page_1_5e8883b46d,,,True,0.000,0.000,OutOfStock
11536,p4_11_page_1_62e183b5e0,P4-11 Fixture p4_11_page_1_62e183b5e0,,,True,0.000,0.000,OutOfStock
6762,p4_11_page_1_63825af829,P4-11 Fixture p4_11_page_1_63825af829,,,True,0.000,0.000,OutOfStock
2333,p4_11_page_1_74923d33fb,P4-11 Fixture p4_11_page_1_74923d33fb,,,True,0.000,0.000,OutOfStock
7341,p4_11_page_1_7e11a901a0,P4-11 Fixture p4_11_page_1_7e11a901a0,,,True,0.000,0.000,OutOfStock
9133,p4_11_page_1_7eec05bbba,P4-11 Fixture p4_11_page_1_7eec05bbba,,,True,0.000,0.000,OutOfStock
11002,p4_11_page_1_8162ef07de,P4-11 Fixture p4_11_page_1_8162ef07de,,,True,0.000,0.000,OutOfStock
13474,p4_11_page_1_83fd49028c,P4-11 Fixture p4_11_page_1_83fd49028c,,,True,0.000,0.000,OutOfStock
2756,p4_11_page_1_8583eeb484,P4-11 Fixture p4_11_page_1_8583eeb484,,,True,0.000,0.000,OutOfStock
6032,p4_11_page_1_86c7f9ce6b,P4-11 Fixture p4_11_page_1_86c7f9ce6b,,,True,0.000,0.000,OutOfStock
2192,p4_11_page_1_92a4d7a356,P4-11 Fixture p4_11_page_1_92a4d7a356,,,True,0.000,0.000,OutOfStock
10724,p4_11_page_1_94896e1946,P4-11 Fixture p4_11_page_1_94896e1946,,,True,0.000,0.000,OutOfStock
13754,p4_11_page_1_973c39abcd,P4-11 Fixture p4_11_page_1_973c39abcd,,,True,0.000,0.000,OutOfStock
7070,p4_11_page_1_98e0454be2,P4-11 Fixture p4_11_page_1_98e0454be2,,,True,0.000,0.000,OutOfStock
4602,p4_11_page_1_9ac6628163,P4-11 Fixture p4_11_page_1_9ac6628163,,,True,0.000,0.000,OutOfStock
2897,p4_11_page_1_a14ada60ba,P4-11 Fixture p4_11_page_1_a14ada60ba,,,True,0.000,0.000,OutOfStock
4406,p4_11_page_1_a199bff85b,P4-11 Fixture p4_11_page_1_a199bff85b,,,True,0.000,0.000,OutOfStock
7853,p4_11_page_1_a42b4758a2,P4-11 Fixture p4_11_page_1_a42b4758a2,,,True,0.000,0.000,OutOfStock
2151,p4_11_page_1_a6c97ef495,P4-11 Fixture p4_11_page_1_a6c97ef495,,,True,0.000,0.000,OutOfStock
6272,p4_11_page_1_af2f9c08bb,P4-11 Fixture p4_11_page_1_af2f9c08bb,,,True,0.000,0.000,OutOfStock
12353,p4_11_page_1_b097c219ca,P4-11 Fixture p4_11_page_1_b097c219ca,,,True,0.000,0.000,OutOfStock
3359,p4_11_page_1_bd08292098,P4-11 Fixture p4_11_page_1_bd08292098,,,True,0.000,0.000,OutOfStock
8621,p4_11_page_1_c36dad3b1c,P4-11 Fixture p4_11_page_1_c36dad3b1c,,,True,0.000,0.000,OutOfStock
4162,p4_11_page_1_c404e2268d,P4-11 Fixture p4_11_page_1_c404e2268d,,,True,0.000,0.000,OutOfStock
12633,p4_11_page_1_ca93e34def,P4-11 Fixture p4_11_page_1_ca93e34def,,,True,0.000,0.000,OutOfStock
2474,p4_11_page_1_cc25693f87,P4-11 Fixture p4_11_page_1_cc25693f87,,,True,0.000,0.000,OutOfStock
12913,p4_11_page_1_d4244ffd42,P4-11 Fixture p4_11_page_1_d4244ffd42,,,True,0.000,0.000,OutOfStock
3038,p4_11_page_1_d59c5832b7,P4-11 Fixture p4_11_page_1_d59c5832b7,,,True,0.000,0.000,OutOfStock
9662,p4_11_page_1_d81a268fd3,P4-11 Fixture p4_11_page_1_d81a268fd3,,,True,0.000,0.000,OutOfStock
8877,p4_11_page_1_db07614156,P4-11 Fixture p4_11_page_1_db07614156,,,True,0.000,0.000,OutOfStock
4798,p4_11_page_1_db5d1a45bc,P4-11 Fixture p4_11_page_1_db5d1a45bc,,,True,0.000,0.000,OutOfStock
13193,p4_11_page_1_ddbcad686f,P4-11 Fixture p4_11_page_1_ddbcad686f,,,True,0.000,0.000,OutOfStock
7597,p4_11_page_1_eaa340e65c,P4-11 Fixture p4_11_page_1_eaa340e65c,,,True,0.000,0.000,OutOfStock
3662,p4_11_page_1_ecaf108242,P4-11 Fixture p4_11_page_1_ecaf108242,,,True,0.000,0.000,OutOfStock
3810,p4_11_page_1_ee95ee0340,P4-11 Fixture p4_11_page_1_ee95ee0340,,,True,0.000,0.000,OutOfStock
2131,p4_11_page_1_eee7704c47,P4-11 Fixture p4_11_page_1_eee7704c47,,,True,0.000,0.000,OutOfStock
6519,p4_11_page_1_f164f2e980,P4-11 Fixture p4_11_page_1_f164f2e980,,,True,0.000,0.000,OutOfStock
5509,p4_11_page_1_fc22214368,P4-11 Fixture p4_11_page_1_fc22214368,,,True,0.000,0.000,OutOfStock
9373,p4_11_page_1_fca42c98aa,P4-11 Fixture p4_11_page_1_fca42c98aa,,,True,0.000,0.000,OutOfStock
3987,p4_11_page_2_05bb83f114,P4-11 Fixture p4_11_page_2_05bb83f114,,,True,0.000,0.000,OutOfStock
5003,p4_11_page_2_09cb1cf865,P4-11 Fixture p4_11_page_2_09cb1cf865,,,True,0.000,0.000,OutOfStock
11804,p4_11_page_2_0c73207aed,P4-11 Fixture p4_11_page_2_0c73207aed,,,True,0.000,0.000,OutOfStock
2141,p4_11_page_2_1ac6d41874,P4-11 Fixture p4_11_page_2_1ac6d41874,,,True,0.000,0.000,OutOfStock
9919,p4_11_page_2_207cac628f,P4-11 Fixture p4_11_page_2_207cac628f,,,True,0.000,0.000,OutOfStock
5779,p4_11_page_2_2a8bd45dbe,P4-11 Fixture p4_11_page_2_2a8bd45dbe,,,True,0.000,0.000,OutOfStock
2164,p4_11_page_2_30fa0b7a23,P4-11 Fixture p4_11_page_2_30fa0b7a23,,,True,0.000,0.000,OutOfStock
12074,p4_11_page_2_40ab0b5252,P4-11 Fixture p4_11_page_2_40ab0b5252,,,True,0.000,0.000,OutOfStock
9407,p4_11_page_2_420c853073,P4-11 Fixture p4_11_page_2_420c853073,,,True,0.000,0.000,OutOfStock
8110,p4_11_page_2_457e67cd40,P4-11 Fixture p4_11_page_2_457e67cd40,,,True,0.000,0.000,OutOfStock
5279,p4_11_page_2_45c72acc69,P4-11 Fixture p4_11_page_2_45c72acc69,,,True,0.000,0.000,OutOfStock
8366,p4_11_page_2_47f1140602,P4-11 Fixture p4_11_page_2_47f1140602,,,True,0.000,0.000,OutOfStock
11270,p4_11_page_2_4d3e6b0152,P4-11 Fixture p4_11_page_2_4d3e6b0152,,,True,0.000,0.000,OutOfStock
10458,p4_11_page_2_4d682faed9,P4-11 Fixture p4_11_page_2_4d682faed9,,,True,0.000,0.000,OutOfStock
3515,p4_11_page_2_5655500e84,P4-11 Fixture p4_11_page_2_5655500e84,,,True,0.000,0.000,OutOfStock
3212,p4_11_page_2_595f27504a,P4-11 Fixture p4_11_page_2_595f27504a,,,True,0.000,0.000,OutOfStock
10185,p4_11_page_2_5cd875f20e,P4-11 Fixture p4_11_page_2_5cd875f20e,,,True,0.000,0.000,OutOfStock
2616,p4_11_page_2_5e8883b46d,P4-11 Fixture p4_11_page_2_5e8883b46d,,,True,0.000,0.000,OutOfStock
11537,p4_11_page_2_62e183b5e0,P4-11 Fixture p4_11_page_2_62e183b5e0,,,True,0.000,0.000,OutOfStock
6763,p4_11_page_2_63825af829,P4-11 Fixture p4_11_page_2_63825af829,,,True,0.000,0.000,OutOfStock
2334,p4_11_page_2_74923d33fb,P4-11 Fixture p4_11_page_2_74923d33fb,,,True,0.000,0.000,OutOfStock
7342,p4_11_page_2_7e11a901a0,P4-11 Fixture p4_11_page_2_7e11a901a0,,,True,0.000,0.000,OutOfStock
9134,p4_11_page_2_7eec05bbba,P4-11 Fixture p4_11_page_2_7eec05bbba,,,True,0.000,0.000,OutOfStock
11003,p4_11_page_2_8162ef07de,P4-11 Fixture p4_11_page_2_8162ef07de,,,True,0.000,0.000,OutOfStock
13475,p4_11_page_2_83fd49028c,P4-11 Fixture p4_11_page_2_83fd49028c,,,True,0.000,0.000,OutOfStock
2757,p4_11_page_2_8583eeb484,P4-11 Fixture p4_11_page_2_8583eeb484,,,True,0.000,0.000,OutOfStock
6033,p4_11_page_2_86c7f9ce6b,P4-11 Fixture p4_11_page_2_86c7f9ce6b,,,True,0.000,0.000,OutOfStock
2193,p4_11_page_2_92a4d7a356,P4-11 Fixture p4_11_page_2_92a4d7a356,,,True,0.000,0.000,OutOfStock
10725,p4_11_page_2_94896e1946,P4-11 Fixture p4_11_page_2_94896e1946,,,True,0.000,0.000,OutOfStock
13755,p4_11_page_2_973c39abcd,P4-11 Fixture p4_11_page_2_973c39abcd,,,True,0.000,0.000,OutOfStock
7071,p4_11_page_2_98e0454be2,P4-11 Fixture p4_11_page_2_98e0454be2,,,True,0.000,0.000,OutOfStock
4603,p4_11_page_2_9ac6628163,P4-11 Fixture p4_11_page_2_9ac6628163,,,True,0.000,0.000,OutOfStock
2898,p4_11_page_2_a14ada60ba,P4-11 Fixture p4_11_page_2_a14ada60ba,,,True,0.000,0.000,OutOfStock
4407,p4_11_page_2_a199bff85b,P4-11 Fixture p4_11_page_2_a199bff85b,,,True,0.000,0.000,OutOfStock
7854,p4_11_page_2_a42b4758a2,P4-11 Fixture p4_11_page_2_a42b4758a2,,,True,0.000,0.000,OutOfStock
2152,p4_11_page_2_a6c97ef495,P4-11 Fixture p4_11_page_2_a6c97ef495,,,True,0.000,0.000,OutOfStock
6273,p4_11_page_2_af2f9c08bb,P4-11 Fixture p4_11_page_2_af2f9c08bb,,,True,0.000,0.000,OutOfStock
12354,p4_11_page_2_b097c219ca,P4-11 Fixture p4_11_page_2_b097c219ca,,,True,0.000,0.000,OutOfStock
3360,p4_11_page_2_bd08292098,P4-11 Fixture p4_11_page_2_bd08292098,,,True,0.000,0.000,OutOfStock
8622,p4_11_page_2_c36dad3b1c,P4-11 Fixture p4_11_page_2_c36dad3b1c,,,True,0.000,0.000,OutOfStock
4163,p4_11_page_2_c404e2268d,P4-11 Fixture p4_11_page_2_c404e2268d,,,True,0.000,0.000,OutOfStock
12634,p4_11_page_2_ca93e34def,P4-11 Fixture p4_11_page_2_ca93e34def,,,True,0.000,0.000,OutOfStock
2475,p4_11_page_2_cc25693f87,P4-11 Fixture p4_11_page_2_cc25693f87,,,True,0.000,0.000,OutOfStock
12914,p4_11_page_2_d4244ffd42,P4-11 Fixture p4_11_page_2_d4244ffd42,,,True,0.000,0.000,OutOfStock
3039,p4_11_page_2_d59c5832b7,P4-11 Fixture p4_11_page_2_d59c5832b7,,,True,0.000,0.000,OutOfStock
9663,p4_11_page_2_d81a268fd3,P4-11 Fixture p4_11_page_2_d81a268fd3,,,True,0.000,0.000,OutOfStock
8878,p4_11_page_2_db07614156,P4-11 Fixture p4_11_page_2_db07614156,,,True,0.000,0.000,OutOfStock
4799,p4_11_page_2_db5d1a45bc,P4-11 Fixture p4_11_page_2_db5d1a45bc,,,True,0.000,0.000,OutOfStock
13194,p4_11_page_2_ddbcad686f,P4-11 Fixture p4_11_page_2_ddbcad686f,,,True,0.000,0.000,OutOfStock
7598,p4_11_page_2_eaa340e65c,P4-11 Fixture p4_11_page_2_eaa340e65c,,,True,0.000,0.000,OutOfStock
3663,p4_11_page_2_ecaf108242,P4-11 Fixture p4_11_page_2_ecaf108242,,,True,0.000,0.000,OutOfStock
3811,p4_11_page_2_ee95ee0340,P4-11 Fixture p4_11_page_2_ee95ee0340,,,True,0.000,0.000,OutOfStock
2132,p4_11_page_2_eee7704c47,P4-11 Fixture p4_11_page_2_eee7704c47,,,True,0.000,0.000,OutOfStock
6520,p4_11_page_2_f164f2e980,P4-11 Fixture p4_11_page_2_f164f2e980,,,True,0.000,0.000,OutOfStock
5510,p4_11_page_2_fc22214368,P4-11 Fixture p4_11_page_2_fc22214368,,,True,0.000,0.000,OutOfStock
9374,p4_11_page_2_fca42c98aa,P4-11 Fixture p4_11_page_2_fca42c98aa,,,True,0.000,0.000,OutOfStock
3988,p4_11_page_3_05bb83f114,P4-11 Fixture p4_11_page_3_05bb83f114,,,True,0.000,0.000,OutOfStock
5004,p4_11_page_3_09cb1cf865,P4-11 Fixture p4_11_page_3_09cb1cf865,,,True,0.000,0.000,OutOfStock
11805,p4_11_page_3_0c73207aed,P4-11 Fixture p4_11_page_3_0c73207aed,,,True,0.000,0.000,OutOfStock
2142,p4_11_page_3_1ac6d41874,P4-11 Fixture p4_11_page_3_1ac6d41874,,,True,0.000,0.000,OutOfStock
9920,p4_11_page_3_207cac628f,P4-11 Fixture p4_11_page_3_207cac628f,,,True,0.000,0.000,OutOfStock
5780,p4_11_page_3_2a8bd45dbe,P4-11 Fixture p4_11_page_3_2a8bd45dbe,,,True,0.000,0.000,OutOfStock
2165,p4_11_page_3_30fa0b7a23,P4-11 Fixture p4_11_page_3_30fa0b7a23,,,True,0.000,0.000,OutOfStock
12075,p4_11_page_3_40ab0b5252,P4-11 Fixture p4_11_page_3_40ab0b5252,,,True,0.000,0.000,OutOfStock
9408,p4_11_page_3_420c853073,P4-11 Fixture p4_11_page_3_420c853073,,,True,0.000,0.000,OutOfStock
8111,p4_11_page_3_457e67cd40,P4-11 Fixture p4_11_page_3_457e67cd40,,,True,0.000,0.000,OutOfStock
5280,p4_11_page_3_45c72acc69,P4-11 Fixture p4_11_page_3_45c72acc69,,,True,0.000,0.000,OutOfStock
8367,p4_11_page_3_47f1140602,P4-11 Fixture p4_11_page_3_47f1140602,,,True,0.000,0.000,OutOfStock
11271,p4_11_page_3_4d3e6b0152,P4-11 Fixture p4_11_page_3_4d3e6b0152,,,True,0.000,0.000,OutOfStock
10459,p4_11_page_3_4d682faed9,P4-11 Fixture p4_11_page_3_4d682faed9,,,True,0.000,0.000,OutOfStock
3516,p4_11_page_3_5655500e84,P4-11 Fixture p4_11_page_3_5655500e84,,,True,0.000,0.000,OutOfStock
3213,p4_11_page_3_595f27504a,P4-11 Fixture p4_11_page_3_595f27504a,,,True,0.000,0.000,OutOfStock
10186,p4_11_page_3_5cd875f20e,P4-11 Fixture p4_11_page_3_5cd875f20e,,,True,0.000,0.000,OutOfStock
2617,p4_11_page_3_5e8883b46d,P4-11 Fixture p4_11_page_3_5e8883b46d,,,True,0.000,0.000,OutOfStock
11538,p4_11_page_3_62e183b5e0,P4-11 Fixture p4_11_page_3_62e183b5e0,,,True,0.000,0.000,OutOfStock
6764,p4_11_page_3_63825af829,P4-11 Fixture p4_11_page_3_63825af829,,,True,0.000,0.000,OutOfStock
2335,p4_11_page_3_74923d33fb,P4-11 Fixture p4_11_page_3_74923d33fb,,,True,0.000,0.000,OutOfStock
7343,p4_11_page_3_7e11a901a0,P4-11 Fixture p4_11_page_3_7e11a901a0,,,True,0.000,0.000,OutOfStock
9135,p4_11_page_3_7eec05bbba,P4-11 Fixture p4_11_page_3_7eec05bbba,,,True,0.000,0.000,OutOfStock
11004,p4_11_page_3_8162ef07de,P4-11 Fixture p4_11_page_3_8162ef07de,,,True,0.000,0.000,OutOfStock
13476,p4_11_page_3_83fd49028c,P4-11 Fixture p4_11_page_3_83fd49028c,,,True,0.000,0.000,OutOfStock
2758,p4_11_page_3_8583eeb484,P4-11 Fixture p4_11_page_3_8583eeb484,,,True,0.000,0.000,OutOfStock
6034,p4_11_page_3_86c7f9ce6b,P4-11 Fixture p4_11_page_3_86c7f9ce6b,,,True,0.000,0.000,OutOfStock
2194,p4_11_page_3_92a4d7a356,P4-11 Fixture p4_11_page_3_92a4d7a356,,,True,0.000,0.000,OutOfStock
10726,p4_11_page_3_94896e1946,P4-11 Fixture p4_11_page_3_94896e1946,,,True,0.000,0.000,OutOfStock
13756,p4_11_page_3_973c39abcd,P4-11 Fixture p4_11_page_3_973c39abcd,,,True,0.000,0.000,OutOfStock
7072,p4_11_page_3_98e0454be2,P4-11 Fixture p4_11_page_3_98e0454be2,,,True,0.000,0.000,OutOfStock
4604,p4_11_page_3_9ac6628163,P4-11 Fixture p4_11_page_3_9ac6628163,,,True,0.000,0.000,OutOfStock
2899,p4_11_page_3_a14ada60ba,P4-11 Fixture p4_11_page_3_a14ada60ba,,,True,0.000,0.000,OutOfStock
4408,p4_11_page_3_a199bff85b,P4-11 Fixture p4_11_page_3_a199bff85b,,,True,0.000,0.000,OutOfStock
7855,p4_11_page_3_a42b4758a2,P4-11 Fixture p4_11_page_3_a42b4758a2,,,True,0.000,0.000,OutOfStock
2153,p4_11_page_3_a6c97ef495,P4-11 Fixture p4_11_page_3_a6c97ef495,,,True,0.000,0.000,OutOfStock
6274,p4_11_page_3_af2f9c08bb,P4-11 Fixture p4_11_page_3_af2f9c08bb,,,True,0.000,0.000,OutOfStock
12355,p4_11_page_3_b097c219ca,P4-11 Fixture p4_11_page_3_b097c219ca,,,True,0.000,0.000,OutOfStock
3361,p4_11_page_3_bd08292098,P4-11 Fixture p4_11_page_3_bd08292098,,,True,0.000,0.000,OutOfStock
8623,p4_11_page_3_c36dad3b1c,P4-11 Fixture p4_11_page_3_c36dad3b1c,,,True,0.000,0.000,OutOfStock
4164,p4_11_page_3_c404e2268d,P4-11 Fixture p4_11_page_3_c404e2268d,,,True,0.000,0.000,OutOfStock
12635,p4_11_page_3_ca93e34def,P4-11 Fixture p4_11_page_3_ca93e34def,,,True,0.000,0.000,OutOfStock
2476,p4_11_page_3_cc25693f87,P4-11 Fixture p4_11_page_3_cc25693f87,,,True,0.000,0.000,OutOfStock
12915,p4_11_page_3_d4244ffd42,P4-11 Fixture p4_11_page_3_d4244ffd42,,,True,0.000,0.000,OutOfStock
3040,p4_11_page_3_d59c5832b7,P4-11 Fixture p4_11_page_3_d59c5832b7,,,True,0.000,0.000,OutOfStock
9664,p4_11_page_3_d81a268fd3,P4-11 Fixture p4_11_page_3_d81a268fd3,,,True,0.000,0.000,OutOfStock
8879,p4_11_page_3_db07614156,P4-11 Fixture p4_11_page_3_db07614156,,,True,0.000,0.000,OutOfStock
4800,p4_11_page_3_db5d1a45bc,P4-11 Fixture p4_11_page_3_db5d1a45bc,,,True,0.000,0.000,OutOfStock
13195,p4_11_page_3_ddbcad686f,P4-11 Fixture p4_11_page_3_ddbcad686f,,,True,0.000,0.000,OutOfStock
7599,p4_11_page_3_eaa340e65c,P4-11 Fixture p4_11_page_3_eaa340e65c,,,True,0.000,0.000,OutOfStock
3664,p4_11_page_3_ecaf108242,P4-11 Fixture p4_11_page_3_ecaf108242,,,True,0.000,0.000,OutOfStock
3812,p4_11_page_3_ee95ee0340,P4-11 Fixture p4_11_page_3_ee95ee0340,,,True,0.000,0.000,OutOfStock
2133,p4_11_page_3_eee7704c47,P4-11 Fixture p4_11_page_3_eee7704c47,,,True,0.000,0.000,OutOfStock
6521,p4_11_page_3_f164f2e980,P4-11 Fixture p4_11_page_3_f164f2e980,,,True,0.000,0.000,OutOfStock
5511,p4_11_page_3_fc22214368,P4-11 Fixture p4_11_page_3_fc22214368,,,True,0.000,0.000,OutOfStock
9375,p4_11_page_3_fca42c98aa,P4-11 Fixture p4_11_page_3_fca42c98aa,,,True,0.000,0.000,OutOfStock
3989,p4_11_page_4_05bb83f114,P4-11 Fixture p4_11_page_4_05bb83f114,,,True,0.000,0.000,OutOfStock
5005,p4_11_page_4_09cb1cf865,P4-11 Fixture p4_11_page_4_09cb1cf865,,,True,0.000,0.000,OutOfStock
11806,p4_11_page_4_0c73207aed,P4-11 Fixture p4_11_page_4_0c73207aed,,,True,0.000,0.000,OutOfStock
2143,p4_11_page_4_1ac6d41874,P4-11 Fixture p4_11_page_4_1ac6d41874,,,True,0.000,0.000,OutOfStock
9921,p4_11_page_4_207cac628f,P4-11 Fixture p4_11_page_4_207cac628f,,,True,0.000,0.000,OutOfStock
5781,p4_11_page_4_2a8bd45dbe,P4-11 Fixture p4_11_page_4_2a8bd45dbe,,,True,0.000,0.000,OutOfStock
2166,p4_11_page_4_30fa0b7a23,P4-11 Fixture p4_11_page_4_30fa0b7a23,,,True,0.000,0.000,OutOfStock
12076,p4_11_page_4_40ab0b5252,P4-11 Fixture p4_11_page_4_40ab0b5252,,,True,0.000,0.000,OutOfStock
9409,p4_11_page_4_420c853073,P4-11 Fixture p4_11_page_4_420c853073,,,True,0.000,0.000,OutOfStock
8112,p4_11_page_4_457e67cd40,P4-11 Fixture p4_11_page_4_457e67cd40,,,True,0.000,0.000,OutOfStock
5281,p4_11_page_4_45c72acc69,P4-11 Fixture p4_11_page_4_45c72acc69,,,True,0.000,0.000,OutOfStock
8368,p4_11_page_4_47f1140602,P4-11 Fixture p4_11_page_4_47f1140602,,,True,0.000,0.000,OutOfStock
11272,p4_11_page_4_4d3e6b0152,P4-11 Fixture p4_11_page_4_4d3e6b0152,,,True,0.000,0.000,OutOfStock
10460,p4_11_page_4_4d682faed9,P4-11 Fixture p4_11_page_4_4d682faed9,,,True,0.000,0.000,OutOfStock
3517,p4_11_page_4_5655500e84,P4-11 Fixture p4_11_page_4_5655500e84,,,True,0.000,0.000,OutOfStock
3214,p4_11_page_4_595f27504a,P4-11 Fixture p4_11_page_4_595f27504a,,,True,0.000,0.000,OutOfStock
10187,p4_11_page_4_5cd875f20e,P4-11 Fixture p4_11_page_4_5cd875f20e,,,True,0.000,0.000,OutOfStock
2618,p4_11_page_4_5e8883b46d,P4-11 Fixture p4_11_page_4_5e8883b46d,,,True,0.000,0.000,OutOfStock
11539,p4_11_page_4_62e183b5e0,P4-11 Fixture p4_11_page_4_62e183b5e0,,,True,0.000,0.000,OutOfStock
6765,p4_11_page_4_63825af829,P4-11 Fixture p4_11_page_4_63825af829,,,True,0.000,0.000,OutOfStock
2336,p4_11_page_4_74923d33fb,P4-11 Fixture p4_11_page_4_74923d33fb,,,True,0.000,0.000,OutOfStock
7344,p4_11_page_4_7e11a901a0,P4-11 Fixture p4_11_page_4_7e11a901a0,,,True,0.000,0.000,OutOfStock
9136,p4_11_page_4_7eec05bbba,P4-11 Fixture p4_11_page_4_7eec05bbba,,,True,0.000,0.000,OutOfStock
11005,p4_11_page_4_8162ef07de,P4-11 Fixture p4_11_page_4_8162ef07de,,,True,0.000,0.000,OutOfStock
13477,p4_11_page_4_83fd49028c,P4-11 Fixture p4_11_page_4_83fd49028c,,,True,0.000,0.000,OutOfStock
2759,p4_11_page_4_8583eeb484,P4-11 Fixture p4_11_page_4_8583eeb484,,,True,0.000,0.000,OutOfStock
6035,p4_11_page_4_86c7f9ce6b,P4-11 Fixture p4_11_page_4_86c7f9ce6b,,,True,0.000,0.000,OutOfStock
2195,p4_11_page_4_92a4d7a356,P4-11 Fixture p4_11_page_4_92a4d7a356,,,True,0.000,0.000,OutOfStock
10727,p4_11_page_4_94896e1946,P4-11 Fixture p4_11_page_4_94896e1946,,,True,0.000,0.000,OutOfStock
13757,p4_11_page_4_973c39abcd,P4-11 Fixture p4_11_page_4_973c39abcd,,,True,0.000,0.000,OutOfStock
7073,p4_11_page_4_98e0454be2,P4-11 Fixture p4_11_page_4_98e0454be2,,,True,0.000,0.000,OutOfStock
4605,p4_11_page_4_9ac6628163,P4-11 Fixture p4_11_page_4_9ac6628163,,,True,0.000,0.000,OutOfStock
2900,p4_11_page_4_a14ada60ba,P4-11 Fixture p4_11_page_4_a14ada60ba,,,True,0.000,0.000,OutOfStock
4409,p4_11_page_4_a199bff85b,P4-11 Fixture p4_11_page_4_a199bff85b,,,True,0.000,0.000,OutOfStock
7856,p4_11_page_4_a42b4758a2,P4-11 Fixture p4_11_page_4_a42b4758a2,,,True,0.000,0.000,OutOfStock
2154,p4_11_page_4_a6c97ef495,P4-11 Fixture p4_11_page_4_a6c97ef495,,,True,0.000,0.000,OutOfStock
6275,p4_11_page_4_af2f9c08bb,P4-11 Fixture p4_11_page_4_af2f9c08bb,,,True,0.000,0.000,OutOfStock
12356,p4_11_page_4_b097c219ca,P4-11 Fixture p4_11_page_4_b097c219ca,,,True,0.000,0.000,OutOfStock
3362,p4_11_page_4_bd08292098,P4-11 Fixture p4_11_page_4_bd08292098,,,True,0.000,0.000,OutOfStock
8624,p4_11_page_4_c36dad3b1c,P4-11 Fixture p4_11_page_4_c36dad3b1c,,,True,0.000,0.000,OutOfStock
4165,p4_11_page_4_c404e2268d,P4-11 Fixture p4_11_page_4_c404e2268d,,,True,0.000,0.000,OutOfStock
12636,p4_11_page_4_ca93e34def,P4-11 Fixture p4_11_page_4_ca93e34def,,,True,0.000,0.000,OutOfStock
2477,p4_11_page_4_cc25693f87,P4-11 Fixture p4_11_page_4_cc25693f87,,,True,0.000,0.000,OutOfStock
12916,p4_11_page_4_d4244ffd42,P4-11 Fixture p4_11_page_4_d4244ffd42,,,True,0.000,0.000,OutOfStock
3041,p4_11_page_4_d59c5832b7,P4-11 Fixture p4_11_page_4_d59c5832b7,,,True,0.000,0.000,OutOfStock
9665,p4_11_page_4_d81a268fd3,P4-11 Fixture p4_11_page_4_d81a268fd3,,,True,0.000,0.000,OutOfStock
8880,p4_11_page_4_db07614156,P4-11 Fixture p4_11_page_4_db07614156,,,True,0.000,0.000,OutOfStock
4801,p4_11_page_4_db5d1a45bc,P4-11 Fixture p4_11_page_4_db5d1a45bc,,,True,0.000,0.000,OutOfStock
13196,p4_11_page_4_ddbcad686f,P4-11 Fixture p4_11_page_4_ddbcad686f,,,True,0.000,0.000,OutOfStock
7600,p4_11_page_4_eaa340e65c,P4-11 Fixture p4_11_page_4_eaa340e65c,,,True,0.000,0.000,OutOfStock
3665,p4_11_page_4_ecaf108242,P4-11 Fixture p4_11_page_4_ecaf108242,,,True,0.000,0.000,OutOfStock
3813,p4_11_page_4_ee95ee0340,P4-11 Fixture p4_11_page_4_ee95ee0340,,,True,0.000,0.000,OutOfStock
2134,p4_11_page_4_eee7704c47,P4-11 Fixture p4_11_page_4_eee7704c47,,,True,0.000,0.000,OutOfStock
6522,p4_11_page_4_f164f2e980,P4-11 Fixture p4_11_page_4_f164f2e980,,,True,0.000,0.000,OutOfStock
5512,p4_11_page_4_fc22214368,P4-11 Fixture p4_11_page_4_fc22214368,,,True,0.000,0.000,OutOfStock
9376,p4_11_page_4_fca42c98aa,P4-11 Fixture p4_11_page_4_fca42c98aa,,,True,0.000,0.000,OutOfStock
9913,p4_11_sum_00e3f815e7,P4-11 Fixture p4_11_sum_00e3f815e7,,,True,6.000,0.000,Normal
9368,p4_11_sum_0df3384709,P4-11 Fixture p4_11_sum_0df3384709,,,True,6.000,0.000,Normal
2137,p4_11_sum_21458fd2e4,P4-11 Fixture p4_11_sum_21458fd2e4,,,True,0.000,0.000,OutOfStock
9128,p4_11_sum_26596cffa6,P4-11 Fixture p4_11_sum_26596cffa6,,,True,6.000,0.000,Normal
3981,p4_11_sum_28525cb82c,P4-11 Fixture p4_11_sum_28525cb82c,,,True,6.000,0.000,Normal
2610,p4_11_sum_2d4aae18b8,P4-11 Fixture p4_11_sum_2d4aae18b8,,,True,6.000,0.000,Normal
3206,p4_11_sum_33eed7407f,P4-11 Fixture p4_11_sum_33eed7407f,,,True,6.000,0.000,Normal
10997,p4_11_sum_3652b8fcf4,P4-11 Fixture p4_11_sum_3652b8fcf4,,,True,6.000,0.000,Normal
12628,p4_11_sum_42a5a8e6f7,P4-11 Fixture p4_11_sum_42a5a8e6f7,,,True,6.000,0.000,Normal
7592,p4_11_sum_5a0af4a8c5,P4-11 Fixture p4_11_sum_5a0af4a8c5,,,True,6.000,0.000,Normal
13188,p4_11_sum_5af505000b,P4-11 Fixture p4_11_sum_5af505000b,,,True,6.000,0.000,Normal
12908,p4_11_sum_5ce754e42b,P4-11 Fixture p4_11_sum_5ce754e42b,,,True,6.000,0.000,Normal
4997,p4_11_sum_67befe81cb,P4-11 Fixture p4_11_sum_67befe81cb,,,True,6.000,0.000,Normal
12348,p4_11_sum_69ac782960,P4-11 Fixture p4_11_sum_69ac782960,,,True,6.000,0.000,Normal
11531,p4_11_sum_6a96399a95,P4-11 Fixture p4_11_sum_6a96399a95,,,True,6.000,0.000,Normal
9657,p4_11_sum_70e600644e,P4-11 Fixture p4_11_sum_70e600644e,,,True,6.000,0.000,Normal
13469,p4_11_sum_7454773b65,P4-11 Fixture p4_11_sum_7454773b65,,,True,6.000,0.000,Normal
10179,p4_11_sum_78ee0a093b,P4-11 Fixture p4_11_sum_78ee0a093b,,,True,6.000,0.000,Normal
7848,p4_11_sum_7ae14db2fc,P4-11 Fixture p4_11_sum_7ae14db2fc,,,True,6.000,0.000,Normal
4597,p4_11_sum_7b98c08390,P4-11 Fixture p4_11_sum_7b98c08390,,,True,6.000,0.000,Normal
5773,p4_11_sum_7c6129e62c,P4-11 Fixture p4_11_sum_7c6129e62c,,,True,6.000,0.000,Normal
11264,p4_11_sum_7ecabd319d,P4-11 Fixture p4_11_sum_7ecabd319d,,,True,6.000,0.000,Normal
2751,p4_11_sum_8014197fd5,P4-11 Fixture p4_11_sum_8014197fd5,,,True,6.000,0.000,Normal
2469,p4_11_sum_867d65e94a,P4-11 Fixture p4_11_sum_867d65e94a,,,True,6.000,0.000,Normal
6757,p4_11_sum_88d35f2290,P4-11 Fixture p4_11_sum_88d35f2290,,,True,6.000,0.000,Normal
7065,p4_11_sum_894d55eb33,P4-11 Fixture p4_11_sum_894d55eb33,,,True,6.000,0.000,Normal
3657,p4_11_sum_8cffd1b37e,P4-11 Fixture p4_11_sum_8cffd1b37e,,,True,6.000,0.000,Normal
4401,p4_11_sum_944e3d0664,P4-11 Fixture p4_11_sum_944e3d0664,,,True,6.000,0.000,Normal
2128,p4_11_sum_96e762a886,P4-11 Fixture p4_11_sum_96e762a886,,,True,0.000,0.000,OutOfStock
3805,p4_11_sum_97d6df2d0c,P4-11 Fixture p4_11_sum_97d6df2d0c,,,True,6.000,0.000,Normal
4793,p4_11_sum_9bd0ea1ac4,P4-11 Fixture p4_11_sum_9bd0ea1ac4,,,True,6.000,0.000,Normal
12068,p4_11_sum_9c3c5ba6cd,P4-11 Fixture p4_11_sum_9c3c5ba6cd,,,True,6.000,0.000,Normal
3509,p4_11_sum_a0461ca625,P4-11 Fixture p4_11_sum_a0461ca625,,,True,6.000,0.000,Normal
11798,p4_11_sum_a2cca0502a,P4-11 Fixture p4_11_sum_a2cca0502a,,,True,6.000,0.000,Normal
8616,p4_11_sum_a2ed1e5b31,P4-11 Fixture p4_11_sum_a2ed1e5b31,,,True,6.000,0.000,Normal
8360,p4_11_sum_a53ff4f3b8,P4-11 Fixture p4_11_sum_a53ff4f3b8,,,True,6.000,0.000,Normal
5273,p4_11_sum_a5fe553c17,P4-11 Fixture p4_11_sum_a5fe553c17,,,True,6.000,0.000,Normal
2187,p4_11_sum_a6abf66af1,P4-11 Fixture p4_11_sum_a6abf66af1,,,True,6.000,0.000,Normal
8872,p4_11_sum_b2304bcae5,P4-11 Fixture p4_11_sum_b2304bcae5,,,True,6.000,0.000,Normal
10719,p4_11_sum_b803a62ca8,P4-11 Fixture p4_11_sum_b803a62ca8,,,True,6.000,0.000,Normal
13749,p4_11_sum_bd77bff0c2,P4-11 Fixture p4_11_sum_bd77bff0c2,,,True,6.000,0.000,Normal
2158,p4_11_sum_c0fb0dd9e0,P4-11 Fixture p4_11_sum_c0fb0dd9e0,,,True,6.000,0.000,Normal
2157,p4_11_sum_c1fb0c73e9,P4-11 Fixture p4_11_sum_c1fb0c73e9,,,True,6.000,0.000,Normal
9401,p4_11_sum_c67529b44e,P4-11 Fixture p4_11_sum_c67529b44e,,,True,6.000,0.000,Normal
6514,p4_11_sum_c6908ad330,P4-11 Fixture p4_11_sum_c6908ad330,,,True,6.000,0.000,Normal
2892,p4_11_sum_c6ca412fb4,P4-11 Fixture p4_11_sum_c6ca412fb4,,,True,6.000,0.000,Normal
2328,p4_11_sum_d7f9f92d98,P4-11 Fixture p4_11_sum_d7f9f92d98,,,True,6.000,0.000,Normal
6027,p4_11_sum_dd197546eb,P4-11 Fixture p4_11_sum_dd197546eb,,,True,6.000,0.000,Normal
10452,p4_11_sum_df9c800e02,P4-11 Fixture p4_11_sum_df9c800e02,,,True,6.000,0.000,Normal
8104,p4_11_sum_e09dbf2b67,P4-11 Fixture p4_11_sum_e09dbf2b67,,,True,6.000,0.000,Normal
6267,p4_11_sum_e404164fdc,P4-11 Fixture p4_11_sum_e404164fdc,,,True,6.000,0.000,Normal
3033,p4_11_sum_e4d90aaf25,P4-11 Fixture p4_11_sum_e4d90aaf25,,,True,6.000,0.000,Normal
5504,p4_11_sum_e540fc0f37,P4-11 Fixture p4_11_sum_e540fc0f37,,,True,6.000,0.000,Normal
7336,p4_11_sum_f0582e0f38,P4-11 Fixture p4_11_sum_f0582e0f38,,,True,6.000,0.000,Normal
2146,p4_11_sum_f24a049d32,P4-11 Fixture p4_11_sum_f24a049d32,,,True,6.000,0.000,Normal
4157,p4_11_sum_f2bba7dff7,P4-11 Fixture p4_11_sum_f2bba7dff7,,,True,6.000,0.000,Normal
3354,p4_11_sum_f51cc074fc,P4-11 Fixture p4_11_sum_f51cc074fc,,,True,6.000,0.000,Normal
3667,p4_11_unbounded_0042afb726,P4-11 Fixture p4_11_unbounded_0042afb726,,,True,0.000,0.000,OutOfStock
13479,p4_11_unbounded_08a170fa35,P4-11 Fixture p4_11_unbounded_08a170fa35,,,True,0.000,0.000,OutOfStock
6524,p4_11_unbounded_0f48c50b51,P4-11 Fixture p4_11_unbounded_0f48c50b51,,,True,0.000,0.000,OutOfStock
5007,p4_11_unbounded_19bc877379,P4-11 Fixture p4_11_unbounded_19bc877379,,,True,0.000,0.000,OutOfStock
11007,p4_11_unbounded_1a1a68abcb,P4-11 Fixture p4_11_unbounded_1a1a68abcb,,,True,0.000,0.000,OutOfStock
2156,p4_11_unbounded_1f7f322fa0,P4-11 Fixture p4_11_unbounded_1f7f322fa0,,,True,0.000,0.000,OutOfStock
6037,p4_11_unbounded_2c003a0dab,P4-11 Fixture p4_11_unbounded_2c003a0dab,,,True,0.000,0.000,OutOfStock
4411,p4_11_unbounded_2fcd71c106,P4-11 Fixture p4_11_unbounded_2fcd71c106,,,True,0.000,0.000,OutOfStock
11808,p4_11_unbounded_3301977159,P4-11 Fixture p4_11_unbounded_3301977159,,,True,0.000,0.000,OutOfStock
7858,p4_11_unbounded_35b3a2ee14,P4-11 Fixture p4_11_unbounded_35b3a2ee14,,,True,0.000,0.000,OutOfStock
6277,p4_11_unbounded_36d35e087a,P4-11 Fixture p4_11_unbounded_36d35e087a,,,True,0.000,0.000,OutOfStock
3216,p4_11_unbounded_3700e9ddff,P4-11 Fixture p4_11_unbounded_3700e9ddff,,,True,0.000,0.000,OutOfStock
12078,p4_11_unbounded_3999211bc0,P4-11 Fixture p4_11_unbounded_3999211bc0,,,True,0.000,0.000,OutOfStock
2145,p4_11_unbounded_3a5e0bb2a1,P4-11 Fixture p4_11_unbounded_3a5e0bb2a1,,,True,0.000,0.000,OutOfStock
9138,p4_11_unbounded_40eba1707d,P4-11 Fixture p4_11_unbounded_40eba1707d,,,True,0.000,0.000,OutOfStock
2136,p4_11_unbounded_470a19d2b1,P4-11 Fixture p4_11_unbounded_470a19d2b1,,,True,0.000,0.000,OutOfStock
7346,p4_11_unbounded_54a2a92033,P4-11 Fixture p4_11_unbounded_54a2a92033,,,True,0.000,0.000,OutOfStock
8114,p4_11_unbounded_5703908c71,P4-11 Fixture p4_11_unbounded_5703908c71,,,True,0.000,0.000,OutOfStock
12918,p4_11_unbounded_57fae12e7a,P4-11 Fixture p4_11_unbounded_57fae12e7a,,,True,0.000,0.000,OutOfStock
8370,p4_11_unbounded_5e8e5b2ec1,P4-11 Fixture p4_11_unbounded_5e8e5b2ec1,,,True,0.000,0.000,OutOfStock
4607,p4_11_unbounded_6038d3b0c1,P4-11 Fixture p4_11_unbounded_6038d3b0c1,,,True,0.000,0.000,OutOfStock
2902,p4_11_unbounded_60a236cb87,P4-11 Fixture p4_11_unbounded_60a236cb87,,,True,0.000,0.000,OutOfStock
12638,p4_11_unbounded_61b8e077c0,P4-11 Fixture p4_11_unbounded_61b8e077c0,,,True,0.000,0.000,OutOfStock
2168,p4_11_unbounded_6240c50c2f,P4-11 Fixture p4_11_unbounded_6240c50c2f,,,True,0.000,0.000,OutOfStock
10189,p4_11_unbounded_62b8d4ca64,P4-11 Fixture p4_11_unbounded_62b8d4ca64,,,True,0.000,0.000,OutOfStock
2761,p4_11_unbounded_654bbc3040,P4-11 Fixture p4_11_unbounded_654bbc3040,,,True,0.000,0.000,OutOfStock
7602,p4_11_unbounded_69220fe1c7,P4-11 Fixture p4_11_unbounded_69220fe1c7,,,True,0.000,0.000,OutOfStock
3043,p4_11_unbounded_6928519b03,P4-11 Fixture p4_11_unbounded_6928519b03,,,True,0.000,0.000,OutOfStock
2338,p4_11_unbounded_6dc007bb4a,P4-11 Fixture p4_11_unbounded_6dc007bb4a,,,True,0.000,0.000,OutOfStock
2620,p4_11_unbounded_6ee40e9eef,P4-11 Fixture p4_11_unbounded_6ee40e9eef,,,True,0.000,0.000,OutOfStock
5514,p4_11_unbounded_7448cd22c1,P4-11 Fixture p4_11_unbounded_7448cd22c1,,,True,0.000,0.000,OutOfStock
11541,p4_11_unbounded_7b17807578,P4-11 Fixture p4_11_unbounded_7b17807578,,,True,0.000,0.000,OutOfStock
9378,p4_11_unbounded_7ddb267435,P4-11 Fixture p4_11_unbounded_7ddb267435,,,True,0.000,0.000,OutOfStock
4803,p4_11_unbounded_8724477498,P4-11 Fixture p4_11_unbounded_8724477498,,,True,0.000,0.000,OutOfStock
12358,p4_11_unbounded_8949c76dc1,P4-11 Fixture p4_11_unbounded_8949c76dc1,,,True,0.000,0.000,OutOfStock
2197,p4_11_unbounded_9b0747e797,P4-11 Fixture p4_11_unbounded_9b0747e797,,,True,0.000,0.000,OutOfStock
9923,p4_11_unbounded_9f7fc75691,P4-11 Fixture p4_11_unbounded_9f7fc75691,,,True,0.000,0.000,OutOfStock
10462,p4_11_unbounded_a17bbc6df0,P4-11 Fixture p4_11_unbounded_a17bbc6df0,,,True,0.000,0.000,OutOfStock
6767,p4_11_unbounded_a4441338e6,P4-11 Fixture p4_11_unbounded_a4441338e6,,,True,0.000,0.000,OutOfStock
4167,p4_11_unbounded_ae93525ca3,P4-11 Fixture p4_11_unbounded_ae93525ca3,,,True,0.000,0.000,OutOfStock
5283,p4_11_unbounded_bccbac2149,P4-11 Fixture p4_11_unbounded_bccbac2149,,,True,0.000,0.000,OutOfStock
9411,p4_11_unbounded_bde022ae1a,P4-11 Fixture p4_11_unbounded_bde022ae1a,,,True,0.000,0.000,OutOfStock
8626,p4_11_unbounded_c095c2ad3b,P4-11 Fixture p4_11_unbounded_c095c2ad3b,,,True,0.000,0.000,OutOfStock
10729,p4_11_unbounded_c2b198c321,P4-11 Fixture p4_11_unbounded_c2b198c321,,,True,0.000,0.000,OutOfStock
3364,p4_11_unbounded_c3598638dd,P4-11 Fixture p4_11_unbounded_c3598638dd,,,True,0.000,0.000,OutOfStock
13198,p4_11_unbounded_c987a755bb,P4-11 Fixture p4_11_unbounded_c987a755bb,,,True,0.000,0.000,OutOfStock
11274,p4_11_unbounded_cff5848926,P4-11 Fixture p4_11_unbounded_cff5848926,,,True,0.000,0.000,OutOfStock
8882,p4_11_unbounded_d5ffba8ccb,P4-11 Fixture p4_11_unbounded_d5ffba8ccb,,,True,0.000,0.000,OutOfStock
9667,p4_11_unbounded_d7c3fbb9f1,P4-11 Fixture p4_11_unbounded_d7c3fbb9f1,,,True,0.000,0.000,OutOfStock
3815,p4_11_unbounded_d95f710cd8,P4-11 Fixture p4_11_unbounded_d95f710cd8,,,True,0.000,0.000,OutOfStock
13759,p4_11_unbounded_e2c846b3b4,P4-11 Fixture p4_11_unbounded_e2c846b3b4,,,True,0.000,0.000,OutOfStock
3991,p4_11_unbounded_eb6c4637f0,P4-11 Fixture p4_11_unbounded_eb6c4637f0,,,True,0.000,0.000,OutOfStock
2479,p4_11_unbounded_f330e3e35d,P4-11 Fixture p4_11_unbounded_f330e3e35d,,,True,0.000,0.000,OutOfStock
7075,p4_11_unbounded_f78789424b,P4-11 Fixture p4_11_unbounded_f78789424b,,,True,0.000,0.000,OutOfStock
3519,p4_11_unbounded_f9f185acb9,P4-11 Fixture p4_11_unbounded_f9f185acb9,,,True,0.000,0.000,OutOfStock
5783,p4_11_unbounded_fb30603075,P4-11 Fixture p4_11_unbounded_fb30603075,,,True,0.000,0.000,OutOfStock
3156,p4_15_fixture_sku_2a56ac5a3be24838,P4-15 Fixture Product,,,True,136.000,0.000,Normal
3157,p4_15_fixture_sku_1737c64577b14d93,P4-15 Fixture Product,,,True,5.000,0.000,Normal
3158,p4_15_fixture_sku_2cca54daa473460b,P4-15 Fixture Product,,,True,5.000,0.000,Normal
3159,p4_15_fixture_sku_f874ff97f1bf4db8,P4-15 Fixture Product,,,True,0.000,0.000,OutOfStock
3160,p4_15_fixture_sku_ad8da090b1034214,P4-15 Fixture Product,,,True,0.000,0.000,OutOfStock
3161,p4_15_fixture_sku_a0ba35b3dfe04e84,P4-15 Fixture Product,,,True,0.000,0.000,OutOfStock
3162,p4_15_fixture_sku_c7071a9786aa4661,P4-15 Fixture Product,,,True,5.000,0.000,Normal
3163,p4_15_fixture_sku_170ba58c97c147b1,P4-15 Fixture Product,,,True,136.000,0.000,Normal
3164,p4_15_fixture_sku_174ae9709a784f26,P4-15 Fixture Product,,,True,5.000,0.000,Normal
3165,p4_15_fixture_sku_9b0945a7481d48ff,P4-15 Fixture Product,,,True,0.000,0.000,OutOfStock
3166,p4_15_fixture_sku_96fcdeb3c41145af,P4-15 Fixture Product,,,True,0.000,0.000,OutOfStock
3167,p4_15_fixture_sku_009e47dd95e8418a,P4-15 Fixture Product,,,True,0.000,0.000,OutOfStock
3168,p4_15_fixture_sku_016fe5f992a64ecd,P4-15 Fixture Product,,,True,5.000,0.000,Normal
3169,p4_15_fixture_sku_c2a1c8df933041ee,P4-15 Fixture Product,,,True,5.000,0.000,Normal
3170,p4_15_fixture_sku_760bf2ae928847ba,P4-15 Fixture Product,,,True,136.000,0.000,Normal
3171,p4_15_fixture_sku_8bff6ffa54324cc0,P4-15 Fixture Product,,,True,5.000,0.000,Normal
3172,p4_15_fixture_sku_29fd3044aba84180,P4-15 Fixture Product,,,True,0.000,0.000,OutOfStock
3173,p4_15_fixture_sku_8e4ece5eaba74ced,P4-15 Fixture Product,,,True,0.000,0.000,OutOfStock
3174,p4_15_fixture_sku_76458c64aea14fbb,P4-15 Fixture Product,,,True,0.000,0.000,OutOfStock
3175,p4_15_fixture_sku_872131115fc04544,P4-15 Fixture Product,,,True,0.000,0.000,OutOfStock
3176,p4_15_fixture_sku_7f0175bdb8d848a0,P4-15 Fixture Product,,,True,0.000,0.000,OutOfStock
3177,p4_15_fixture_sku_99a0e82c31214bd3,P4-15 Fixture Product,,,True,106.000,0.000,Normal
3178,p4_15_fixture_sku_fb28b19717a947c0,P4-15 Fixture Product,,,True,5.000,0.000,Normal
3179,p4_15_fixture_sku_0d63d86128db48c0,P4-15 Fixture Product,,,True,5.000,0.000,Normal
3180,p4_15_fixture_sku_527fe4943eef41d3,P4-15 Fixture Product,,,True,5.000,0.000,Normal
3181,p4_15_fixture_sku_d597c2a1f8b64cbb,P4-15 Fixture Product,,,True,5.000,0.000,Normal
3182,p4_15_fixture_sku_1d2df50b706f440e,P4-15 Fixture Product,,,True,0.000,0.000,OutOfStock
3183,p4_15_fixture_sku_33699ba13e35489a,P4-15 Fixture Product,,,True,5.000,0.000,Normal
3184,p4_15_fixture_sku_5bc47b16af854494,P4-15 Fixture Product,,,True,106.000,0.000,Normal
3185,p4_15_fixture_sku_aed59e8ca6df487d,P4-15 Fixture Product,,,True,7.000,0.000,Normal
3186,p4_15_fixture_sku_39b4d77475fc419b,P4-15 Fixture Product,,,True,106.000,0.000,Normal
3187,p4_15_fixture_sku_6a8bd2822cac48a7,P4-15 Fixture Product,,,True,7.000,0.000,Normal
3259,p4_15_fixture_sku_9beda0da42c74dad,P4-15 Fixture Product,,,True,136.000,0.000,Normal
3260,p4_15_fixture_sku_5f3c686e4ed8420a,P4-15 Fixture Product,,,True,2.000,0.000,Normal
3261,p4_15_fixture_sku_8c29ad7834f142d9,P4-15 Fixture Product,,,True,2.000,0.000,Normal
3262,p4_15_fixture_sku_bb21adfe5ce049c2,P4-15 Fixture Product,,,True,2.000,0.000,Normal
3263,p4_15_fixture_sku_fb02b5e277cc44b9,P4-15 Fixture Product,,,True,2.000,0.000,Normal
3264,p4_15_fixture_sku_487bfa8c2b34437a,P4-15 Fixture Product,,,True,2.000,0.000,Normal
3265,p4_15_fixture_sku_6e3de7bdbd2d49df,P4-15 Fixture Product,,,True,2.000,0.000,Normal
3407,p4_15_fixture_sku_60691b3e80aa475f,P4-15 Fixture Product,,,True,136.000,0.000,Normal
3408,p4_15_fixture_sku_98b8a37034ea4e9e,P4-15 Fixture Product,,,True,7.000,0.000,Normal
3409,p4_15_fixture_sku_16f409c6fee847e2,P4-15 Fixture Product,,,True,7.000,0.000,Normal
3410,p4_15_fixture_sku_acd33ca19e4f410e,P4-15 Fixture Product,,,True,7.000,0.000,Normal
3411,p4_15_fixture_sku_20740c62d78049f0,P4-15 Fixture Product,,,True,2.000,0.000,Normal
3412,p4_15_fixture_sku_eb10cf45a9214dda,P4-15 Fixture Product,,,True,7.000,0.000,Normal
3413,p4_15_fixture_sku_f96ebcb7270c4557,P4-15 Fixture Product,,,True,2.000,0.000,Normal
3484,p4_15_fixture_sku_5eb7a2f6e7a540ca,P4-15 Fixture Product,,,True,136.000,0.000,Normal
3485,p4_15_fixture_sku_2e2ca23d50a0490d,P4-15 Fixture Product,,,True,2.000,0.000,Normal
3486,p4_15_fixture_sku_b301c8b90b9c4586,P4-15 Fixture Product,,,True,7.000,0.000,Normal
3487,p4_15_fixture_sku_5f87a162bf4747c4,P4-15 Fixture Product,,,True,2.000,0.000,Normal
3488,p4_15_fixture_sku_b68e1cd85c5442ea,P4-15 Fixture Product,,,True,7.000,0.000,Normal
3489,p4_15_fixture_sku_1a145af896f24b03,P4-15 Fixture Product,,,True,2.000,0.000,Normal
3490,p4_15_fixture_sku_9bca7ac2fd7c4d72,P4-15 Fixture Product,,,True,2.000,0.000,Normal
3562,p4_15_fixture_sku_f4db8bf8f33e4c7f,P4-15 Fixture Product,,,True,136.000,0.000,Normal
3563,p4_15_fixture_sku_e8f96633d6e24dac,P4-15 Fixture Product,,,True,7.000,0.000,Normal
3564,p4_15_fixture_sku_582857de089845b5,P4-15 Fixture Product,,,True,2.000,0.000,Normal
3565,p4_15_fixture_sku_6930207272944638,P4-15 Fixture Product,,,True,2.000,0.000,Normal
3566,p4_15_fixture_sku_7ea5420d831144f0,P4-15 Fixture Product,,,True,2.000,0.000,Normal
3567,p4_15_fixture_sku_abe9c4ec426f4923,P4-15 Fixture Product,,,True,7.000,0.000,Normal
3568,p4_15_fixture_sku_bf92bc29002b4444,P4-15 Fixture Product,,,True,2.000,0.000,Normal
3710,p4_15_fixture_sku_d20e7be455f44763,P4-15 Fixture Product,,,True,136.000,0.000,Normal
3711,p4_15_fixture_sku_5ee4a6d84ab8489c,P4-15 Fixture Product,,,True,7.000,0.000,Normal
3712,p4_15_fixture_sku_46e6bd6a01284cf8,P4-15 Fixture Product,,,True,7.000,0.000,Normal
3713,p4_15_fixture_sku_c1c246c0984d47ce,P4-15 Fixture Product,,,True,2.000,0.000,Normal
3714,p4_15_fixture_sku_35530db6a7f9423f,P4-15 Fixture Product,,,True,2.000,0.000,Normal
3715,p4_15_fixture_sku_7c1ff66b3aa24859,P4-15 Fixture Product,,,True,2.000,0.000,Normal
3716,p4_15_fixture_sku_7d1edf0cb20c4e66,P4-15 Fixture Product,,,True,2.000,0.000,Normal
3858,p4_15_fixture_sku_70bae55b727d4388,P4-15 Fixture Product,,,True,136.000,0.000,Normal
3859,p4_15_fixture_sku_8f7810a765fa4494,P4-15 Fixture Product,,,True,2.000,0.000,Normal
3860,p4_15_fixture_sku_25f88017cf564fb1,P4-15 Fixture Product,,,True,7.000,0.000,Normal
3861,p4_15_fixture_sku_dd7dc980efa040bf,P4-15 Fixture Product,,,True,2.000,0.000,Normal
3862,p4_15_fixture_sku_9fec056ed98e400f,P4-15 Fixture Product,,,True,2.000,0.000,Normal
3863,p4_15_fixture_sku_3f985e7a8b4e4ef8,P4-15 Fixture Product,,,True,2.000,0.000,Normal
3864,p4_15_fixture_sku_f0252c562aab4403,P4-15 Fixture Product,,,True,7.000,0.000,Normal
4062,p4_15_fixture_sku_066a445caba14590,P4-15 Fixture Product,,,True,136.000,0.000,Normal
4063,p4_15_fixture_sku_28525b646cbd436c,P4-15 Fixture Product,,,True,7.000,0.000,Normal
4064,p4_15_fixture_sku_ee53736369a84dd0,P4-15 Fixture Product,,,True,2.000,0.000,Normal
4065,p4_15_fixture_sku_e2b1d99987474d2e,P4-15 Fixture Product,,,True,7.000,0.000,Normal
4066,p4_15_fixture_sku_7a92b2cf1a084be1,P4-15 Fixture Product,,,True,2.000,0.000,Normal
4067,p4_15_fixture_sku_4b519596b65b4174,P4-15 Fixture Product,,,True,7.000,0.000,Normal
4068,p4_15_fixture_sku_6d16cd7d5bba40d9,P4-15 Fixture Product,,,True,7.000,0.000,Normal
4238,p4_15_fixture_sku_36e23c0d95244119,P4-15 Fixture Product,,,True,136.000,0.000,Normal
4239,p4_15_fixture_sku_f6091eb387e54983,P4-15 Fixture Product,,,True,2.000,0.000,Normal
4240,p4_15_fixture_sku_6f23a685854d4ebd,P4-15 Fixture Product,,,True,7.000,0.000,Normal
4241,p4_15_fixture_sku_bb2e5dfb63ab46fb,P4-15 Fixture Product,,,True,7.000,0.000,Normal
4242,p4_15_fixture_sku_107f5311a45b48e0,P4-15 Fixture Product,,,True,2.000,0.000,Normal
4243,p4_15_fixture_sku_81d38358f16b4783,P4-15 Fixture Product,,,True,2.000,0.000,Normal
4244,p4_15_fixture_sku_47a8c63c26ae4782,P4-15 Fixture Product,,,True,2.000,0.000,Normal
4482,p4_15_fixture_sku_5e536513484148b7,P4-15 Fixture Product,,,True,136.000,0.000,Normal
4483,p4_15_fixture_sku_a469963714f94721,P4-15 Fixture Product,,,True,2.000,0.000,Normal
4484,p4_15_fixture_sku_cfb72b5d44754d1b,P4-15 Fixture Product,,,True,7.000,0.000,Normal
4485,p4_15_fixture_sku_ab3fe5a1849c4f8e,P4-15 Fixture Product,,,True,2.000,0.000,Normal
4486,p4_15_fixture_sku_7026c0fb702d47c5,P4-15 Fixture Product,,,True,7.000,0.000,Normal
4487,p4_15_fixture_sku_8b7fa9cb01214b0e,P4-15 Fixture Product,,,True,7.000,0.000,Normal
4488,p4_15_fixture_sku_74b63621295c445f,P4-15 Fixture Product,,,True,2.000,0.000,Normal
4678,p4_15_fixture_sku_ebfbf216d1cf4676,P4-15 Fixture Product,,,True,136.000,0.000,Normal
4679,p4_15_fixture_sku_bbbd4b5cf6c54518,P4-15 Fixture Product,,,True,2.000,0.000,Normal
4680,p4_15_fixture_sku_50769a2cac3f4483,P4-15 Fixture Product,,,True,7.000,0.000,Normal
4681,p4_15_fixture_sku_fc8d508776f54c2b,P4-15 Fixture Product,,,True,2.000,0.000,Normal
4682,p4_15_fixture_sku_9cb6ec395e924fa6,P4-15 Fixture Product,,,True,2.000,0.000,Normal
4683,p4_15_fixture_sku_94fc59e39b214292,P4-15 Fixture Product,,,True,2.000,0.000,Normal
4684,p4_15_fixture_sku_bb91dbe954c54320,P4-15 Fixture Product,,,True,7.000,0.000,Normal
4874,p4_15_fixture_sku_ada386ae9b7147db,P4-15 Fixture Product,,,True,136.000,0.000,Normal
4875,p4_15_fixture_sku_51923ca3182f426b,P4-15 Fixture Product,,,True,2.000,0.000,Normal
4876,p4_15_fixture_sku_2d9cc074620340f9,P4-15 Fixture Product,,,True,2.000,0.000,Normal
4877,p4_15_fixture_sku_6619a2f5e26e4eb2,P4-15 Fixture Product,,,True,7.000,0.000,Normal
4878,p4_15_fixture_sku_b7082a0a3e214f74,P4-15 Fixture Product,,,True,2.000,0.000,Normal
4879,p4_15_fixture_sku_29347b9df03a44ae,P4-15 Fixture Product,,,True,7.000,0.000,Normal
4880,p4_15_fixture_sku_c4d3958d007944e9,P4-15 Fixture Product,,,True,7.000,0.000,Normal
5078,p4_15_fixture_sku_38ee9f6e2c9c41f4,P4-15 Fixture Product,,,True,136.000,0.000,Normal
5079,p4_15_fixture_sku_bfa0c2fc35d94c66,P4-15 Fixture Product,,,True,2.000,0.000,Normal
5080,p4_15_fixture_sku_f7f62a44429542c3,P4-15 Fixture Product,,,True,2.000,0.000,Normal
5081,p4_15_fixture_sku_e8668120bc76452e,P4-15 Fixture Product,,,True,7.000,0.000,Normal
5082,p4_15_fixture_sku_36707fdbe0734065,P4-15 Fixture Product,,,True,2.000,0.000,Normal
5083,p4_15_fixture_sku_d52d38e2b55a4afd,P4-15 Fixture Product,,,True,7.000,0.000,Normal
5084,p4_15_fixture_sku_283fe667f8534fdb,P4-15 Fixture Product,,,True,7.000,0.000,Normal
5362,p4_15_fixture_sku_05b7a391d2fd4b5e,P4-15 Fixture Product,,,True,136.000,0.000,Normal
5363,p4_15_fixture_sku_d45680474a184ea8,P4-15 Fixture Product,,,True,7.000,0.000,Normal
5364,p4_15_fixture_sku_1411cd1bec794bf6,P4-15 Fixture Product,,,True,7.000,0.000,Normal
5365,p4_15_fixture_sku_ad356f7733c04ecd,P4-15 Fixture Product,,,True,7.000,0.000,Normal
5366,p4_15_fixture_sku_dbd765ef2be14c28,P4-15 Fixture Product,,,True,2.000,0.000,Normal
5367,p4_15_fixture_sku_b6b5f2530c114a41,P4-15 Fixture Product,,,True,2.000,0.000,Normal
5368,p4_15_fixture_sku_2aa000336f3a482b,P4-15 Fixture Product,,,True,2.000,0.000,Normal
5593,p4_15_fixture_sku_c3338e11255444b2,P4-15 Fixture Product,,,True,136.000,0.000,Normal
5594,p4_15_fixture_sku_925ceab279e04fe6,P4-15 Fixture Product,,,True,2.000,0.000,Normal
5595,p4_15_fixture_sku_149977970fad43db,P4-15 Fixture Product,,,True,7.000,0.000,Normal
5596,p4_15_fixture_sku_4375be5357454696,P4-15 Fixture Product,,,True,2.000,0.000,Normal
5597,p4_15_fixture_sku_5ab4362179a74155,P4-15 Fixture Product,,,True,7.000,0.000,Normal
5598,p4_15_fixture_sku_10b35f79dc104f2f,P4-15 Fixture Product,,,True,7.000,0.000,Normal
5599,p4_15_fixture_sku_232c9b22ff2c4c4e,P4-15 Fixture Product,,,True,7.000,0.000,Normal
5862,p4_15_fixture_sku_788377a06fbf49d0,P4-15 Fixture Product,,,True,136.000,0.000,Normal
5863,p4_15_fixture_sku_5d5463c4bab04ada,P4-15 Fixture Product,,,True,2.000,0.000,Normal
5864,p4_15_fixture_sku_530a256033d34351,P4-15 Fixture Product,,,True,7.000,0.000,Normal
5865,p4_15_fixture_sku_6c9303021d9d4cf4,P4-15 Fixture Product,,,True,2.000,0.000,Normal
5866,p4_15_fixture_sku_ba3d09cccabe4fe9,P4-15 Fixture Product,,,True,2.000,0.000,Normal
5867,p4_15_fixture_sku_af52c7dbb5fe4886,P4-15 Fixture Product,,,True,7.000,0.000,Normal
5868,p4_15_fixture_sku_3613caeb44f74be3,P4-15 Fixture Product,,,True,2.000,0.000,Normal
6116,p4_15_fixture_sku_93b2b8b8f0fc4f20,P4-15 Fixture Product,,,True,136.000,0.000,Normal
6117,p4_15_fixture_sku_05c043b38a6e4cd0,P4-15 Fixture Product,,,True,2.000,0.000,Normal
6118,p4_15_fixture_sku_7877aa34b2fe4a89,P4-15 Fixture Product,,,True,7.000,0.000,Normal
6119,p4_15_fixture_sku_e3189d37a2074897,P4-15 Fixture Product,,,True,7.000,0.000,Normal
6120,p4_15_fixture_sku_ca8b4425cd154077,P4-15 Fixture Product,,,True,7.000,0.000,Normal
6121,p4_15_fixture_sku_1f80f24aaa524e65,P4-15 Fixture Product,,,True,7.000,0.000,Normal
6122,p4_15_fixture_sku_b87dd8b44af44e94,P4-15 Fixture Product,,,True,7.000,0.000,Normal
6356,p4_15_fixture_sku_85d3ab73d59842ce,P4-15 Fixture Product,,,True,136.000,0.000,Normal
6357,p4_15_fixture_sku_30b4a5e7741842c0,P4-15 Fixture Product,,,True,2.000,0.000,Normal
6358,p4_15_fixture_sku_f94cfb8436d24fe2,P4-15 Fixture Product,,,True,2.000,0.000,Normal
6359,p4_15_fixture_sku_93cb0f62e07e4bce,P4-15 Fixture Product,,,True,2.000,0.000,Normal
6360,p4_15_fixture_sku_4c7a432b110041ad,P4-15 Fixture Product,,,True,7.000,0.000,Normal
6361,p4_15_fixture_sku_c4bd4a3f27914dcd,P4-15 Fixture Product,,,True,2.000,0.000,Normal
6362,p4_15_fixture_sku_dacabe0b07fa4536,P4-15 Fixture Product,,,True,7.000,0.000,Normal
6603,p4_15_fixture_sku_5dd45953b1aa444e,P4-15 Fixture Product,,,True,136.000,0.000,Normal
6604,p4_15_fixture_sku_8e414a931210485e,P4-15 Fixture Product,,,True,2.000,0.000,Normal
6605,p4_15_fixture_sku_887e0cbd0caf4447,P4-15 Fixture Product,,,True,7.000,0.000,Normal
6606,p4_15_fixture_sku_73920e1331284a25,P4-15 Fixture Product,,,True,7.000,0.000,Normal
6607,p4_15_fixture_sku_a6470256bf824794,P4-15 Fixture Product,,,True,7.000,0.000,Normal
6608,p4_15_fixture_sku_c8891196c1bd4a38,P4-15 Fixture Product,,,True,7.000,0.000,Normal
6609,p4_15_fixture_sku_c9b97d8ca4eb4a36,P4-15 Fixture Product,,,True,2.000,0.000,Normal
6846,p4_15_fixture_sku_78f2732fa21d4494,P4-15 Fixture Product,,,True,136.000,0.000,Normal
6847,p4_15_fixture_sku_f03e1be6b8804fc9,P4-15 Fixture Product,,,True,7.000,0.000,Normal
6848,p4_15_fixture_sku_050a82f9910e463b,P4-15 Fixture Product,,,True,7.000,0.000,Normal
6849,p4_15_fixture_sku_7586330f77074b3e,P4-15 Fixture Product,,,True,7.000,0.000,Normal
6850,p4_15_fixture_sku_be22ae9cedc84e85,P4-15 Fixture Product,,,True,2.000,0.000,Normal
6851,p4_15_fixture_sku_99d6029d5df74df0,P4-15 Fixture Product,,,True,7.000,0.000,Normal
6852,p4_15_fixture_sku_05fc55079d7f4a17,P4-15 Fixture Product,,,True,7.000,0.000,Normal
7154,p4_15_fixture_sku_99e18d82354f4b50,P4-15 Fixture Product,,,True,136.000,0.000,Normal
7155,p4_15_fixture_sku_cac6c2bd8cde4602,P4-15 Fixture Product,,,True,7.000,0.000,Normal
7156,p4_15_fixture_sku_4613885df8f84cd3,P4-15 Fixture Product,,,True,2.000,0.000,Normal
7157,p4_15_fixture_sku_2d0c85da5b53409a,P4-15 Fixture Product,,,True,7.000,0.000,Normal
7158,p4_15_fixture_sku_7fce5050f0004293,P4-15 Fixture Product,,,True,2.000,0.000,Normal
7159,p4_15_fixture_sku_1a02d8fe64ff4fa6,P4-15 Fixture Product,,,True,2.000,0.000,Normal
7160,p4_15_fixture_sku_899600b1698d43fb,P4-15 Fixture Product,,,True,7.000,0.000,Normal
7425,p4_15_fixture_sku_ca811215b29b4e4d,P4-15 Fixture Product,,,True,136.000,0.000,Normal
7426,p4_15_fixture_sku_39d4f556d585490a,P4-15 Fixture Product,,,True,7.000,0.000,Normal
7427,p4_15_fixture_sku_90a4756492e04850,P4-15 Fixture Product,,,True,2.000,0.000,Normal
7428,p4_15_fixture_sku_d400493654c5493e,P4-15 Fixture Product,,,True,2.000,0.000,Normal
7429,p4_15_fixture_sku_b1f0c58eedea496c,P4-15 Fixture Product,,,True,2.000,0.000,Normal
7430,p4_15_fixture_sku_50c8ba3464ef4260,P4-15 Fixture Product,,,True,7.000,0.000,Normal
7431,p4_15_fixture_sku_3bff23b835884965,P4-15 Fixture Product,,,True,7.000,0.000,Normal
7681,p4_15_fixture_sku_bbc5a296fb6a46f2,P4-15 Fixture Product,,,True,136.000,0.000,Normal
7682,p4_15_fixture_sku_795034fd44f4452a,P4-15 Fixture Product,,,True,7.000,0.000,Normal
7683,p4_15_fixture_sku_8c23cd4c776c4d50,P4-15 Fixture Product,,,True,7.000,0.000,Normal
7684,p4_15_fixture_sku_ee3befe903bb446d,P4-15 Fixture Product,,,True,2.000,0.000,Normal
7685,p4_15_fixture_sku_ffd7066e54324500,P4-15 Fixture Product,,,True,7.000,0.000,Normal
7686,p4_15_fixture_sku_857a29d2abd44c62,P4-15 Fixture Product,,,True,2.000,0.000,Normal
7687,p4_15_fixture_sku_0061f41ecb584590,P4-15 Fixture Product,,,True,7.000,0.000,Normal
7937,p4_15_fixture_sku_2585ae10ec884922,P4-15 Fixture Product,,,True,136.000,0.000,Normal
7938,p4_15_fixture_sku_9596ff7c1201432a,P4-15 Fixture Product,,,True,2.000,0.000,Normal
7939,p4_15_fixture_sku_5050a854fddb4806,P4-15 Fixture Product,,,True,7.000,0.000,Normal
7940,p4_15_fixture_sku_9bad1c04e2e14bfe,P4-15 Fixture Product,,,True,2.000,0.000,Normal
7941,p4_15_fixture_sku_ef1cec703f1c4626,P4-15 Fixture Product,,,True,7.000,0.000,Normal
7942,p4_15_fixture_sku_29a8828b59b34838,P4-15 Fixture Product,,,True,7.000,0.000,Normal
7943,p4_15_fixture_sku_78449e139bdf4ea8,P4-15 Fixture Product,,,True,7.000,0.000,Normal
8193,p4_15_fixture_sku_efbf4a82089f431d,P4-15 Fixture Product,,,True,136.000,0.000,Normal
8194,p4_15_fixture_sku_8cf8d00683c24822,P4-15 Fixture Product,,,True,7.000,0.000,Normal
8195,p4_15_fixture_sku_510d9cbfcbfe4086,P4-15 Fixture Product,,,True,2.000,0.000,Normal
8196,p4_15_fixture_sku_ee3fe64330f648d7,P4-15 Fixture Product,,,True,2.000,0.000,Normal
8197,p4_15_fixture_sku_8438d0d7e1a54658,P4-15 Fixture Product,,,True,2.000,0.000,Normal
8198,p4_15_fixture_sku_c634475cdb004b2b,P4-15 Fixture Product,,,True,7.000,0.000,Normal
8199,p4_15_fixture_sku_f3970b94e4b34add,P4-15 Fixture Product,,,True,7.000,0.000,Normal
8449,p4_15_fixture_sku_32d021f35a314261,P4-15 Fixture Product,,,True,136.000,0.000,Normal
8450,p4_15_fixture_sku_0585ba8595ad4345,P4-15 Fixture Product,,,True,2.000,0.000,Normal
8451,p4_15_fixture_sku_d46003581cd64c7e,P4-15 Fixture Product,,,True,7.000,0.000,Normal
8452,p4_15_fixture_sku_0fd1a6a1c6234e74,P4-15 Fixture Product,,,True,7.000,0.000,Normal
8453,p4_15_fixture_sku_7c9d452172c949ec,P4-15 Fixture Product,,,True,7.000,0.000,Normal
8454,p4_15_fixture_sku_654f4c769d9d401d,P4-15 Fixture Product,,,True,2.000,0.000,Normal
8455,p4_15_fixture_sku_8fa024ffcf884da1,P4-15 Fixture Product,,,True,7.000,0.000,Normal
8705,p4_15_fixture_sku_34b7b7069c224732,P4-15 Fixture Product,,,True,136.000,0.000,Normal
8706,p4_15_fixture_sku_977bcc9b4138496f,P4-15 Fixture Product,,,True,7.000,0.000,Normal
8707,p4_15_fixture_sku_c55cd0f258a64b89,P4-15 Fixture Product,,,True,7.000,0.000,Normal
8708,p4_15_fixture_sku_f47ff2f7822d416a,P4-15 Fixture Product,,,True,2.000,0.000,Normal
8709,p4_15_fixture_sku_a59590ca99a74163,P4-15 Fixture Product,,,True,7.000,0.000,Normal
8710,p4_15_fixture_sku_438dfc05ca504e24,P4-15 Fixture Product,,,True,7.000,0.000,Normal
8711,p4_15_fixture_sku_fc9a4de3d2aa4b84,P4-15 Fixture Product,,,True,7.000,0.000,Normal
8961,p4_15_fixture_sku_0d2cc03970604bf8,P4-15 Fixture Product,,,True,136.000,0.000,Normal
8962,p4_15_fixture_sku_260e240256ad428b,P4-15 Fixture Product,,,True,2.000,0.000,Normal
8963,p4_15_fixture_sku_34ebe724325042b6,P4-15 Fixture Product,,,True,7.000,0.000,Normal
8964,p4_15_fixture_sku_fb142a29241b4911,P4-15 Fixture Product,,,True,7.000,0.000,Normal
8965,p4_15_fixture_sku_c29e8a29b7674e3e,P4-15 Fixture Product,,,True,7.000,0.000,Normal
8966,p4_15_fixture_sku_d4f5f45e6ae1411f,P4-15 Fixture Product,,,True,7.000,0.000,Normal
8967,p4_15_fixture_sku_66fa2c0c50354563,P4-15 Fixture Product,,,True,7.000,0.000,Normal
9217,p4_15_fixture_sku_2191225264d540e7,P4-15 Fixture Product,,,True,136.000,0.000,Normal
9218,p4_15_fixture_sku_0d6a6906bef440a9,P4-15 Fixture Product,,,True,2.000,0.000,Normal
9219,p4_15_fixture_sku_504e5fb94dec4784,P4-15 Fixture Product,,,True,2.000,0.000,Normal
9220,p4_15_fixture_sku_cb74ebc1a454452b,P4-15 Fixture Product,,,True,2.000,0.000,Normal
9221,p4_15_fixture_sku_856eaae6c38e4af0,P4-15 Fixture Product,,,True,7.000,0.000,Normal
9222,p4_15_fixture_sku_33422e60f2234de7,P4-15 Fixture Product,,,True,2.000,0.000,Normal
9223,p4_15_fixture_sku_fe344715226a4f67,P4-15 Fixture Product,,,True,2.000,0.000,Normal
9490,p4_15_fixture_sku_f2cce9b6d99e48ae,P4-15 Fixture Product,,,True,136.000,0.000,Normal
9491,p4_15_fixture_sku_e274ea006ad34d3c,P4-15 Fixture Product,,,True,2.000,0.000,Normal
9492,p4_15_fixture_sku_951d4ef0649e40d0,P4-15 Fixture Product,,,True,2.000,0.000,Normal
9493,p4_15_fixture_sku_37d251e7699344c4,P4-15 Fixture Product,,,True,2.000,0.000,Normal
9494,p4_15_fixture_sku_c530bb5bd12a4cd1,P4-15 Fixture Product,,,True,2.000,0.000,Normal
9495,p4_15_fixture_sku_e38948e756f24e56,P4-15 Fixture Product,,,True,2.000,0.000,Normal
9496,p4_15_fixture_sku_38cc809dca4b42f3,P4-15 Fixture Product,,,True,2.000,0.000,Normal
9746,p4_15_fixture_sku_14fb38a317464e39,P4-15 Fixture Product,,,True,136.000,0.000,Normal
9747,p4_15_fixture_sku_ad96b72c51614a5c,P4-15 Fixture Product,,,True,7.000,0.000,Normal
9748,p4_15_fixture_sku_5f9435b6b8bc4e6a,P4-15 Fixture Product,,,True,7.000,0.000,Normal
9749,p4_15_fixture_sku_6eb83d46de21402c,P4-15 Fixture Product,,,True,7.000,0.000,Normal
9750,p4_15_fixture_sku_fe6be9bbd6234882,P4-15 Fixture Product,,,True,2.000,0.000,Normal
9751,p4_15_fixture_sku_80266f007e2340f6,P4-15 Fixture Product,,,True,7.000,0.000,Normal
9752,p4_15_fixture_sku_1886e5defeb34c8b,P4-15 Fixture Product,,,True,2.000,0.000,Normal
10002,p4_15_fixture_sku_2948d4708c91425e,P4-15 Fixture Product,,,True,136.000,0.000,Normal
10003,p4_15_fixture_sku_24a3bc136b994b92,P4-15 Fixture Product,,,True,2.000,0.000,Normal
10004,p4_15_fixture_sku_10b77eb1a28c45f0,P4-15 Fixture Product,,,True,2.000,0.000,Normal
10005,p4_15_fixture_sku_a30626be38a14837,P4-15 Fixture Product,,,True,7.000,0.000,Normal
10006,p4_15_fixture_sku_9727a06d38e847ef,P4-15 Fixture Product,,,True,2.000,0.000,Normal
10007,p4_15_fixture_sku_5107e88bc1bb459f,P4-15 Fixture Product,,,True,2.000,0.000,Normal
10008,p4_15_fixture_sku_b1e1ec30a7984423,P4-15 Fixture Product,,,True,2.000,0.000,Normal
10268,p4_15_fixture_sku_52f584f149a04096,P4-15 Fixture Product,,,True,136.000,0.000,Normal
10269,p4_15_fixture_sku_b632d18cd6a643ed,P4-15 Fixture Product,,,True,7.000,0.000,Normal
10270,p4_15_fixture_sku_5ce1de361fb64eee,P4-15 Fixture Product,,,True,2.000,0.000,Normal
10271,p4_15_fixture_sku_5021444220b94f62,P4-15 Fixture Product,,,True,7.000,0.000,Normal
10272,p4_15_fixture_sku_e8bbc58f7ae44a2a,P4-15 Fixture Product,,,True,2.000,0.000,Normal
10273,p4_15_fixture_sku_528204824d964194,P4-15 Fixture Product,,,True,7.000,0.000,Normal
10274,p4_15_fixture_sku_c4567a1af7de4cad,P4-15 Fixture Product,,,True,7.000,0.000,Normal
10541,p4_15_fixture_sku_528adc44daa14707,P4-15 Fixture Product,,,True,136.000,0.000,Normal
10542,p4_15_fixture_sku_fa1638f72e634ac2,P4-15 Fixture Product,,,True,7.000,0.000,Normal
10543,p4_15_fixture_sku_f67e5af898de46e6,P4-15 Fixture Product,,,True,2.000,0.000,Normal
10544,p4_15_fixture_sku_6460bc2b42934566,P4-15 Fixture Product,,,True,7.000,0.000,Normal
10545,p4_15_fixture_sku_1aa2fb1b89134bab,P4-15 Fixture Product,,,True,7.000,0.000,Normal
10546,p4_15_fixture_sku_be7ee73a45a5455a,P4-15 Fixture Product,,,True,7.000,0.000,Normal
10547,p4_15_fixture_sku_69bafac0931049b6,P4-15 Fixture Product,,,True,2.000,0.000,Normal
10808,p4_15_fixture_sku_100d317cd5814253,P4-15 Fixture Product,,,True,136.000,0.000,Normal
10809,p4_15_fixture_sku_9ef615f2d36c4e6d,P4-15 Fixture Product,,,True,2.000,0.000,Normal
10810,p4_15_fixture_sku_7bb3f6750dbd4cef,P4-15 Fixture Product,,,True,2.000,0.000,Normal
10811,p4_15_fixture_sku_f2e6afe4b49d4707,P4-15 Fixture Product,,,True,7.000,0.000,Normal
10812,p4_15_fixture_sku_62474b65a46e4bb6,P4-15 Fixture Product,,,True,7.000,0.000,Normal
10813,p4_15_fixture_sku_5eafee361f4a447a,P4-15 Fixture Product,,,True,7.000,0.000,Normal
10814,p4_15_fixture_sku_2af67edd74a34856,P4-15 Fixture Product,,,True,7.000,0.000,Normal
11086,p4_15_fixture_sku_6be68522cb0e49c5,P4-15 Fixture Product,,,True,136.000,0.000,Normal
11087,p4_15_fixture_sku_79af306de2c8475f,P4-15 Fixture Product,,,True,7.000,0.000,Normal
11088,p4_15_fixture_sku_822c41a1c53f4682,P4-15 Fixture Product,,,True,7.000,0.000,Normal
11089,p4_15_fixture_sku_d70f76d71eed41c0,P4-15 Fixture Product,,,True,7.000,0.000,Normal
11090,p4_15_fixture_sku_19db70c8d6a94a4a,P4-15 Fixture Product,,,True,2.000,0.000,Normal
11091,p4_15_fixture_sku_34e66b6257284bac,P4-15 Fixture Product,,,True,7.000,0.000,Normal
11092,p4_15_fixture_sku_4112796f3c884a94,P4-15 Fixture Product,,,True,7.000,0.000,Normal
11353,p4_15_fixture_sku_b7d93d060b1f40af,P4-15 Fixture Product,,,True,136.000,0.000,Normal
11354,p4_15_fixture_sku_16711640bf2b4434,P4-15 Fixture Product,,,True,2.000,0.000,Normal
11355,p4_15_fixture_sku_7d112fee066e4c59,P4-15 Fixture Product,,,True,7.000,0.000,Normal
11356,p4_15_fixture_sku_964485b861ae4274,P4-15 Fixture Product,,,True,2.000,0.000,Normal
11357,p4_15_fixture_sku_fef1380a291a4d9e,P4-15 Fixture Product,,,True,7.000,0.000,Normal
11358,p4_15_fixture_sku_e0063436dc494d8c,P4-15 Fixture Product,,,True,2.000,0.000,Normal
11359,p4_15_fixture_sku_fce9667642764702,P4-15 Fixture Product,,,True,7.000,0.000,Normal
11620,p4_15_fixture_sku_20869e016e8a43a2,P4-15 Fixture Product,,,True,136.000,0.000,Normal
11621,p4_15_fixture_sku_b8bd2590f66442b1,P4-15 Fixture Product,,,True,2.000,0.000,Normal
11622,p4_15_fixture_sku_c6ec3309944a42f9,P4-15 Fixture Product,,,True,7.000,0.000,Normal
11623,p4_15_fixture_sku_6bda23f6af1a4a66,P4-15 Fixture Product,,,True,2.000,0.000,Normal
11624,p4_15_fixture_sku_328ff4688128447b,P4-15 Fixture Product,,,True,2.000,0.000,Normal
11625,p4_15_fixture_sku_b11e8a36645e4742,P4-15 Fixture Product,,,True,7.000,0.000,Normal
11626,p4_15_fixture_sku_6838e670594b4add,P4-15 Fixture Product,,,True,2.000,0.000,Normal
11890,p4_15_fixture_sku_c986ab8d0ebe443c,P4-15 Fixture Product,,,True,136.000,0.000,Normal
11891,p4_15_fixture_sku_9f6ce6e447924729,P4-15 Fixture Product,,,True,2.000,0.000,Normal
11892,p4_15_fixture_sku_30c65aa68fe3404e,P4-15 Fixture Product,,,True,2.000,0.000,Normal
11893,p4_15_fixture_sku_3e610fa298144a85,P4-15 Fixture Product,,,True,7.000,0.000,Normal
11894,p4_15_fixture_sku_56b606e93339410b,P4-15 Fixture Product,,,True,7.000,0.000,Normal
11895,p4_15_fixture_sku_06b6180978c24dba,P4-15 Fixture Product,,,True,7.000,0.000,Normal
11896,p4_15_fixture_sku_e064e61abc644fca,P4-15 Fixture Product,,,True,7.000,0.000,Normal
12160,p4_15_fixture_sku_ac48fc9264924888,P4-15 Fixture Product,,,True,136.000,0.000,Normal
12161,p4_15_fixture_sku_13ff2b0beefb4d82,P4-15 Fixture Product,,,True,7.000,0.000,Normal
12162,p4_15_fixture_sku_1f671c238e8c446e,P4-15 Fixture Product,,,True,2.000,0.000,Normal
12163,p4_15_fixture_sku_2b1778fc08ab4297,P4-15 Fixture Product,,,True,2.000,0.000,Normal
12164,p4_15_fixture_sku_7cc8f83eac8d48dd,P4-15 Fixture Product,,,True,2.000,0.000,Normal
12165,p4_15_fixture_sku_0a5b64b10cf44f77,P4-15 Fixture Product,,,True,7.000,0.000,Normal
12166,p4_15_fixture_sku_6e6bc446fd184d3f,P4-15 Fixture Product,,,True,2.000,0.000,Normal
12440,p4_15_fixture_sku_caeb106f7a63486c,P4-15 Fixture Product,,,True,136.000,0.000,Normal
12441,p4_15_fixture_sku_8c5add22a2c14a99,P4-15 Fixture Product,,,True,2.000,0.000,Normal
12442,p4_15_fixture_sku_0a8522af7acb4411,P4-15 Fixture Product,,,True,7.000,0.000,Normal
12443,p4_15_fixture_sku_c28d557e04ad4b43,P4-15 Fixture Product,,,True,7.000,0.000,Normal
12444,p4_15_fixture_sku_53342031501e4c4f,P4-15 Fixture Product,,,True,7.000,0.000,Normal
12445,p4_15_fixture_sku_1c68714350204caa,P4-15 Fixture Product,,,True,2.000,0.000,Normal
12446,p4_15_fixture_sku_af8c534162bb49d1,P4-15 Fixture Product,,,True,2.000,0.000,Normal
12720,p4_15_fixture_sku_eb427687cf6547d2,P4-15 Fixture Product,,,True,136.000,0.000,Normal
12721,p4_15_fixture_sku_eea232c7403642cc,P4-15 Fixture Product,,,True,2.000,0.000,Normal
12722,p4_15_fixture_sku_6602413ccaee4da2,P4-15 Fixture Product,,,True,7.000,0.000,Normal
12723,p4_15_fixture_sku_42f14f1dfa024bd4,P4-15 Fixture Product,,,True,7.000,0.000,Normal
12724,p4_15_fixture_sku_e4f4f47ba344491c,P4-15 Fixture Product,,,True,2.000,0.000,Normal
12725,p4_15_fixture_sku_a4a70b94eb674d9f,P4-15 Fixture Product,,,True,7.000,0.000,Normal
12726,p4_15_fixture_sku_85effcc1f28e4f1a,P4-15 Fixture Product,,,True,7.000,0.000,Normal
13000,p4_15_fixture_sku_a106a0cd64ab4607,P4-15 Fixture Product,,,True,136.000,0.000,Normal
13001,p4_15_fixture_sku_2b37f9b4a09443f9,P4-15 Fixture Product,,,True,2.000,0.000,Normal
13002,p4_15_fixture_sku_418a3fa9359547e1,P4-15 Fixture Product,,,True,2.000,0.000,Normal
13003,p4_15_fixture_sku_eb123f274f994765,P4-15 Fixture Product,,,True,7.000,0.000,Normal
13004,p4_15_fixture_sku_10d27f42a976436d,P4-15 Fixture Product,,,True,7.000,0.000,Normal
13005,p4_15_fixture_sku_35e8bfb2725b4b9b,P4-15 Fixture Product,,,True,7.000,0.000,Normal
13006,p4_15_fixture_sku_2a4ae221878540c1,P4-15 Fixture Product,,,True,7.000,0.000,Normal
13280,p4_15_fixture_sku_fc4a331b22f94fd5,P4-15 Fixture Product,,,True,136.000,0.000,Normal
13281,p4_15_fixture_sku_53d905593f144122,P4-15 Fixture Product,,,True,2.000,0.000,Normal
13282,p4_15_fixture_sku_00e72cfc907d4d17,P4-15 Fixture Product,,,True,7.000,0.000,Normal
13283,p4_15_fixture_sku_732f4398b3fb4548,P4-15 Fixture Product,,,True,2.000,0.000,Normal
13284,p4_15_fixture_sku_5df30bde055343b1,P4-15 Fixture Product,,,True,2.000,0.000,Normal
13285,p4_15_fixture_sku_1e157b3ae1aa4bef,P4-15 Fixture Product,,,True,7.000,0.000,Normal
13286,p4_15_fixture_sku_6bd5c49c24ac4242,P4-15 Fixture Product,,,True,2.000,0.000,Normal
13561,p4_15_fixture_sku_ef911f9645054382,P4-15 Fixture Product,,,True,136.000,0.000,Normal
13562,p4_15_fixture_sku_9f1086f7085e4042,P4-15 Fixture Product,,,True,2.000,0.000,Normal
13563,p4_15_fixture_sku_eedfc49c42b5467d,P4-15 Fixture Product,,,True,7.000,0.000,Normal
13564,p4_15_fixture_sku_710ebe4d94554f43,P4-15 Fixture Product,,,True,7.000,0.000,Normal
13565,p4_15_fixture_sku_5f1a5670c251478a,P4-15 Fixture Product,,,True,7.000,0.000,Normal
13566,p4_15_fixture_sku_38e66456393045c6,P4-15 Fixture Product,,,True,7.000,0.000,Normal
13567,p4_15_fixture_sku_396f4db2759f48f5,P4-15 Fixture Product,,,True,7.000,0.000,Normal
13841,p4_15_fixture_sku_427f8390e81c427b,P4-15 Fixture Product,,,True,136.000,0.000,Normal
13842,p4_15_fixture_sku_868982d361f4407d,P4-15 Fixture Product,,,True,2.000,0.000,Normal
13843,p4_15_fixture_sku_698f59b0212648be,P4-15 Fixture Product,,,True,2.000,0.000,Normal
13844,p4_15_fixture_sku_85d726a578d8418c,P4-15 Fixture Product,,,True,7.000,0.000,Normal
13845,p4_15_fixture_sku_964b54dfd98748ec,P4-15 Fixture Product,,,True,2.000,0.000,Normal
13846,p4_15_fixture_sku_043b9a1fb8df4f12,P4-15 Fixture Product,,,True,2.000,0.000,Normal
13847,p4_15_fixture_sku_46c53a6a7a9a4ee2,P4-15 Fixture Product,,,True,2.000,0.000,Normal
4971,p5_05_fixture_sku_7d139fd1b7eb4448,P5-05 Fixture Product,,,True,0.000,0.000,OutOfStock
4972,p5_05_fixture_sku_47e5c9900d6b4aee,P5-05 Fixture Product,,,True,0.000,0.000,OutOfStock
4973,p5_05_fixture_sku_95ee91d3f74a47b8,P5-05 Fixture Product,,,True,0.000,0.000,OutOfStock
4974,p5_05_fixture_sku_4c2ae9ee7cf14e1c,P5-05 Fixture Product,,,True,0.000,0.000,OutOfStock
4993,p5_05_fixture_sku_e3615346fa9a430c,P5-05 Fixture Product,,,True,0.000,0.000,OutOfStock
4994,p5_05_fixture_sku_84a85fbbeb8d4f54,P5-05 Fixture Product,,,True,0.000,0.000,OutOfStock
4995,p5_05_fixture_sku_e387b00ae42c4e79,P5-05 Fixture Product,,,True,0.000,0.000,OutOfStock
4996,p5_05_fixture_sku_28b83291b3404012,P5-05 Fixture Product,,,True,0.000,0.000,OutOfStock
5269,p5_05_fixture_sku_4052e32cf3334b07,P5-05 Fixture Product,,,True,0.000,0.000,OutOfStock
5270,p5_05_fixture_sku_69c4b00aa5564dd8,P5-05 Fixture Product,,,True,0.000,0.000,OutOfStock
5271,p5_05_fixture_sku_133d0ef26b0445f2,P5-05 Fixture Product,,,True,0.000,0.000,OutOfStock
5272,p5_05_fixture_sku_a2f14050c8cd4b56,P5-05 Fixture Product,,,True,0.000,0.000,OutOfStock
5500,p5_05_fixture_sku_bfdcd1ad20494779,P5-05 Fixture Product,,,True,0.000,0.000,OutOfStock
5501,p5_05_fixture_sku_d88f39fe71134718,P5-05 Fixture Product,,,True,0.000,0.000,OutOfStock
5502,p5_05_fixture_sku_aa6dcf6541b44496,P5-05 Fixture Product,,,True,0.000,0.000,OutOfStock
5503,p5_05_fixture_sku_9e9e5967fed348b5,P5-05 Fixture Product,,,True,0.000,0.000,OutOfStock
5769,p5_05_fixture_sku_0128cf5057884cfc,P5-05 Fixture Product,,,True,0.000,0.000,OutOfStock
5770,p5_05_fixture_sku_63c9aa9b640d41d6,P5-05 Fixture Product,,,True,0.000,0.000,OutOfStock
5771,p5_05_fixture_sku_76cfcedd024d4bba,P5-05 Fixture Product,,,True,0.000,0.000,OutOfStock
5772,p5_05_fixture_sku_367c8a3f14ec40cb,P5-05 Fixture Product,,,True,0.000,0.000,OutOfStock
6023,p5_05_fixture_sku_51c09568d337446f,P5-05 Fixture Product,,,True,0.000,0.000,OutOfStock
6024,p5_05_fixture_sku_bbad07516b8c4424,P5-05 Fixture Product,,,True,0.000,0.000,OutOfStock
6025,p5_05_fixture_sku_124832f6e9c04ac7,P5-05 Fixture Product,,,True,0.000,0.000,OutOfStock
6026,p5_05_fixture_sku_624e0b05f86e40d5,P5-05 Fixture Product,,,True,0.000,0.000,OutOfStock
6263,p5_05_fixture_sku_0533e9be634543f9,P5-05 Fixture Product,,,True,0.000,0.000,OutOfStock
6264,p5_05_fixture_sku_f5d3075eeb5c44e3,P5-05 Fixture Product,,,True,0.000,0.000,OutOfStock
6265,p5_05_fixture_sku_9bbe620dc9e94ff2,P5-05 Fixture Product,,,True,0.000,0.000,OutOfStock
6266,p5_05_fixture_sku_b47b43a5ae6c4fda,P5-05 Fixture Product,,,True,0.000,0.000,OutOfStock
6510,p5_05_fixture_sku_fffcebcedc624440,P5-05 Fixture Product,,,True,0.000,0.000,OutOfStock
6511,p5_05_fixture_sku_0e7ebc02698e43ba,P5-05 Fixture Product,,,True,0.000,0.000,OutOfStock
6512,p5_05_fixture_sku_027a8d7c00134b92,P5-05 Fixture Product,,,True,0.000,0.000,OutOfStock
6513,p5_05_fixture_sku_8ba003e42fdc476f,P5-05 Fixture Product,,,True,0.000,0.000,OutOfStock
6753,p5_05_fixture_sku_ed963018561e4869,P5-05 Fixture Product,,,True,0.000,0.000,OutOfStock
6754,p5_05_fixture_sku_ff74c88793a842d6,P5-05 Fixture Product,,,True,0.000,0.000,OutOfStock
6755,p5_05_fixture_sku_aebbca2b51cf4c92,P5-05 Fixture Product,,,True,0.000,0.000,OutOfStock
6756,p5_05_fixture_sku_11e554989e78461c,P5-05 Fixture Product,,,True,0.000,0.000,OutOfStock
7061,p5_05_fixture_sku_b14f954cf5144dbf,P5-05 Fixture Product,,,True,0.000,0.000,OutOfStock
7062,p5_05_fixture_sku_c4abf780eccb45b9,P5-05 Fixture Product,,,True,0.000,0.000,OutOfStock
7063,p5_05_fixture_sku_74c39bb401dc4998,P5-05 Fixture Product,,,True,0.000,0.000,OutOfStock
7064,p5_05_fixture_sku_413be3546f0042e1,P5-05 Fixture Product,,,True,0.000,0.000,OutOfStock
7332,p5_05_fixture_sku_d575beb0470b4d8b,P5-05 Fixture Product,,,True,0.000,0.000,OutOfStock
7333,p5_05_fixture_sku_0463a7fda9964c3a,P5-05 Fixture Product,,,True,0.000,0.000,OutOfStock
7334,p5_05_fixture_sku_a05a970721904c17,P5-05 Fixture Product,,,True,0.000,0.000,OutOfStock
7335,p5_05_fixture_sku_6f5e4049dedf47ac,P5-05 Fixture Product,,,True,0.000,0.000,OutOfStock
7588,p5_05_fixture_sku_e231918602f546dc,P5-05 Fixture Product,,,True,0.000,0.000,OutOfStock
7589,p5_05_fixture_sku_15ba60e64d364a7b,P5-05 Fixture Product,,,True,0.000,0.000,OutOfStock
7590,p5_05_fixture_sku_3de6eafc3263449a,P5-05 Fixture Product,,,True,0.000,0.000,OutOfStock
7591,p5_05_fixture_sku_be966336eb314db0,P5-05 Fixture Product,,,True,0.000,0.000,OutOfStock
7844,p5_05_fixture_sku_56e644b203724f92,P5-05 Fixture Product,,,True,0.000,0.000,OutOfStock
7845,p5_05_fixture_sku_15962fae0a0240e8,P5-05 Fixture Product,,,True,0.000,0.000,OutOfStock
7846,p5_05_fixture_sku_0305a7b0fec9497b,P5-05 Fixture Product,,,True,0.000,0.000,OutOfStock
7847,p5_05_fixture_sku_ddb9d9ae7d434ac0,P5-05 Fixture Product,,,True,0.000,0.000,OutOfStock
8100,p5_05_fixture_sku_8b851f2a6d544b3a,P5-05 Fixture Product,,,True,0.000,0.000,OutOfStock
8101,p5_05_fixture_sku_ce91498983b74e48,P5-05 Fixture Product,,,True,0.000,0.000,OutOfStock
8102,p5_05_fixture_sku_4fc12c8399224b6c,P5-05 Fixture Product,,,True,0.000,0.000,OutOfStock
8103,p5_05_fixture_sku_e44be97fa5c94b17,P5-05 Fixture Product,,,True,0.000,0.000,OutOfStock
8356,p5_05_fixture_sku_c57396470b514d4e,P5-05 Fixture Product,,,True,0.000,0.000,OutOfStock
8357,p5_05_fixture_sku_b9a1a5d123764f7e,P5-05 Fixture Product,,,True,0.000,0.000,OutOfStock
8358,p5_05_fixture_sku_9b607dafc6434597,P5-05 Fixture Product,,,True,0.000,0.000,OutOfStock
8359,p5_05_fixture_sku_ac96515d18e64482,P5-05 Fixture Product,,,True,0.000,0.000,OutOfStock
8612,p5_05_fixture_sku_1f752ed2dcb4452e,P5-05 Fixture Product,,,True,0.000,0.000,OutOfStock
8613,p5_05_fixture_sku_91dd5affced64c36,P5-05 Fixture Product,,,True,0.000,0.000,OutOfStock
8614,p5_05_fixture_sku_1b164b9021dc43eb,P5-05 Fixture Product,,,True,0.000,0.000,OutOfStock
8615,p5_05_fixture_sku_ebbddf0463364fdf,P5-05 Fixture Product,,,True,0.000,0.000,OutOfStock
8868,p5_05_fixture_sku_33a87b1828c24eac,P5-05 Fixture Product,,,True,0.000,0.000,OutOfStock
8869,p5_05_fixture_sku_c75036c0017f4f89,P5-05 Fixture Product,,,True,0.000,0.000,OutOfStock
8870,p5_05_fixture_sku_92855740a79f458a,P5-05 Fixture Product,,,True,0.000,0.000,OutOfStock
8871,p5_05_fixture_sku_7dcd05fff9b7428a,P5-05 Fixture Product,,,True,0.000,0.000,OutOfStock
9124,p5_05_fixture_sku_b2bfd11ff2d84469,P5-05 Fixture Product,,,True,0.000,0.000,OutOfStock
9125,p5_05_fixture_sku_01673874e0f04863,P5-05 Fixture Product,,,True,0.000,0.000,OutOfStock
9126,p5_05_fixture_sku_aa47acddbda24e6d,P5-05 Fixture Product,,,True,0.000,0.000,OutOfStock
9127,p5_05_fixture_sku_c62defad265944a6,P5-05 Fixture Product,,,True,0.000,0.000,OutOfStock
9397,p5_05_fixture_sku_b3a43bd286c340a5,P5-05 Fixture Product,,,True,0.000,0.000,OutOfStock
9398,p5_05_fixture_sku_c839e1e5ceb94fd5,P5-05 Fixture Product,,,True,0.000,0.000,OutOfStock
9399,p5_05_fixture_sku_2ede18f0a8724a3e,P5-05 Fixture Product,,,True,0.000,0.000,OutOfStock
9400,p5_05_fixture_sku_f618aba529664913,P5-05 Fixture Product,,,True,0.000,0.000,OutOfStock
9653,p5_05_fixture_sku_aca32567e06b4169,P5-05 Fixture Product,,,True,0.000,0.000,OutOfStock
9654,p5_05_fixture_sku_23d81444aec345a6,P5-05 Fixture Product,,,True,0.000,0.000,OutOfStock
9655,p5_05_fixture_sku_5a990e5d5d6d43f7,P5-05 Fixture Product,,,True,0.000,0.000,OutOfStock
9656,p5_05_fixture_sku_82622f92970549c0,P5-05 Fixture Product,,,True,0.000,0.000,OutOfStock
9909,p5_05_fixture_sku_25c59c106be346ad,P5-05 Fixture Product,,,True,0.000,0.000,OutOfStock
9910,p5_05_fixture_sku_999b7c40fc4a44ac,P5-05 Fixture Product,,,True,0.000,0.000,OutOfStock
9911,p5_05_fixture_sku_3f40c27c88774d99,P5-05 Fixture Product,,,True,0.000,0.000,OutOfStock
9912,p5_05_fixture_sku_ff0539af05e54d31,P5-05 Fixture Product,,,True,0.000,0.000,OutOfStock
10175,p5_05_fixture_sku_20cdba212c104136,P5-05 Fixture Product,,,True,0.000,0.000,OutOfStock
10176,p5_05_fixture_sku_241cebad9e1b49c3,P5-05 Fixture Product,,,True,0.000,0.000,OutOfStock
10177,p5_05_fixture_sku_c01730b4fa284a10,P5-05 Fixture Product,,,True,0.000,0.000,OutOfStock
10178,p5_05_fixture_sku_ae806b842d564393,P5-05 Fixture Product,,,True,0.000,0.000,OutOfStock
10448,p5_05_fixture_sku_8db05ba802d2420f,P5-05 Fixture Product,,,True,0.000,0.000,OutOfStock
10449,p5_05_fixture_sku_345ab9823cc5405b,P5-05 Fixture Product,,,True,0.000,0.000,OutOfStock
10450,p5_05_fixture_sku_d525f28c95484fb6,P5-05 Fixture Product,,,True,0.000,0.000,OutOfStock
10451,p5_05_fixture_sku_961f2cfa28a747b2,P5-05 Fixture Product,,,True,0.000,0.000,OutOfStock
10715,p5_05_fixture_sku_bb18c1936c974e8a,P5-05 Fixture Product,,,True,0.000,0.000,OutOfStock
10716,p5_05_fixture_sku_40871d7a34514675,P5-05 Fixture Product,,,True,0.000,0.000,OutOfStock
10717,p5_05_fixture_sku_cc74a9e4e1e745af,P5-05 Fixture Product,,,True,0.000,0.000,OutOfStock
10718,p5_05_fixture_sku_50e634938eb6448c,P5-05 Fixture Product,,,True,0.000,0.000,OutOfStock
10993,p5_05_fixture_sku_fa64ad273c55416e,P5-05 Fixture Product,,,True,0.000,0.000,OutOfStock
10994,p5_05_fixture_sku_2306294abcd14780,P5-05 Fixture Product,,,True,0.000,0.000,OutOfStock
10995,p5_05_fixture_sku_8ec9e4bc737343a6,P5-05 Fixture Product,,,True,0.000,0.000,OutOfStock
10996,p5_05_fixture_sku_e4ba442e22bf4a4d,P5-05 Fixture Product,,,True,0.000,0.000,OutOfStock
11260,p5_05_fixture_sku_6de0bf5554b34de6,P5-05 Fixture Product,,,True,0.000,0.000,OutOfStock
11261,p5_05_fixture_sku_aba7e237fb824bb1,P5-05 Fixture Product,,,True,0.000,0.000,OutOfStock
11262,p5_05_fixture_sku_2f178afabf184803,P5-05 Fixture Product,,,True,0.000,0.000,OutOfStock
11263,p5_05_fixture_sku_7c334a648e1a4862,P5-05 Fixture Product,,,True,0.000,0.000,OutOfStock
11527,p5_05_fixture_sku_a21cec9357744362,P5-05 Fixture Product,,,True,0.000,0.000,OutOfStock
11528,p5_05_fixture_sku_f24bd705b00745a4,P5-05 Fixture Product,,,True,0.000,0.000,OutOfStock
11529,p5_05_fixture_sku_d30f64996f9f4452,P5-05 Fixture Product,,,True,0.000,0.000,OutOfStock
11530,p5_05_fixture_sku_def65bc578084ed5,P5-05 Fixture Product,,,True,0.000,0.000,OutOfStock
11794,p5_05_fixture_sku_7bda30be5c2942a8,P5-05 Fixture Product,,,True,0.000,0.000,OutOfStock
11795,p5_05_fixture_sku_a883f7c527434c58,P5-05 Fixture Product,,,True,0.000,0.000,OutOfStock
11796,p5_05_fixture_sku_cd3887eb1f9545b6,P5-05 Fixture Product,,,True,0.000,0.000,OutOfStock
11797,p5_05_fixture_sku_a1f40622b23b4250,P5-05 Fixture Product,,,True,0.000,0.000,OutOfStock
12064,p5_05_fixture_sku_832d4de52bcd4872,P5-05 Fixture Product,,,True,0.000,0.000,OutOfStock
12065,p5_05_fixture_sku_0d6c202afb494466,P5-05 Fixture Product,,,True,0.000,0.000,OutOfStock
12066,p5_05_fixture_sku_c566d20483844437,P5-05 Fixture Product,,,True,0.000,0.000,OutOfStock
12067,p5_05_fixture_sku_669d144ddcf448bc,P5-05 Fixture Product,,,True,0.000,0.000,OutOfStock
12334,p5_05_fixture_sku_53376490b25a476f,P5-05 Fixture Product,,,True,0.000,0.000,OutOfStock
12335,p5_05_fixture_sku_1397c70e7f1a4786,P5-05 Fixture Product,,,True,0.000,0.000,OutOfStock
12336,p5_05_fixture_sku_a172d1d8bf9c4c86,P5-05 Fixture Product,,,True,0.000,0.000,OutOfStock
12337,p5_05_fixture_sku_ec2bc6d803d244cf,P5-05 Fixture Product,,,True,0.000,0.000,OutOfStock
12614,p5_05_fixture_sku_e5684b87b7a24629,P5-05 Fixture Product,,,True,0.000,0.000,OutOfStock
12615,p5_05_fixture_sku_046edbb7987f45d3,P5-05 Fixture Product,,,True,0.000,0.000,OutOfStock
12616,p5_05_fixture_sku_f42e2ecce03749d4,P5-05 Fixture Product,,,True,0.000,0.000,OutOfStock
12617,p5_05_fixture_sku_a983fdb1853343a4,P5-05 Fixture Product,,,True,0.000,0.000,OutOfStock
12894,p5_05_fixture_sku_9b94a3bd9c794224,P5-05 Fixture Product,,,True,0.000,0.000,OutOfStock
12895,p5_05_fixture_sku_78472ced0204487c,P5-05 Fixture Product,,,True,0.000,0.000,OutOfStock
12896,p5_05_fixture_sku_b1d045a6b572420d,P5-05 Fixture Product,,,True,0.000,0.000,OutOfStock
12897,p5_05_fixture_sku_f80f66c19247451a,P5-05 Fixture Product,,,True,0.000,0.000,OutOfStock
13174,p5_05_fixture_sku_3f406bc4305b4301,P5-05 Fixture Product,,,True,0.000,0.000,OutOfStock
13175,p5_05_fixture_sku_16342322a0b94a2f,P5-05 Fixture Product,,,True,0.000,0.000,OutOfStock
13176,p5_05_fixture_sku_61afbb93495d4489,P5-05 Fixture Product,,,True,0.000,0.000,OutOfStock
13177,p5_05_fixture_sku_23666057baa34285,P5-05 Fixture Product,,,True,0.000,0.000,OutOfStock
13455,p5_05_fixture_sku_396a8c9781964265,P5-05 Fixture Product,,,True,0.000,0.000,OutOfStock
13456,p5_05_fixture_sku_7e1e3eb58356448c,P5-05 Fixture Product,,,True,0.000,0.000,OutOfStock
13457,p5_05_fixture_sku_37bc033bcf484bef,P5-05 Fixture Product,,,True,0.000,0.000,OutOfStock
13458,p5_05_fixture_sku_a0bddffe62be48e8,P5-05 Fixture Product,,,True,0.000,0.000,OutOfStock
13735,p5_05_fixture_sku_652c3fa733f24d68,P5-05 Fixture Product,,,True,0.000,0.000,OutOfStock
13736,p5_05_fixture_sku_3f2cea0ac42245c2,P5-05 Fixture Product,,,True,0.000,0.000,OutOfStock
13737,p5_05_fixture_sku_e824f66dc6c14f61,P5-05 Fixture Product,,,True,0.000,0.000,OutOfStock
13738,p5_05_fixture_sku_00a497f60e3c4f50,P5-05 Fixture Product,,,True,0.000,0.000,OutOfStock
14015,p5_05_fixture_sku_91c32f696cea4c0f,P5-05 Fixture Product,,,True,0.000,0.000,OutOfStock
14016,p5_05_fixture_sku_7224fe6759fa45ea,P5-05 Fixture Product,,,True,0.000,0.000,OutOfStock
14017,p5_05_fixture_sku_7713ea83a25e4542,P5-05 Fixture Product,,,True,0.000,0.000,OutOfStock
14018,p5_05_fixture_sku_419d01c861ec40a5,P5-05 Fixture Product,,,True,0.000,0.000,OutOfStock
5187,p2_07_25a0a68c1d17,P5-06 Barcode Target,,,True,0.000,0.000,OutOfStock
5205,p2_07_e14442cafe95,P5-06 Barcode Target,,,True,0.000,0.000,OutOfStock
5223,p2_07_fd8ba9bae91e,P5-06 Barcode Target,,,True,0.000,0.000,OutOfStock
5245,p2_07_7bdf496d3376,P5-06 Barcode Target,,,True,0.000,0.000,OutOfStock
5324,p2_07_822633d6362e,P5-06 Barcode Target,,,True,0.000,0.000,OutOfStock
5462,p2_07_fb9823f7adf8,P5-06 Barcode Target,,,True,0.000,0.000,OutOfStock
5555,p2_07_ec3e089f3ef3,P5-06 Barcode Target,,,True,0.000,0.000,OutOfStock
5824,p2_07_28e2475830cd,P5-06 Barcode Target,,,True,0.000,0.000,OutOfStock
6078,p2_07_072421bc2855,P5-06 Barcode Target,,,True,0.000,0.000,OutOfStock
6318,p2_07_63aaef4bb95b,P5-06 Barcode Target,,,True,0.000,0.000,OutOfStock
6565,p2_07_5d254a4f588e,P5-06 Barcode Target,,,True,0.000,0.000,OutOfStock
6808,p2_07_22afd5d046af,P5-06 Barcode Target,,,True,0.000,0.000,OutOfStock
7116,p2_07_e48f8954224d,P5-06 Barcode Target,,,True,0.000,0.000,OutOfStock
7387,p2_07_57bd276f94ad,P5-06 Barcode Target,,,True,0.000,0.000,OutOfStock
7643,p2_07_917c1190fbc7,P5-06 Barcode Target,,,True,0.000,0.000,OutOfStock
7899,p2_07_546a7b0dcd7b,P5-06 Barcode Target,,,True,0.000,0.000,OutOfStock
8155,p2_07_9ed172b2f7a5,P5-06 Barcode Target,,,True,0.000,0.000,OutOfStock
8411,p2_07_337af0e6d7a8,P5-06 Barcode Target,,,True,0.000,0.000,OutOfStock
8667,p2_07_288164c8b434,P5-06 Barcode Target,,,True,0.000,0.000,OutOfStock
8923,p2_07_293603f1ad72,P5-06 Barcode Target,,,True,0.000,0.000,OutOfStock
9179,p2_07_1a0f5a656191,P5-06 Barcode Target,,,True,0.000,0.000,OutOfStock
9452,p2_07_466fcfcf1496,P5-06 Barcode Target,,,True,0.000,0.000,OutOfStock
9708,p2_07_8923dcfc4b3d,P5-06 Barcode Target,,,True,0.000,0.000,OutOfStock
9964,p2_07_602251cf0ec8,P5-06 Barcode Target,,,True,0.000,0.000,OutOfStock
10230,p2_07_86b7649b58ed,P5-06 Barcode Target,,,True,0.000,0.000,OutOfStock
10503,p2_07_9a838e6c62ab,P5-06 Barcode Target,,,True,0.000,0.000,OutOfStock
10770,p2_07_f9551cf9754a,P5-06 Barcode Target,,,True,0.000,0.000,OutOfStock
11048,p2_07_b50b97497e17,P5-06 Barcode Target,,,True,0.000,0.000,OutOfStock
11315,p2_07_7e8407e4fac9,P5-06 Barcode Target,,,True,0.000,0.000,OutOfStock
11582,p2_07_3276ffb0f325,P5-06 Barcode Target,,,True,0.000,0.000,OutOfStock
11852,p2_07_0dbf91b1580a,P5-06 Barcode Target,,,True,0.000,0.000,OutOfStock
12122,p2_07_4102b68b0bea,P5-06 Barcode Target,,,True,0.000,0.000,OutOfStock
12402,p2_07_4c1b5eb238e2,P5-06 Barcode Target,,,True,0.000,0.000,OutOfStock
12682,p2_07_1d84a7e4230f,P5-06 Barcode Target,,,True,0.000,0.000,OutOfStock
12962,p2_07_a87f3acadd02,P5-06 Barcode Target,,,True,0.000,0.000,OutOfStock
13242,p2_07_81fa29b35c32,P5-06 Barcode Target,,,True,0.000,0.000,OutOfStock
13523,p2_07_77c4a9f81f6f,P5-06 Barcode Target,,,True,0.000,0.000,OutOfStock
13803,p2_07_4da912f3877f,P5-06 Barcode Target,,,True,0.000,0.000,OutOfStock
5192,p2_07_3c25cce0d165,P5-06 Budget Target,,,True,0.000,0.000,OutOfStock
5210,p2_07_f14f9ab91e51,P5-06 Budget Target,,,True,0.000,0.000,OutOfStock
5228,p2_07_e8f67db6ff9c,P5-06 Budget Target,,,True,0.000,0.000,OutOfStock
5250,p2_07_8bd3afd9e9da,P5-06 Budget Target,,,True,0.000,0.000,OutOfStock
5329,p2_07_0af3d916f1d0,P5-06 Budget Target,,,True,0.000,0.000,OutOfStock
5467,p2_07_a29682059a6c,P5-06 Budget Target,,,True,0.000,0.000,OutOfStock
5560,p2_07_23d96dc3b8c8,P5-06 Budget Target,,,True,0.000,0.000,OutOfStock
5829,p2_07_7e434b61fdd5,P5-06 Budget Target,,,True,0.000,0.000,OutOfStock
6083,p2_07_0bd82e38cfdc,P5-06 Budget Target,,,True,0.000,0.000,OutOfStock
6323,p2_07_e32832ddd863,P5-06 Budget Target,,,True,0.000,0.000,OutOfStock
6570,p2_07_f2dc876839a5,P5-06 Budget Target,,,True,0.000,0.000,OutOfStock
6813,p2_07_0781d09d01fb,P5-06 Budget Target,,,True,0.000,0.000,OutOfStock
7121,p2_07_7e4eca0f9784,P5-06 Budget Target,,,True,0.000,0.000,OutOfStock
7392,p2_07_38f9337f9ba4,P5-06 Budget Target,,,True,0.000,0.000,OutOfStock
7648,p2_07_73fe15ac84b5,P5-06 Budget Target,,,True,0.000,0.000,OutOfStock
7904,p2_07_f0a6f063a650,P5-06 Budget Target,,,True,0.000,0.000,OutOfStock
8160,p2_07_b2d2a267b059,P5-06 Budget Target,,,True,0.000,0.000,OutOfStock
8416,p2_07_fe71d4289c85,P5-06 Budget Target,,,True,0.000,0.000,OutOfStock
8672,p2_07_112e91fedfa4,P5-06 Budget Target,,,True,0.000,0.000,OutOfStock
8928,p2_07_58db735354e6,P5-06 Budget Target,,,True,0.000,0.000,OutOfStock
9184,p2_07_e14477469535,P5-06 Budget Target,,,True,0.000,0.000,OutOfStock
9457,p2_07_9d06ec0723cb,P5-06 Budget Target,,,True,0.000,0.000,OutOfStock
9713,p2_07_b87b483af802,P5-06 Budget Target,,,True,0.000,0.000,OutOfStock
9969,p2_07_fae49a8b3aaf,P5-06 Budget Target,,,True,0.000,0.000,OutOfStock
10235,p2_07_069f198ebbf0,P5-06 Budget Target,,,True,0.000,0.000,OutOfStock
10508,p2_07_ff66ca9be9d1,P5-06 Budget Target,,,True,0.000,0.000,OutOfStock
10775,p2_07_f76ffad11fe5,P5-06 Budget Target,,,True,0.000,0.000,OutOfStock
11053,p2_07_99c46c8bc739,P5-06 Budget Target,,,True,0.000,0.000,OutOfStock
11320,p2_07_de662fd70e9b,P5-06 Budget Target,,,True,0.000,0.000,OutOfStock
11587,p2_07_5412184718c5,P5-06 Budget Target,,,True,0.000,0.000,OutOfStock
11857,p2_07_a1c1f845a851,P5-06 Budget Target,,,True,0.000,0.000,OutOfStock
12127,p2_07_40744d83c7c7,P5-06 Budget Target,,,True,0.000,0.000,OutOfStock
12407,p2_07_57c3dcd806d6,P5-06 Budget Target,,,True,0.000,0.000,OutOfStock
12687,p2_07_1fb36f9ccc2e,P5-06 Budget Target,,,True,0.000,0.000,OutOfStock
12967,p2_07_26b824236c95,P5-06 Budget Target,,,True,0.000,0.000,OutOfStock
13247,p2_07_a57423a997ea,P5-06 Budget Target,,,True,0.000,0.000,OutOfStock
13528,p2_07_f2f8d060a8d2,P5-06 Budget Target,,,True,0.000,0.000,OutOfStock
13808,p2_07_ddb2b097b203,P5-06 Budget Target,,,True,0.000,0.000,OutOfStock
7642,p2_07_f427e97451b4,P5-06 Contains p2_07_05fc9f035128 In Its Name,,,True,0.000,0.000,OutOfStock
12121,p2_07_622658334913,P5-06 Contains p2_07_0a7c5297b4d9 In Its Name,,,True,0.000,0.000,OutOfStock
7898,p2_07_e634507b0574,P5-06 Contains p2_07_0bcd57ad2dba In Its Name,,,True,0.000,0.000,OutOfStock
10502,p2_07_057735d4434a,P5-06 Contains p2_07_16f5d566fbca In Its Name,,,True,0.000,0.000,OutOfStock
5204,p2_07_fe3c63598513,P5-06 Contains p2_07_2497f1512059 In Its Name,,,True,0.000,0.000,OutOfStock
11314,p2_07_16fe02f50840,P5-06 Contains p2_07_264f79f36a0c In Its Name,,,True,0.000,0.000,OutOfStock
10769,p2_07_2f8a656f71d3,P5-06 Contains p2_07_2c5115158a92 In Its Name,,,True,0.000,0.000,OutOfStock
5222,p2_07_863e33730965,P5-06 Contains p2_07_2ffa51a20f8e In Its Name,,,True,0.000,0.000,OutOfStock
7115,p2_07_44f256f43062,P5-06 Contains p2_07_38db4a31dac0 In Its Name,,,True,0.000,0.000,OutOfStock
8922,p2_07_bf859ed544e6,P5-06 Contains p2_07_41ff67f4a8c8 In Its Name,,,True,0.000,0.000,OutOfStock
11581,p2_07_3e6721ef3c2f,P5-06 Contains p2_07_46c6d8ac0365 In Its Name,,,True,0.000,0.000,OutOfStock
5244,p2_07_2fff8768c836,P5-06 Contains p2_07_46e92a3f6364 In Its Name,,,True,0.000,0.000,OutOfStock
5554,p2_07_6fc13fcf4551,P5-06 Contains p2_07_4849c5f57638 In Its Name,,,True,0.000,0.000,OutOfStock
12681,p2_07_eb5ef498315c,P5-06 Contains p2_07_5076e2ed3dc2 In Its Name,,,True,0.000,0.000,OutOfStock
8666,p2_07_68f422d63e29,P5-06 Contains p2_07_5d007316e55c In Its Name,,,True,0.000,0.000,OutOfStock
13241,p2_07_b89a89d13551,P5-06 Contains p2_07_61a888ee36ee In Its Name,,,True,0.000,0.000,OutOfStock
5323,p2_07_f97b3016bd7c,P5-06 Contains p2_07_660b7d0d392c In Its Name,,,True,0.000,0.000,OutOfStock
13522,p2_07_3a599a4b7dbb,P5-06 Contains p2_07_6ab311a3395f In Its Name,,,True,0.000,0.000,OutOfStock
6807,p2_07_9af890715bba,P5-06 Contains p2_07_7712622cdc42 In Its Name,,,True,0.000,0.000,OutOfStock
7386,p2_07_edaa86b21eba,P5-06 Contains p2_07_7859040da122 In Its Name,,,True,0.000,0.000,OutOfStock
6077,p2_07_f17ee8f4a402,P5-06 Contains p2_07_7c67e43029c7 In Its Name,,,True,0.000,0.000,OutOfStock
9963,p2_07_c3aa53ab9ca3,P5-06 Contains p2_07_7cb8c9d8c147 In Its Name,,,True,0.000,0.000,OutOfStock
5823,p2_07_80e33001f622,P5-06 Contains p2_07_91b5c50d2a03 In Its Name,,,True,0.000,0.000,OutOfStock
5186,p2_07_7de18e8b28e7,P5-06 Contains p2_07_935d4c4459b7 In Its Name,,,True,0.000,0.000,OutOfStock
12961,p2_07_a276503d1374,P5-06 Contains p2_07_93a57a57ed6b In Its Name,,,True,0.000,0.000,OutOfStock
9707,p2_07_09deb14fbb64,P5-06 Contains p2_07_9edb07c24f1a In Its Name,,,True,0.000,0.000,OutOfStock
11851,p2_07_6086acff47ad,P5-06 Contains p2_07_afbcce814b06 In Its Name,,,True,0.000,0.000,OutOfStock
11047,p2_07_e3bb6cdf924a,P5-06 Contains p2_07_b35cdb0c2973 In Its Name,,,True,0.000,0.000,OutOfStock
5461,p2_07_394c39931a17,P5-06 Contains p2_07_b5e8bc71d681 In Its Name,,,True,0.000,0.000,OutOfStock
10229,p2_07_972e222a080e,P5-06 Contains p2_07_b927f8baa1e0 In Its Name,,,True,0.000,0.000,OutOfStock
9451,p2_07_4976985651f1,P5-06 Contains p2_07_be1b6bf886bf In Its Name,,,True,0.000,0.000,OutOfStock
6317,p2_07_2d4ab7701efd,P5-06 Contains p2_07_c9a6c789f06c In Its Name,,,True,0.000,0.000,OutOfStock
9178,p2_07_f4e703e0f634,P5-06 Contains p2_07_cc45466fba20 In Its Name,,,True,0.000,0.000,OutOfStock
6564,p2_07_c26d964436c6,P5-06 Contains p2_07_d005e627900a In Its Name,,,True,0.000,0.000,OutOfStock
8154,p2_07_660b8385ea2c,P5-06 Contains p2_07_d79518f5aad3 In Its Name,,,True,0.000,0.000,OutOfStock
12401,p2_07_9a7439c649ee,P5-06 Contains p2_07_df692c40ede1 In Its Name,,,True,0.000,0.000,OutOfStock
13802,p2_07_ce1ec5e3f77e,P5-06 Contains p2_07_f88b679657aa In Its Name,,,True,0.000,0.000,OutOfStock
8410,p2_07_68b8c2a66375,P5-06 Contains p2_07_fe2cb4be8fec In Its Name,,,True,0.000,0.000,OutOfStock
13243,p2_07_6fd33a1aa926,P5-06 Contains P2-07-0731c7207ad4 In Its Name,,,True,0.000,0.000,OutOfStock
12963,p2_07_ec41ca65ded4,P5-06 Contains P2-07-09b8dc51201c In Its Name,,,True,0.000,0.000,OutOfStock
5556,p2_07_5dfbb968745d,P5-06 Contains P2-07-0f7ef733060b In Its Name,,,True,0.000,0.000,OutOfStock
9453,p2_07_9138e3a11223,P5-06 Contains P2-07-1e794bf29bd2 In Its Name,,,True,0.000,0.000,OutOfStock
5188,p2_07_3fe29d8729ba,P5-06 Contains P2-07-277e978fa185 In Its Name,,,True,0.000,0.000,OutOfStock
12683,p2_07_60332927a84d,P5-06 Contains P2-07-2818de18aa20 In Its Name,,,True,0.000,0.000,OutOfStock
8156,p2_07_dee719cf0735,P5-06 Contains P2-07-41dac9dcac37 In Its Name,,,True,0.000,0.000,OutOfStock
7900,p2_07_87627a2b04bd,P5-06 Contains P2-07-4f75ac941aba In Its Name,,,True,0.000,0.000,OutOfStock
8924,p2_07_d66428a758db,P5-06 Contains P2-07-59847e4a4513 In Its Name,,,True,0.000,0.000,OutOfStock
9965,p2_07_71b4fc53d41d,P5-06 Contains P2-07-5f9032fda1e2 In Its Name,,,True,0.000,0.000,OutOfStock
5246,p2_07_74d55b8e3732,P5-06 Contains P2-07-60bcca71342c In Its Name,,,True,0.000,0.000,OutOfStock
13804,p2_07_24bbbfa05301,P5-06 Contains P2-07-68b06b2d2440 In Its Name,,,True,0.000,0.000,OutOfStock
7644,p2_07_93daded64640,P5-06 Contains P2-07-6a036dbb7c9c In Its Name,,,True,0.000,0.000,OutOfStock
11316,p2_07_7c6077c35a89,P5-06 Contains P2-07-6d380719f3bc In Its Name,,,True,0.000,0.000,OutOfStock
9180,p2_07_6ee2e17d9934,P5-06 Contains P2-07-71b54f83a3dc In Its Name,,,True,0.000,0.000,OutOfStock
6809,p2_07_e4179df3aec6,P5-06 Contains P2-07-7cc1b82ebc05 In Its Name,,,True,0.000,0.000,OutOfStock
12403,p2_07_89fdd4aecdaa,P5-06 Contains P2-07-83355456dba9 In Its Name,,,True,0.000,0.000,OutOfStock
13524,p2_07_e3d82573fa31,P5-06 Contains P2-07-84c3a9f96f0d In Its Name,,,True,0.000,0.000,OutOfStock
6319,p2_07_c4e27ba0270e,P5-06 Contains P2-07-85f316a16d61 In Its Name,,,True,0.000,0.000,OutOfStock
8668,p2_07_6fe02a78222d,P5-06 Contains P2-07-97c61cdaa77a In Its Name,,,True,0.000,0.000,OutOfStock
5325,p2_07_cddf05705b27,P5-06 Contains P2-07-9aefaad248c6 In Its Name,,,True,0.000,0.000,OutOfStock
6079,p2_07_af404ec2c173,P5-06 Contains P2-07-9ed41cc8885c In Its Name,,,True,0.000,0.000,OutOfStock
7388,p2_07_26d1e42aaf64,P5-06 Contains P2-07-9ff0e6f5d96c In Its Name,,,True,0.000,0.000,OutOfStock
6566,p2_07_d890ca8a2168,P5-06 Contains P2-07-a2fdb930cac6 In Its Name,,,True,0.000,0.000,OutOfStock
11853,p2_07_abbf8081b227,P5-06 Contains P2-07-a6b602956b63 In Its Name,,,True,0.000,0.000,OutOfStock
7117,p2_07_6f0b5a8538b2,P5-06 Contains P2-07-abdc934310ac In Its Name,,,True,0.000,0.000,OutOfStock
11049,p2_07_66a21862a211,P5-06 Contains P2-07-b04118d92e8d In Its Name,,,True,0.000,0.000,OutOfStock
5224,p2_07_55305270d3a4,P5-06 Contains P2-07-c532c6fee3a4 In Its Name,,,True,0.000,0.000,OutOfStock
10231,p2_07_0739447cd4eb,P5-06 Contains P2-07-caf493bacc12 In Its Name,,,True,0.000,0.000,OutOfStock
9709,p2_07_bec9a496432c,P5-06 Contains P2-07-cbfcd3181205 In Its Name,,,True,0.000,0.000,OutOfStock
11583,p2_07_73059fe60c68,P5-06 Contains P2-07-dd9a6b86d8ea In Its Name,,,True,0.000,0.000,OutOfStock
5206,p2_07_82c286ef00fd,P5-06 Contains P2-07-e0c3282b194b In Its Name,,,True,0.000,0.000,OutOfStock
8412,p2_07_dffb11bec85f,P5-06 Contains P2-07-e491b193848c In Its Name,,,True,0.000,0.000,OutOfStock
5463,p2_07_4bf87d1228fa,P5-06 Contains P2-07-e9def0b955db In Its Name,,,True,0.000,0.000,OutOfStock
12123,p2_07_45b1c9ef719f,P5-06 Contains P2-07-e9fe19ccccb4 In Its Name,,,True,0.000,0.000,OutOfStock
10504,p2_07_792373852ad9,P5-06 Contains P2-07-f271701738e1 In Its Name,,,True,0.000,0.000,OutOfStock
10771,p2_07_a48b4453ecc9,P5-06 Contains P2-07-f5493b93a035 In Its Name,,,True,0.000,0.000,OutOfStock
5825,p2_07_bb9abbbe0062,P5-06 Contains P2-07-f5b38110b75c In Its Name,,,True,0.000,0.000,OutOfStock
5189,p2_07_db655fef06c1,P5-06 Deactivated Target,,,False,0.000,0.000,OutOfStock
5207,p2_07_1f25bcdea9d3,P5-06 Deactivated Target,,,False,0.000,0.000,OutOfStock
5225,p2_07_bb39b55e345f,P5-06 Deactivated Target,,,False,0.000,0.000,OutOfStock
5247,p2_07_50270b885117,P5-06 Deactivated Target,,,False,0.000,0.000,OutOfStock
5326,p2_07_c0a376ce3e7d,P5-06 Deactivated Target,,,False,0.000,0.000,OutOfStock
5464,p2_07_4ef3c5da59dd,P5-06 Deactivated Target,,,False,0.000,0.000,OutOfStock
5557,p2_07_257251304fd1,P5-06 Deactivated Target,,,False,0.000,0.000,OutOfStock
5826,p2_07_73cc13300ca4,P5-06 Deactivated Target,,,False,0.000,0.000,OutOfStock
6080,p2_07_76b3b58e0a83,P5-06 Deactivated Target,,,False,0.000,0.000,OutOfStock
6320,p2_07_ae8d743f8cd6,P5-06 Deactivated Target,,,False,0.000,0.000,OutOfStock
6567,p2_07_13c704a169ab,P5-06 Deactivated Target,,,False,0.000,0.000,OutOfStock
6810,p2_07_81fbda819c79,P5-06 Deactivated Target,,,False,0.000,0.000,OutOfStock
7118,p2_07_987772bb3f04,P5-06 Deactivated Target,,,False,0.000,0.000,OutOfStock
7389,p2_07_ca9486b45639,P5-06 Deactivated Target,,,False,0.000,0.000,OutOfStock
7645,p2_07_2edbfb720953,P5-06 Deactivated Target,,,False,0.000,0.000,OutOfStock
7901,p2_07_9f7a7e09668a,P5-06 Deactivated Target,,,False,0.000,0.000,OutOfStock
8157,p2_07_c6eb2c21caee,P5-06 Deactivated Target,,,False,0.000,0.000,OutOfStock
8413,p2_07_2d44d3730145,P5-06 Deactivated Target,,,False,0.000,0.000,OutOfStock
8669,p2_07_463b130bf057,P5-06 Deactivated Target,,,False,0.000,0.000,OutOfStock
8925,p2_07_9d6ce73af87a,P5-06 Deactivated Target,,,False,0.000,0.000,OutOfStock
9181,p2_07_531a27ab5918,P5-06 Deactivated Target,,,False,0.000,0.000,OutOfStock
9454,p2_07_242bb7850ed6,P5-06 Deactivated Target,,,False,0.000,0.000,OutOfStock
9710,p2_07_89ca3f5444c7,P5-06 Deactivated Target,,,False,0.000,0.000,OutOfStock
9966,p2_07_5a49119e34dc,P5-06 Deactivated Target,,,False,0.000,0.000,OutOfStock
10232,p2_07_7d8a1632de46,P5-06 Deactivated Target,,,False,0.000,0.000,OutOfStock
10505,p2_07_3580b7b46861,P5-06 Deactivated Target,,,False,0.000,0.000,OutOfStock
10772,p2_07_f3559f8d15e2,P5-06 Deactivated Target,,,False,0.000,0.000,OutOfStock
11050,p2_07_0e4ff8ce12f4,P5-06 Deactivated Target,,,False,0.000,0.000,OutOfStock
11317,p2_07_931b62d405fc,P5-06 Deactivated Target,,,False,0.000,0.000,OutOfStock
11584,p2_07_aaae85463a2c,P5-06 Deactivated Target,,,False,0.000,0.000,OutOfStock
11854,p2_07_689e28b6aefa,P5-06 Deactivated Target,,,False,0.000,0.000,OutOfStock
12124,p2_07_8a0e04412e5d,P5-06 Deactivated Target,,,False,0.000,0.000,OutOfStock
12404,p2_07_84a7f5b1c490,P5-06 Deactivated Target,,,False,0.000,0.000,OutOfStock
12684,p2_07_8ae423808410,P5-06 Deactivated Target,,,False,0.000,0.000,OutOfStock
12964,p2_07_1dd7f6c088d3,P5-06 Deactivated Target,,,False,0.000,0.000,OutOfStock
13244,p2_07_d08e6366edf9,P5-06 Deactivated Target,,,False,0.000,0.000,OutOfStock
13525,p2_07_1882b82d09e7,P5-06 Deactivated Target,,,False,0.000,0.000,OutOfStock
13805,p2_07_dfd010b9e7a6,P5-06 Deactivated Target,,,False,0.000,0.000,OutOfStock
5185,p2_07_935d4c4459b7,P5-06 Exact Match Target,,,True,0.000,0.000,OutOfStock
5203,p2_07_2497f1512059,P5-06 Exact Match Target,,,True,0.000,0.000,OutOfStock
5221,p2_07_2ffa51a20f8e,P5-06 Exact Match Target,,,True,0.000,0.000,OutOfStock
5243,p2_07_46e92a3f6364,P5-06 Exact Match Target,,,True,0.000,0.000,OutOfStock
5322,p2_07_660b7d0d392c,P5-06 Exact Match Target,,,True,0.000,0.000,OutOfStock
5460,p2_07_b5e8bc71d681,P5-06 Exact Match Target,,,True,0.000,0.000,OutOfStock
5553,p2_07_4849c5f57638,P5-06 Exact Match Target,,,True,0.000,0.000,OutOfStock
5822,p2_07_91b5c50d2a03,P5-06 Exact Match Target,,,True,0.000,0.000,OutOfStock
6076,p2_07_7c67e43029c7,P5-06 Exact Match Target,,,True,0.000,0.000,OutOfStock
6316,p2_07_c9a6c789f06c,P5-06 Exact Match Target,,,True,0.000,0.000,OutOfStock
6563,p2_07_d005e627900a,P5-06 Exact Match Target,,,True,0.000,0.000,OutOfStock
6806,p2_07_7712622cdc42,P5-06 Exact Match Target,,,True,0.000,0.000,OutOfStock
7114,p2_07_38db4a31dac0,P5-06 Exact Match Target,,,True,0.000,0.000,OutOfStock
7385,p2_07_7859040da122,P5-06 Exact Match Target,,,True,0.000,0.000,OutOfStock
7641,p2_07_05fc9f035128,P5-06 Exact Match Target,,,True,0.000,0.000,OutOfStock
7897,p2_07_0bcd57ad2dba,P5-06 Exact Match Target,,,True,0.000,0.000,OutOfStock
8153,p2_07_d79518f5aad3,P5-06 Exact Match Target,,,True,0.000,0.000,OutOfStock
8409,p2_07_fe2cb4be8fec,P5-06 Exact Match Target,,,True,0.000,0.000,OutOfStock
8665,p2_07_5d007316e55c,P5-06 Exact Match Target,,,True,0.000,0.000,OutOfStock
8921,p2_07_41ff67f4a8c8,P5-06 Exact Match Target,,,True,0.000,0.000,OutOfStock
9177,p2_07_cc45466fba20,P5-06 Exact Match Target,,,True,0.000,0.000,OutOfStock
9450,p2_07_be1b6bf886bf,P5-06 Exact Match Target,,,True,0.000,0.000,OutOfStock
9706,p2_07_9edb07c24f1a,P5-06 Exact Match Target,,,True,0.000,0.000,OutOfStock
9962,p2_07_7cb8c9d8c147,P5-06 Exact Match Target,,,True,0.000,0.000,OutOfStock
10228,p2_07_b927f8baa1e0,P5-06 Exact Match Target,,,True,0.000,0.000,OutOfStock
10501,p2_07_16f5d566fbca,P5-06 Exact Match Target,,,True,0.000,0.000,OutOfStock
10768,p2_07_2c5115158a92,P5-06 Exact Match Target,,,True,0.000,0.000,OutOfStock
11046,p2_07_b35cdb0c2973,P5-06 Exact Match Target,,,True,0.000,0.000,OutOfStock
11313,p2_07_264f79f36a0c,P5-06 Exact Match Target,,,True,0.000,0.000,OutOfStock
11580,p2_07_46c6d8ac0365,P5-06 Exact Match Target,,,True,0.000,0.000,OutOfStock
11850,p2_07_afbcce814b06,P5-06 Exact Match Target,,,True,0.000,0.000,OutOfStock
12120,p2_07_0a7c5297b4d9,P5-06 Exact Match Target,,,True,0.000,0.000,OutOfStock
12400,p2_07_df692c40ede1,P5-06 Exact Match Target,,,True,0.000,0.000,OutOfStock
12680,p2_07_5076e2ed3dc2,P5-06 Exact Match Target,,,True,0.000,0.000,OutOfStock
12960,p2_07_93a57a57ed6b,P5-06 Exact Match Target,,,True,0.000,0.000,OutOfStock
13240,p2_07_61a888ee36ee,P5-06 Exact Match Target,,,True,0.000,0.000,OutOfStock
13521,p2_07_6ab311a3395f,P5-06 Exact Match Target,,,True,0.000,0.000,OutOfStock
13801,p2_07_f88b679657aa,P5-06 Exact Match Target,,,True,0.000,0.000,OutOfStock
5191,p2_07_976215f8ef1a,P5-06 Never Touched Target,,,True,0.000,0.000,OutOfStock
5209,p2_07_0552df99e941,P5-06 Never Touched Target,,,True,0.000,0.000,OutOfStock
5227,p2_07_2ccafd941a9b,P5-06 Never Touched Target,,,True,0.000,0.000,OutOfStock
5230,p2_07_03c3516754a0,P5-06 Never Touched Target,,,True,0.000,0.000,OutOfStock
5232,p2_07_104b63123bea,P5-06 Never Touched Target,,,True,0.000,0.000,OutOfStock
5249,p2_07_1a7a607ba6f6,P5-06 Never Touched Target,,,True,0.000,0.000,OutOfStock
5328,p2_07_38b3e4feeab3,P5-06 Never Touched Target,,,True,0.000,0.000,OutOfStock
5466,p2_07_0c9c37dc6c0e,P5-06 Never Touched Target,,,True,0.000,0.000,OutOfStock
5559,p2_07_a7e89bc39d8d,P5-06 Never Touched Target,,,True,0.000,0.000,OutOfStock
5828,p2_07_12afd618e061,P5-06 Never Touched Target,,,True,0.000,0.000,OutOfStock
6082,p2_07_e341a81103ae,P5-06 Never Touched Target,,,True,0.000,0.000,OutOfStock
6322,p2_07_8de660a6b50d,P5-06 Never Touched Target,,,True,0.000,0.000,OutOfStock
6569,p2_07_f96d56eec5dd,P5-06 Never Touched Target,,,True,0.000,0.000,OutOfStock
6812,p2_07_350f90cf5b7a,P5-06 Never Touched Target,,,True,0.000,0.000,OutOfStock
7120,p2_07_61e641978919,P5-06 Never Touched Target,,,True,0.000,0.000,OutOfStock
7391,p2_07_7839b22d35a5,P5-06 Never Touched Target,,,True,0.000,0.000,OutOfStock
7647,p2_07_8597f59a3591,P5-06 Never Touched Target,,,True,0.000,0.000,OutOfStock
7903,p2_07_25a2c11cd1e5,P5-06 Never Touched Target,,,True,0.000,0.000,OutOfStock
8159,p2_07_434312cef586,P5-06 Never Touched Target,,,True,0.000,0.000,OutOfStock
8415,p2_07_48db08ad3f96,P5-06 Never Touched Target,,,True,0.000,0.000,OutOfStock
8671,p2_07_354a66c22afe,P5-06 Never Touched Target,,,True,0.000,0.000,OutOfStock
8927,p2_07_68444c2551db,P5-06 Never Touched Target,,,True,0.000,0.000,OutOfStock
9183,p2_07_3ee6ca99ea90,P5-06 Never Touched Target,,,True,0.000,0.000,OutOfStock
9456,p2_07_b449d7343a50,P5-06 Never Touched Target,,,True,0.000,0.000,OutOfStock
9712,p2_07_34e578402ce2,P5-06 Never Touched Target,,,True,0.000,0.000,OutOfStock
9968,p2_07_9a5089a7a784,P5-06 Never Touched Target,,,True,0.000,0.000,OutOfStock
10234,p2_07_06cce20b90f7,P5-06 Never Touched Target,,,True,0.000,0.000,OutOfStock
10507,p2_07_cfd2732c18e9,P5-06 Never Touched Target,,,True,0.000,0.000,OutOfStock
10774,p2_07_7b84b54a7279,P5-06 Never Touched Target,,,True,0.000,0.000,OutOfStock
11052,p2_07_cee523f6fad2,P5-06 Never Touched Target,,,True,0.000,0.000,OutOfStock
11319,p2_07_d7726b73863d,P5-06 Never Touched Target,,,True,0.000,0.000,OutOfStock
11586,p2_07_54b60602c7f6,P5-06 Never Touched Target,,,True,0.000,0.000,OutOfStock
11856,p2_07_c1122ab98fd4,P5-06 Never Touched Target,,,True,0.000,0.000,OutOfStock
12126,p2_07_4d3c84903f57,P5-06 Never Touched Target,,,True,0.000,0.000,OutOfStock
12406,p2_07_f2cd02e38ad0,P5-06 Never Touched Target,,,True,0.000,0.000,OutOfStock
12686,p2_07_c057f4b1fe8f,P5-06 Never Touched Target,,,True,0.000,0.000,OutOfStock
12966,p2_07_3750a5c40da4,P5-06 Never Touched Target,,,True,0.000,0.000,OutOfStock
13246,p2_07_485c1f0451cb,P5-06 Never Touched Target,,,True,0.000,0.000,OutOfStock
13527,p2_07_64aa1a457f5e,P5-06 Never Touched Target,,,True,0.000,0.000,OutOfStock
13807,p2_07_6f9b5da136ed,P5-06 Never Touched Target,,,True,0.000,0.000,OutOfStock
5190,p2_07_f5dd3edcc1d0,P5-06 Stocked Target,,,True,12.500,0.000,Normal
5208,p2_07_7e68ad217edd,P5-06 Stocked Target,,,True,0.000,0.000,OutOfStock
5226,p2_07_8a8b8470a7cb,P5-06 Stocked Target,,,True,0.000,0.000,OutOfStock
5229,p2_07_93cb9ae4a367,P5-06 Stocked Target,,,True,0.000,0.000,OutOfStock
5231,p2_07_281e1e10a1ca,P5-06 Stocked Target,,,True,0.000,0.000,OutOfStock
5248,p2_07_e0f80d263c58,P5-06 Stocked Target,,,True,12.500,0.000,Normal
5327,p2_07_976bb776cf2d,P5-06 Stocked Target,,,True,12.500,0.000,Normal
5465,p2_07_70c67bdbd6f4,P5-06 Stocked Target,,,True,12.500,0.000,Normal
5558,p2_07_cb98406d0f55,P5-06 Stocked Target,,,True,12.500,0.000,Normal
5827,p2_07_18108ae2a7f3,P5-06 Stocked Target,,,True,12.500,0.000,Normal
6081,p2_07_616b8a498212,P5-06 Stocked Target,,,True,12.500,0.000,Normal
6321,p2_07_51d10907a12b,P5-06 Stocked Target,,,True,12.500,0.000,Normal
6568,p2_07_17195db13a77,P5-06 Stocked Target,,,True,12.500,0.000,Normal
6811,p2_07_30363e63b64e,P5-06 Stocked Target,,,True,12.500,0.000,Normal
7119,p2_07_dee655a3ec18,P5-06 Stocked Target,,,True,12.500,0.000,Normal
7390,p2_07_60175e132c0c,P5-06 Stocked Target,,,True,12.500,0.000,Normal
7646,p2_07_38450866acbd,P5-06 Stocked Target,,,True,12.500,0.000,Normal
7902,p2_07_2b941448fd81,P5-06 Stocked Target,,,True,12.500,0.000,Normal
8158,p2_07_ed6771064dec,P5-06 Stocked Target,,,True,12.500,0.000,Normal
8414,p2_07_6c4b7e07d85f,P5-06 Stocked Target,,,True,12.500,0.000,Normal
8670,p2_07_9577e9679b96,P5-06 Stocked Target,,,True,12.500,0.000,Normal
8926,p2_07_c604951a2a39,P5-06 Stocked Target,,,True,12.500,0.000,Normal
9182,p2_07_454be82242e6,P5-06 Stocked Target,,,True,12.500,0.000,Normal
9455,p2_07_f41e60903ace,P5-06 Stocked Target,,,True,12.500,0.000,Normal
9711,p2_07_6969f919daca,P5-06 Stocked Target,,,True,12.500,0.000,Normal
9967,p2_07_6778b8f746ab,P5-06 Stocked Target,,,True,12.500,0.000,Normal
10233,p2_07_2b3cc14f4d03,P5-06 Stocked Target,,,True,12.500,0.000,Normal
10506,p2_07_bef2f35a2f87,P5-06 Stocked Target,,,True,12.500,0.000,Normal
10773,p2_07_4d3c525594fa,P5-06 Stocked Target,,,True,12.500,0.000,Normal
11051,p2_07_3ab3efdd65f7,P5-06 Stocked Target,,,True,12.500,0.000,Normal
11318,p2_07_a806ed3fcc61,P5-06 Stocked Target,,,True,12.500,0.000,Normal
11585,p2_07_d9898b3cb0af,P5-06 Stocked Target,,,True,12.500,0.000,Normal
11855,p2_07_4c0e06d6c6af,P5-06 Stocked Target,,,True,12.500,0.000,Normal
12125,p2_07_db231cb71c27,P5-06 Stocked Target,,,True,12.500,0.000,Normal
12405,p2_07_81ed798a9d79,P5-06 Stocked Target,,,True,12.500,0.000,Normal
12685,p2_07_3514c35bb2e7,P5-06 Stocked Target,,,True,12.500,0.000,Normal
12965,p2_07_2f7f42a6f03e,P5-06 Stocked Target,,,True,12.500,0.000,Normal
13245,p2_07_b932e1362c7c,P5-06 Stocked Target,,,True,12.500,0.000,Normal
13526,p2_07_7ca4ce3243a8,P5-06 Stocked Target,,,True,12.500,0.000,Normal
13806,p2_07_c95f16c8aea7,P5-06 Stocked Target,,,True,12.500,0.000,Normal
5468,p5_07_fixture_sku_23164300993849d8,P5-07 Fixture Product,,,True,17.000,0.000,Normal
5469,p5_07_fixture_sku_f9c150e46da44f66,P5-07 Fixture Product,,,True,8.000,0.000,Normal
5470,p5_07_fixture_sku_175bcd0b23fd4d79,P5-07 Fixture Product,,,True,9.000,0.000,Normal
5471,p5_07_fixture_sku_1216b8e25f4b41a7,P5-07 Fixture Product,,,True,5.000,0.000,Normal
5472,p5_07_fixture_sku_0536bfd033b648bb,P5-07 Fixture Product,,,False,5.000,0.000,Normal
5473,p5_07_fixture_sku_84048784a3fd40bb,P5-07 Fixture Product,,,True,0.000,0.000,OutOfStock
5474,p5_07_fixture_sku_628dbd2cfbbe4191,P5-07 Fixture Product,,,True,5.000,0.000,Normal
5475,p5_07_fixture_sku_a552f46a92144951,P5-07 Fixture Product,,,True,4.000,0.000,Normal
5476,p5_07_fixture_sku_c5148e1320d942c4,P5-07 Fixture Product,,,True,4.000,0.000,Normal
5477,p5_07_fixture_sku_6b86383011494d5c,P5-07 Fixture Product,,,True,8.000,0.000,Normal
5478,p5_07_fixture_sku_4e5d0c2df479443c,P5-07 Fixture Product,,,True,10.000,0.000,Normal
5479,p5_07_fixture_sku_d990eba66b244cc9,P5-07 Fixture Product,,,True,8.000,0.000,Normal
5480,p5_07_fixture_sku_0a22a36fca1044da,P5-07 Fixture Product,,,True,5.000,0.000,Normal
5481,p5_07_fixture_sku_4ab2fd2441094219,P5-07 Fixture Product,,,True,5.000,0.000,Normal
5644,p5_07_fixture_sku_069f72e53c2443d6,P5-07 Fixture Product,,,True,17.000,0.000,Normal
5645,p5_07_fixture_sku_a74eac293518465a,P5-07 Fixture Product,,,True,8.000,0.000,Normal
5646,p5_07_fixture_sku_2f203f04f58a46a7,P5-07 Fixture Product,,,True,9.000,0.000,Normal
5647,p5_07_fixture_sku_d397b09fe2a94ebc,P5-07 Fixture Product,,,True,5.000,0.000,Normal
5648,p5_07_fixture_sku_c2c99472d44649af,P5-07 Fixture Product,,,False,5.000,0.000,Normal
5649,p5_07_fixture_sku_3c54a52885e64e39,P5-07 Fixture Product,,,True,0.000,0.000,OutOfStock
5650,p5_07_fixture_sku_172112e529e94060,P5-07 Fixture Product,,,True,5.000,0.000,Normal
5651,p5_07_fixture_sku_6da47bea832d4ea7,P5-07 Fixture Product,,,True,4.000,0.000,Normal
5652,p5_07_fixture_sku_fdfbbd55c98c4034,P5-07 Fixture Product,,,True,4.000,0.000,Normal
5653,p5_07_fixture_sku_3b088502bd964417,P5-07 Fixture Product,,,True,8.000,0.000,Normal
5654,p5_07_fixture_sku_25060e6e2e6f436d,P5-07 Fixture Product,,,True,10.000,0.000,Normal
5655,p5_07_fixture_sku_8a9e4091ffaf4f6e,P5-07 Fixture Product,,,True,8.000,0.000,Normal
5656,p5_07_fixture_sku_43aff6908c38420f,P5-07 Fixture Product,,,True,5.000,0.000,Normal
5657,p5_07_fixture_sku_b70b56fa285b4984,P5-07 Fixture Product,,,True,5.000,0.000,Normal
5704,p5_07_fixture_sku_d51724139ec64c74,P5-07 Fixture Product,,,True,17.000,0.000,Normal
5705,p5_07_fixture_sku_fbdc101c66c247c9,P5-07 Fixture Product,,,True,8.000,0.000,Normal
5706,p5_07_fixture_sku_76d6f51f9dc74e22,P5-07 Fixture Product,,,True,9.000,0.000,Normal
5707,p5_07_fixture_sku_05b9a4d5d2734967,P5-07 Fixture Product,,,True,5.000,0.000,Normal
5708,p5_07_fixture_sku_093953d3d15241f6,P5-07 Fixture Product,,,False,5.000,0.000,Normal
5709,p5_07_fixture_sku_0a7a9e5ef4734672,P5-07 Fixture Product,,,True,0.000,0.000,OutOfStock
5710,p5_07_fixture_sku_93307cc495af4c2e,P5-07 Fixture Product,,,True,5.000,0.000,Normal
5711,p5_07_fixture_sku_6b0684fe7d5c4667,P5-07 Fixture Product,,,True,4.000,0.000,Normal
5712,p5_07_fixture_sku_cf6966a276b649ad,P5-07 Fixture Product,,,True,4.000,0.000,Normal
5713,p5_07_fixture_sku_e315accb57644d04,P5-07 Fixture Product,,,True,8.000,0.000,Normal
5714,p5_07_fixture_sku_73ea9c4c7ee44e26,P5-07 Fixture Product,,,True,10.000,0.000,Normal
5715,p5_07_fixture_sku_1787871947e8480e,P5-07 Fixture Product,,,True,8.000,0.000,Normal
5716,p5_07_fixture_sku_47f950ed4031428e,P5-07 Fixture Product,,,True,5.000,0.000,Normal
5717,p5_07_fixture_sku_fb34952c2e4a44d4,P5-07 Fixture Product,,,True,5.000,0.000,Normal
5928,p5_07_fixture_sku_2fd26899d3b14b77,P5-07 Fixture Product,,,True,17.000,0.000,Normal
5929,p5_07_fixture_sku_8b97fdb933884cb7,P5-07 Fixture Product,,,True,8.000,0.000,Normal
5930,p5_07_fixture_sku_19fb38d5c6f3450f,P5-07 Fixture Product,,,True,9.000,0.000,Normal
5931,p5_07_fixture_sku_7b27438d9d19441a,P5-07 Fixture Product,,,True,5.000,0.000,Normal
5932,p5_07_fixture_sku_466433b0a0484633,P5-07 Fixture Product,,,False,5.000,0.000,Normal
5933,p5_07_fixture_sku_edebabfa92e244e5,P5-07 Fixture Product,,,True,0.000,0.000,OutOfStock
5934,p5_07_fixture_sku_e608fc3a6e734e96,P5-07 Fixture Product,,,True,5.000,0.000,Normal
5935,p5_07_fixture_sku_ca38e0d048264323,P5-07 Fixture Product,,,True,4.000,0.000,Normal
5936,p5_07_fixture_sku_33e82718a3d643ca,P5-07 Fixture Product,,,True,4.000,0.000,Normal
5937,p5_07_fixture_sku_c5df0819b1ac4988,P5-07 Fixture Product,,,True,8.000,0.000,Normal
5938,p5_07_fixture_sku_059991cf5f8c4860,P5-07 Fixture Product,,,True,10.000,0.000,Normal
5939,p5_07_fixture_sku_b387087180da4b9d,P5-07 Fixture Product,,,True,8.000,0.000,Normal
5940,p5_07_fixture_sku_2d2cd2be451b450e,P5-07 Fixture Product,,,True,5.000,0.000,Normal
5941,p5_07_fixture_sku_5b2e33bb5342413f,P5-07 Fixture Product,,,True,5.000,0.000,Normal
5988,p5_07_fixture_sku_5bad6fb384084084,P5-07 Fixture Product,,,True,8.000,0.000,Normal
5989,p5_07_fixture_sku_b01d938e1b6f4f10,P5-07 Fixture Product,,,True,17.000,0.000,Normal
5990,p5_07_fixture_sku_0cc7b7ebbb1147a3,P5-07 Fixture Product,,,True,8.000,0.000,Normal
5991,p5_07_fixture_sku_f9421303c6044400,P5-07 Fixture Product,,,True,9.000,0.000,Normal
5992,p5_07_fixture_sku_69aa946dcb0a41e7,P5-07 Fixture Product,,,True,5.000,0.000,Normal
5993,p5_07_fixture_sku_6c4bce7a5e2948d9,P5-07 Fixture Product,,,False,5.000,0.000,Normal
5994,p5_07_fixture_sku_ab5e74181a004484,P5-07 Fixture Product,,,True,0.000,0.000,OutOfStock
5995,p5_07_fixture_sku_3857b2a6be924755,P5-07 Fixture Product,,,True,5.000,0.000,Normal
5996,p5_07_fixture_sku_8f988623a1dc411f,P5-07 Fixture Product,,,True,4.000,0.000,Normal
5997,p5_07_fixture_sku_f72de025aabf4789,P5-07 Fixture Product,,,True,4.000,0.000,Normal
5998,p5_07_fixture_sku_fa95b522fca44f64,P5-07 Fixture Product,,,True,8.000,0.000,Normal
5999,p5_07_fixture_sku_c03fafa19bc94475,P5-07 Fixture Product,,,True,8.000,0.000,Normal
6000,p5_07_fixture_sku_f38ffec817f04e6d,P5-07 Fixture Product,,,True,8.000,0.000,Normal
6001,p5_07_fixture_sku_a3044b9a56214cf7,P5-07 Fixture Product,,,True,10.000,0.000,Normal
6002,p5_07_fixture_sku_244b7afa36eb426b,P5-07 Fixture Product,,,True,8.000,0.000,Normal
6003,p5_07_fixture_sku_ad4b3093ffb64a78,P5-07 Fixture Product,,,True,5.000,0.000,Normal
6004,p5_07_fixture_sku_501342f4bd2e443b,P5-07 Fixture Product,,,True,5.000,0.000,Normal
6182,p5_07_fixture_sku_71d1856e0d164624,P5-07 Fixture Product,,,True,17.000,0.000,Normal
6183,p5_07_fixture_sku_6ba04be069a0447d,P5-07 Fixture Product,,,True,8.000,0.000,Normal
6184,p5_07_fixture_sku_4de5ac74a2194269,P5-07 Fixture Product,,,True,9.000,0.000,Normal
6185,p5_07_fixture_sku_b10c80c595994737,P5-07 Fixture Product,,,True,5.000,0.000,Normal
6186,p5_07_fixture_sku_7d254d7144294d2f,P5-07 Fixture Product,,,False,5.000,0.000,Normal
6187,p5_07_fixture_sku_73ae4fbfe4b14856,P5-07 Fixture Product,,,True,0.000,0.000,OutOfStock
6188,p5_07_fixture_sku_d2318618b82d49c5,P5-07 Fixture Product,,,True,5.000,0.000,Normal
6189,p5_07_fixture_sku_6ace8d73dea94595,P5-07 Fixture Product,,,True,4.000,0.000,Normal
6190,p5_07_fixture_sku_6f74e8ae0102452b,P5-07 Fixture Product,,,True,4.000,0.000,Normal
6191,p5_07_fixture_sku_a283617017a64ee8,P5-07 Fixture Product,,,True,8.000,0.000,Normal
6192,p5_07_fixture_sku_e9703385dcd84881,P5-07 Fixture Product,,,True,8.000,0.000,Normal
6193,p5_07_fixture_sku_7cd4cc3224cc47b6,P5-07 Fixture Product,,,True,8.000,0.000,Normal
6194,p5_07_fixture_sku_a70ea314464942d2,P5-07 Fixture Product,,,True,10.000,0.000,Normal
6195,p5_07_fixture_sku_6c01c6a1eb8b469e,P5-07 Fixture Product,,,True,8.000,0.000,Normal
6196,p5_07_fixture_sku_1c16517f28c6478a,P5-07 Fixture Product,,,True,5.000,0.000,Normal
6197,p5_07_fixture_sku_c88c8c292fb8458b,P5-07 Fixture Product,,,True,5.000,0.000,Normal
6198,p5_07_fixture_sku_3ee9e74186ab472d,P5-07 Fixture Product,,,True,9.000,0.000,Normal
6422,p5_07_fixture_sku_0a8923b38df84a23,P5-07 Fixture Product,,,True,17.000,0.000,Normal
6423,p5_07_fixture_sku_31d9d141aeaf4e33,P5-07 Fixture Product,,,True,8.000,0.000,Normal
6424,p5_07_fixture_sku_dc8b9505b2554db1,P5-07 Fixture Product,,,True,9.000,0.000,Normal
6425,p5_07_fixture_sku_f9b257977fde48a7,P5-07 Fixture Product,,,True,5.000,0.000,Normal
6426,p5_07_fixture_sku_d9f195d35be749b9,P5-07 Fixture Product,,,False,5.000,0.000,Normal
6427,p5_07_fixture_sku_1bf0a0dac15747da,P5-07 Fixture Product,,,True,0.000,0.000,OutOfStock
6428,p5_07_fixture_sku_55a402efdab345a3,P5-07 Fixture Product,,,True,5.000,0.000,Normal
6429,p5_07_fixture_sku_ba2d35e90fd6499d,P5-07 Fixture Product,,,True,4.000,0.000,Normal
6430,p5_07_fixture_sku_fe6f9a021c464211,P5-07 Fixture Product,,,True,4.000,0.000,Normal
6431,p5_07_fixture_sku_480f5df4f8a54246,P5-07 Fixture Product,,,True,8.000,0.000,Normal
6432,p5_07_fixture_sku_cf7296d9f1c74c9c,P5-07 Fixture Product,,,True,8.000,0.000,Normal
6433,p5_07_fixture_sku_3275c6823ebd4ead,P5-07 Fixture Product,,,True,8.000,0.000,Normal
6434,p5_07_fixture_sku_6891b5a320ff4386,P5-07 Fixture Product,,,True,10.000,0.000,Normal
6435,p5_07_fixture_sku_0dfc152b033c41ee,P5-07 Fixture Product,,,True,8.000,0.000,Normal
6436,p5_07_fixture_sku_fcca30993e424159,P5-07 Fixture Product,,,True,5.000,0.000,Normal
6437,p5_07_fixture_sku_b6935452f34c447f,P5-07 Fixture Product,,,True,5.000,0.000,Normal
6438,p5_07_fixture_sku_7338fe5e410a41f6,P5-07 Fixture Product,,,True,9.000,0.000,Normal
6485,p5_07_fixture_sku_cbcb06b7fff941ab,P5-07 Fixture Product,,,True,8.000,0.000,Normal
6486,p5_07_fixture_sku_e0e00e5931a44584,P5-07 Fixture Product,,,True,8.000,0.000,Normal
6487,p5_07_fixture_sku_4374875e668d4cab,P5-07 Fixture Product,,,True,8.000,0.000,Normal
6488,p5_07_fixture_sku_39d3d5e7df2e4daf,P5-07 Fixture Product,,,True,9.000,0.000,Normal
6489,p5_07_fixture_sku_105420a2b5ce461d,P5-07 Fixture Product,,,True,4.000,0.000,Normal
6490,p5_07_fixture_sku_3bfaad7fe4f148ac,P5-07 Fixture Product,,,True,9.000,0.000,Normal
6491,p5_07_fixture_sku_ce37850a59bc48dc,P5-07 Fixture Product,,,True,4.000,0.000,Normal
6669,p5_07_fixture_sku_f7ec4781493f40e8,P5-07 Fixture Product,,,True,17.000,0.000,Normal
6670,p5_07_fixture_sku_57f50849e3dd45ee,P5-07 Fixture Product,,,True,8.000,0.000,Normal
6671,p5_07_fixture_sku_eb899c335d8a4944,P5-07 Fixture Product,,,True,9.000,0.000,Normal
6672,p5_07_fixture_sku_0db413cc80ab4d8d,P5-07 Fixture Product,,,True,5.000,0.000,Normal
6673,p5_07_fixture_sku_d83bba9f49774a97,P5-07 Fixture Product,,,False,5.000,0.000,Normal
6674,p5_07_fixture_sku_72749f22846c4145,P5-07 Fixture Product,,,True,0.000,0.000,OutOfStock
6675,p5_07_fixture_sku_8006ea41b1e6426f,P5-07 Fixture Product,,,True,5.000,0.000,Normal
6676,p5_07_fixture_sku_822701e601cc4419,P5-07 Fixture Product,,,True,4.000,0.000,Normal
6677,p5_07_fixture_sku_a2b0c9b428204666,P5-07 Fixture Product,,,True,4.000,0.000,Normal
6678,p5_07_fixture_sku_79e9c9fa9a2b4f58,P5-07 Fixture Product,,,True,8.000,0.000,Normal
6679,p5_07_fixture_sku_5428bcf58d904176,P5-07 Fixture Product,,,True,8.000,0.000,Normal
6680,p5_07_fixture_sku_c2b3cde8f2304ed1,P5-07 Fixture Product,,,True,8.000,0.000,Normal
6681,p5_07_fixture_sku_89ff78a778af425e,P5-07 Fixture Product,,,True,10.000,0.000,Normal
6682,p5_07_fixture_sku_b1734eb8d276409e,P5-07 Fixture Product,,,True,4.000,0.000,Normal
6683,p5_07_fixture_sku_5a7e55ad630f44c8,P5-07 Fixture Product,,,True,9.000,0.000,Normal
6684,p5_07_fixture_sku_0c483fc980a44dfe,P5-07 Fixture Product,,,True,4.000,0.000,Normal
6685,p5_07_fixture_sku_f0d63b1f415a42f9,P5-07 Fixture Product,,,True,8.000,0.000,Normal
6686,p5_07_fixture_sku_ae4e53cfd5414d91,P5-07 Fixture Product,,,True,5.000,0.000,Normal
6687,p5_07_fixture_sku_31053317e6e64ec2,P5-07 Fixture Product,,,True,5.000,0.000,Normal
6688,p5_07_fixture_sku_489d1c3645cd4a8f,P5-07 Fixture Product,,,True,9.000,0.000,Normal
6912,p5_07_fixture_sku_e2ff3ef67b434e49,P5-07 Fixture Product,,,True,17.000,0.000,Normal
6913,p5_07_fixture_sku_e8863d28f7b2464a,P5-07 Fixture Product,,,True,8.000,0.000,Normal
6914,p5_07_fixture_sku_15478b02f5a848d8,P5-07 Fixture Product,,,True,9.000,0.000,Normal
6915,p5_07_fixture_sku_d37275a0091744d5,P5-07 Fixture Product,,,True,5.000,0.000,Normal
6916,p5_07_fixture_sku_a69dfb2b9b09422e,P5-07 Fixture Product,,,False,5.000,0.000,Normal
6917,p5_07_fixture_sku_6572e2d2f17d497f,P5-07 Fixture Product,,,True,0.000,0.000,OutOfStock
6918,p5_07_fixture_sku_bfdfe52384cc435e,P5-07 Fixture Product,,,True,5.000,0.000,Normal
6919,p5_07_fixture_sku_23d7cfa9266f497b,P5-07 Fixture Product,,,True,4.000,0.000,Normal
6920,p5_07_fixture_sku_832d112fd33f4c4a,P5-07 Fixture Product,,,True,4.000,0.000,Normal
6921,p5_07_fixture_sku_3c1867198237439d,P5-07 Fixture Product,,,True,8.000,0.000,Normal
6922,p5_07_fixture_sku_d22e36a5ea344692,P5-07 Fixture Product,,,True,8.000,0.000,Normal
6923,p5_07_fixture_sku_66b91a6f60a64ea5,P5-07 Fixture Product,,,True,8.000,0.000,Normal
6924,p5_07_fixture_sku_6ed980b76d4e4701,P5-07 Fixture Product,,,True,10.000,0.000,Normal
6925,p5_07_fixture_sku_822e21625cae497c,P5-07 Fixture Product,,,True,4.000,0.000,Normal
6926,p5_07_fixture_sku_5d5dbbe0783042e6,P5-07 Fixture Product,,,True,9.000,0.000,Normal
6927,p5_07_fixture_sku_66f8c1fbe5ea4f46,P5-07 Fixture Product,,,True,4.000,0.000,Normal
6928,p5_07_fixture_sku_b2fabaa8d8064d32,P5-07 Fixture Product,,,True,8.000,0.000,Normal
6929,p5_07_fixture_sku_1ff010d1fa3f4ede,P5-07 Fixture Product,,,True,5.000,0.000,Normal
6930,p5_07_fixture_sku_251f6d37b81c4bb2,P5-07 Fixture Product,,,True,5.000,0.000,Normal
6931,p5_07_fixture_sku_5cd50c24ce034bba,P5-07 Fixture Product,,,True,9.000,0.000,Normal
7220,p5_07_fixture_sku_74b4c4d453b6418a,P5-07 Fixture Product,,,True,17.000,0.000,Normal
7221,p5_07_fixture_sku_e9f82e2eb425479a,P5-07 Fixture Product,,,True,8.000,0.000,Normal
7222,p5_07_fixture_sku_12aa9ad0ed7143d8,P5-07 Fixture Product,,,True,9.000,0.000,Normal
7223,p5_07_fixture_sku_12ae844f65ee48a6,P5-07 Fixture Product,,,True,5.000,0.000,Normal
7224,p5_07_fixture_sku_105bbaa73e124246,P5-07 Fixture Product,,,False,5.000,0.000,Normal
7225,p5_07_fixture_sku_52657777c0f442d4,P5-07 Fixture Product,,,True,0.000,0.000,OutOfStock
7226,p5_07_fixture_sku_5a694f1b4b544205,P5-07 Fixture Product,,,True,5.000,0.000,Normal
7227,p5_07_fixture_sku_03eb89213eb94682,P5-07 Fixture Product,,,True,4.000,0.000,Normal
7228,p5_07_fixture_sku_4249b8b175db452e,P5-07 Fixture Product,,,True,4.000,0.000,Normal
7229,p5_07_fixture_sku_eff964d516c3487f,P5-07 Fixture Product,,,True,8.000,0.000,Normal
7230,p5_07_fixture_sku_1d761e8f79a24a2a,P5-07 Fixture Product,,,True,8.000,0.000,Normal
7231,p5_07_fixture_sku_475b4c40b30b4a5e,P5-07 Fixture Product,,,True,8.000,0.000,Normal
7232,p5_07_fixture_sku_43936a9baa2e4489,P5-07 Fixture Product,,,True,10.000,0.000,Normal
7233,p5_07_fixture_sku_1039f25fd49b45a7,P5-07 Fixture Product,,,True,4.000,0.000,Normal
7234,p5_07_fixture_sku_6813d518a9674909,P5-07 Fixture Product,,,True,9.000,0.000,Normal
7235,p5_07_fixture_sku_a58af1bfb8534328,P5-07 Fixture Product,,,True,4.000,0.000,Normal
7236,p5_07_fixture_sku_124dc514b5114d73,P5-07 Fixture Product,,,True,8.000,0.000,Normal
7237,p5_07_fixture_sku_391c84db1fb74f90,P5-07 Fixture Product,,,True,5.000,0.000,Normal
7238,p5_07_fixture_sku_5bd847ec0db44e22,P5-07 Fixture Product,,,True,5.000,0.000,Normal
7239,p5_07_fixture_sku_4bb85efc7e994dca,P5-07 Fixture Product,,,True,9.000,0.000,Normal
7491,p5_07_fixture_sku_2681f85e3d504e44,P5-07 Fixture Product,,,True,17.000,0.000,Normal
7492,p5_07_fixture_sku_5cd64b74fcc94ca2,P5-07 Fixture Product,,,True,8.000,0.000,Normal
7493,p5_07_fixture_sku_ce988db92403439e,P5-07 Fixture Product,,,True,9.000,0.000,Normal
7494,p5_07_fixture_sku_26a37d72262f4267,P5-07 Fixture Product,,,True,5.000,0.000,Normal
7495,p5_07_fixture_sku_81039bb792c34f7f,P5-07 Fixture Product,,,False,5.000,0.000,Normal
7496,p5_07_fixture_sku_9d721891e1704e30,P5-07 Fixture Product,,,True,0.000,0.000,OutOfStock
7497,p5_07_fixture_sku_02a830170f9b4abe,P5-07 Fixture Product,,,True,5.000,0.000,Normal
7498,p5_07_fixture_sku_89bcef2dacf044ca,P5-07 Fixture Product,,,True,4.000,0.000,Normal
7499,p5_07_fixture_sku_8dc4bfa0c31c470a,P5-07 Fixture Product,,,True,4.000,0.000,Normal
7500,p5_07_fixture_sku_540142815d9942bf,P5-07 Fixture Product,,,True,8.000,0.000,Normal
7501,p5_07_fixture_sku_afb2dfa6ebc9405e,P5-07 Fixture Product,,,True,8.000,0.000,Normal
7502,p5_07_fixture_sku_5754ec0e9a404ab3,P5-07 Fixture Product,,,True,8.000,0.000,Normal
7503,p5_07_fixture_sku_3f7e09795b2c42d9,P5-07 Fixture Product,,,True,10.000,0.000,Normal
7504,p5_07_fixture_sku_0614f08beef54d07,P5-07 Fixture Product,,,True,4.000,0.000,Normal
7505,p5_07_fixture_sku_bae56c0d42024025,P5-07 Fixture Product,,,True,9.000,0.000,Normal
7506,p5_07_fixture_sku_9951196e131743fa,P5-07 Fixture Product,,,True,4.000,0.000,Normal
7507,p5_07_fixture_sku_8bbb75617707482d,P5-07 Fixture Product,,,True,8.000,0.000,Normal
7508,p5_07_fixture_sku_6304ba7575634896,P5-07 Fixture Product,,,True,5.000,0.000,Normal
7509,p5_07_fixture_sku_529ddbe9f62948e4,P5-07 Fixture Product,,,True,5.000,0.000,Normal
7510,p5_07_fixture_sku_6f7bf8ab193345ef,P5-07 Fixture Product,,,True,9.000,0.000,Normal
7747,p5_07_fixture_sku_f62d143d84a246b9,P5-07 Fixture Product,,,True,17.000,0.000,Normal
7748,p5_07_fixture_sku_911fc35966994ec3,P5-07 Fixture Product,,,True,8.000,0.000,Normal
7749,p5_07_fixture_sku_b0541a4592ab41e7,P5-07 Fixture Product,,,True,9.000,0.000,Normal
7750,p5_07_fixture_sku_46aebf1d251b4c64,P5-07 Fixture Product,,,True,5.000,0.000,Normal
7751,p5_07_fixture_sku_4ee465626bae4033,P5-07 Fixture Product,,,False,5.000,0.000,Normal
7752,p5_07_fixture_sku_be8e9dfaa5d74f06,P5-07 Fixture Product,,,True,0.000,0.000,OutOfStock
7753,p5_07_fixture_sku_be93d10e6af84390,P5-07 Fixture Product,,,True,5.000,0.000,Normal
7754,p5_07_fixture_sku_75fdf994ec244f9a,P5-07 Fixture Product,,,True,4.000,0.000,Normal
7755,p5_07_fixture_sku_672b06fe9cd14e8c,P5-07 Fixture Product,,,True,4.000,0.000,Normal
7756,p5_07_fixture_sku_8323e4883e4d4eea,P5-07 Fixture Product,,,True,8.000,0.000,Normal
7757,p5_07_fixture_sku_8f7baa350dc84b6b,P5-07 Fixture Product,,,True,8.000,0.000,Normal
7758,p5_07_fixture_sku_2b5f8ff093f04569,P5-07 Fixture Product,,,True,8.000,0.000,Normal
7759,p5_07_fixture_sku_5f731644b98e4162,P5-07 Fixture Product,,,True,10.000,0.000,Normal
7760,p5_07_fixture_sku_58c92a272791420c,P5-07 Fixture Product,,,True,4.000,0.000,Normal
7761,p5_07_fixture_sku_8cf90f059d9b4d2f,P5-07 Fixture Product,,,True,9.000,0.000,Normal
7762,p5_07_fixture_sku_a7df0177c5854d2d,P5-07 Fixture Product,,,True,4.000,0.000,Normal
7763,p5_07_fixture_sku_8e2d8ac97fdd4ce0,P5-07 Fixture Product,,,True,8.000,0.000,Normal
7764,p5_07_fixture_sku_9a6e7055567045ce,P5-07 Fixture Product,,,True,5.000,0.000,Normal
7765,p5_07_fixture_sku_1e447b23a4cc43bc,P5-07 Fixture Product,,,True,5.000,0.000,Normal
7766,p5_07_fixture_sku_5d0317e831234856,P5-07 Fixture Product,,,True,9.000,0.000,Normal
8003,p5_07_fixture_sku_5b90b543a31e4063,P5-07 Fixture Product,,,True,17.000,0.000,Normal
8004,p5_07_fixture_sku_f0347ec2fe1b4ce4,P5-07 Fixture Product,,,True,8.000,0.000,Normal
8005,p5_07_fixture_sku_f06a130c60fb49d1,P5-07 Fixture Product,,,True,9.000,0.000,Normal
8006,p5_07_fixture_sku_7de16be3a2bb476c,P5-07 Fixture Product,,,True,5.000,0.000,Normal
8007,p5_07_fixture_sku_367aeb1dad3d42e8,P5-07 Fixture Product,,,False,5.000,0.000,Normal
8008,p5_07_fixture_sku_1b2255417a4743af,P5-07 Fixture Product,,,True,0.000,0.000,OutOfStock
8009,p5_07_fixture_sku_f602b475afa042c8,P5-07 Fixture Product,,,True,5.000,0.000,Normal
8010,p5_07_fixture_sku_6d7b8229186945c5,P5-07 Fixture Product,,,True,4.000,0.000,Normal
8011,p5_07_fixture_sku_e5f1d5a157ff489c,P5-07 Fixture Product,,,True,4.000,0.000,Normal
8012,p5_07_fixture_sku_791fac68375041a5,P5-07 Fixture Product,,,True,8.000,0.000,Normal
8013,p5_07_fixture_sku_2be437051ae94aa8,P5-07 Fixture Product,,,True,8.000,0.000,Normal
8014,p5_07_fixture_sku_411a840c1fe242bf,P5-07 Fixture Product,,,True,8.000,0.000,Normal
8015,p5_07_fixture_sku_70e5c4ca52bf4a02,P5-07 Fixture Product,,,True,10.000,0.000,Normal
8016,p5_07_fixture_sku_76dac7c3fc1f4067,P5-07 Fixture Product,,,True,4.000,0.000,Normal
8017,p5_07_fixture_sku_b753e40e0e674d78,P5-07 Fixture Product,,,True,9.000,0.000,Normal
8018,p5_07_fixture_sku_38f93cadfce04773,P5-07 Fixture Product,,,True,4.000,0.000,Normal
8019,p5_07_fixture_sku_d4cec44f360f41b9,P5-07 Fixture Product,,,True,8.000,0.000,Normal
8020,p5_07_fixture_sku_8da02d42d34f4fa8,P5-07 Fixture Product,,,True,5.000,0.000,Normal
8021,p5_07_fixture_sku_9ffc9024e1b54ede,P5-07 Fixture Product,,,True,5.000,0.000,Normal
8022,p5_07_fixture_sku_962dfb3738084cd9,P5-07 Fixture Product,,,True,9.000,0.000,Normal
8259,p5_07_fixture_sku_fb28108f4f3848dd,P5-07 Fixture Product,,,True,17.000,0.000,Normal
8260,p5_07_fixture_sku_bcb308fd0086465e,P5-07 Fixture Product,,,True,8.000,0.000,Normal
8261,p5_07_fixture_sku_252bee8609ce458f,P5-07 Fixture Product,,,True,9.000,0.000,Normal
8262,p5_07_fixture_sku_1b780d7971574d30,P5-07 Fixture Product,,,True,5.000,0.000,Normal
8263,p5_07_fixture_sku_3b9d4d5bf11b4e3d,P5-07 Fixture Product,,,False,5.000,0.000,Normal
8264,p5_07_fixture_sku_822686e142e140a3,P5-07 Fixture Product,,,True,0.000,0.000,OutOfStock
8265,p5_07_fixture_sku_65cf0b213b9b4dcd,P5-07 Fixture Product,,,True,5.000,0.000,Normal
8266,p5_07_fixture_sku_301e7677f2e64871,P5-07 Fixture Product,,,True,4.000,0.000,Normal
8267,p5_07_fixture_sku_74421381dc33464a,P5-07 Fixture Product,,,True,4.000,0.000,Normal
8268,p5_07_fixture_sku_94bb9b35b17b432a,P5-07 Fixture Product,,,True,8.000,0.000,Normal
8269,p5_07_fixture_sku_9ee2ddc92e374c7b,P5-07 Fixture Product,,,True,8.000,0.000,Normal
8270,p5_07_fixture_sku_e5fe5097d2484041,P5-07 Fixture Product,,,True,8.000,0.000,Normal
8271,p5_07_fixture_sku_85ac2c05d10d4dab,P5-07 Fixture Product,,,True,10.000,0.000,Normal
8272,p5_07_fixture_sku_5a357a4d88284f78,P5-07 Fixture Product,,,True,4.000,0.000,Normal
8273,p5_07_fixture_sku_3702dc99b93b4286,P5-07 Fixture Product,,,True,9.000,0.000,Normal
8274,p5_07_fixture_sku_dcea574657db44a0,P5-07 Fixture Product,,,True,4.000,0.000,Normal
8275,p5_07_fixture_sku_7ebb29709517430b,P5-07 Fixture Product,,,True,8.000,0.000,Normal
8276,p5_07_fixture_sku_87a5d47e7f3c464d,P5-07 Fixture Product,,,True,5.000,0.000,Normal
8277,p5_07_fixture_sku_bb3e1c4f795c49bf,P5-07 Fixture Product,,,True,5.000,0.000,Normal
8278,p5_07_fixture_sku_4cca4ccc779d4144,P5-07 Fixture Product,,,True,9.000,0.000,Normal
8515,p5_07_fixture_sku_7b89787f208542a7,P5-07 Fixture Product,,,True,17.000,0.000,Normal
8516,p5_07_fixture_sku_c9205ef06f0a4cfe,P5-07 Fixture Product,,,True,8.000,0.000,Normal
8517,p5_07_fixture_sku_4744d8dd76724fe4,P5-07 Fixture Product,,,True,9.000,0.000,Normal
8518,p5_07_fixture_sku_0cc9db25959e42de,P5-07 Fixture Product,,,True,5.000,0.000,Normal
8519,p5_07_fixture_sku_64d3798476634a54,P5-07 Fixture Product,,,False,5.000,0.000,Normal
8520,p5_07_fixture_sku_291ec2eef6694c22,P5-07 Fixture Product,,,True,0.000,0.000,OutOfStock
8521,p5_07_fixture_sku_28bb1e00cdfd45f1,P5-07 Fixture Product,,,True,5.000,0.000,Normal
8522,p5_07_fixture_sku_f76dd79f3df54d9d,P5-07 Fixture Product,,,True,4.000,0.000,Normal
8523,p5_07_fixture_sku_87c4cf84f3164652,P5-07 Fixture Product,,,True,4.000,0.000,Normal
8524,p5_07_fixture_sku_1e83d08c410c46ca,P5-07 Fixture Product,,,True,8.000,0.000,Normal
8525,p5_07_fixture_sku_82efc1204e3d4876,P5-07 Fixture Product,,,True,8.000,0.000,Normal
8526,p5_07_fixture_sku_d6a6646d3532489f,P5-07 Fixture Product,,,True,8.000,0.000,Normal
8527,p5_07_fixture_sku_de8e6b67dbd1484b,P5-07 Fixture Product,,,True,10.000,0.000,Normal
8528,p5_07_fixture_sku_79043d4250c34636,P5-07 Fixture Product,,,True,4.000,0.000,Normal
8529,p5_07_fixture_sku_a3ec1a6e261e4aed,P5-07 Fixture Product,,,True,9.000,0.000,Normal
8530,p5_07_fixture_sku_83003226a58a42f5,P5-07 Fixture Product,,,True,4.000,0.000,Normal
8531,p5_07_fixture_sku_8a0dadd632a341ea,P5-07 Fixture Product,,,True,8.000,0.000,Normal
8532,p5_07_fixture_sku_c2b8e8f97c14451f,P5-07 Fixture Product,,,True,5.000,0.000,Normal
8533,p5_07_fixture_sku_d36165c84f3d4253,P5-07 Fixture Product,,,True,5.000,0.000,Normal
8534,p5_07_fixture_sku_2e6fbabde5184395,P5-07 Fixture Product,,,True,9.000,0.000,Normal
8771,p5_07_fixture_sku_57549585fab04206,P5-07 Fixture Product,,,True,17.000,0.000,Normal
8772,p5_07_fixture_sku_6d25f67b63eb4b35,P5-07 Fixture Product,,,True,8.000,0.000,Normal
8773,p5_07_fixture_sku_078466c9818c4003,P5-07 Fixture Product,,,True,9.000,0.000,Normal
8774,p5_07_fixture_sku_8f908721addb4903,P5-07 Fixture Product,,,True,5.000,0.000,Normal
8775,p5_07_fixture_sku_4449c9993d174b9d,P5-07 Fixture Product,,,False,5.000,0.000,Normal
8776,p5_07_fixture_sku_df95b42e7fe645dc,P5-07 Fixture Product,,,True,0.000,0.000,OutOfStock
8777,p5_07_fixture_sku_15cb8e76fdea46ef,P5-07 Fixture Product,,,True,5.000,0.000,Normal
8778,p5_07_fixture_sku_6187c439b3a247e5,P5-07 Fixture Product,,,True,4.000,0.000,Normal
8779,p5_07_fixture_sku_b6fabffa40df4daf,P5-07 Fixture Product,,,True,4.000,0.000,Normal
8780,p5_07_fixture_sku_541723c7b7b34fc0,P5-07 Fixture Product,,,True,8.000,0.000,Normal
8781,p5_07_fixture_sku_13b0404d73a546af,P5-07 Fixture Product,,,True,8.000,0.000,Normal
8782,p5_07_fixture_sku_ab544c533dd247c8,P5-07 Fixture Product,,,True,8.000,0.000,Normal
8783,p5_07_fixture_sku_72050513cf474de1,P5-07 Fixture Product,,,True,10.000,0.000,Normal
8784,p5_07_fixture_sku_182ce861425144c5,P5-07 Fixture Product,,,True,4.000,0.000,Normal
8785,p5_07_fixture_sku_cf8c46fd301a4b51,P5-07 Fixture Product,,,True,9.000,0.000,Normal
8786,p5_07_fixture_sku_3717a287770c490a,P5-07 Fixture Product,,,True,4.000,0.000,Normal
8787,p5_07_fixture_sku_8be2957815d64db9,P5-07 Fixture Product,,,True,8.000,0.000,Normal
8788,p5_07_fixture_sku_6c96eb20cb934e7e,P5-07 Fixture Product,,,True,5.000,0.000,Normal
8789,p5_07_fixture_sku_4f27b20d6a91485e,P5-07 Fixture Product,,,True,5.000,0.000,Normal
8790,p5_07_fixture_sku_06320da896c948cb,P5-07 Fixture Product,,,True,9.000,0.000,Normal
9027,p5_07_fixture_sku_9c851565004b4f21,P5-07 Fixture Product,,,True,17.000,0.000,Normal
9028,p5_07_fixture_sku_a3ab335e455d400f,P5-07 Fixture Product,,,True,8.000,0.000,Normal
9029,p5_07_fixture_sku_0f20d454278b446c,P5-07 Fixture Product,,,True,9.000,0.000,Normal
9030,p5_07_fixture_sku_d3c802ba7c914c16,P5-07 Fixture Product,,,True,5.000,0.000,Normal
9031,p5_07_fixture_sku_273afe42e6ad4176,P5-07 Fixture Product,,,False,5.000,0.000,Normal
9032,p5_07_fixture_sku_f43ff37ac11348ed,P5-07 Fixture Product,,,True,0.000,0.000,OutOfStock
9033,p5_07_fixture_sku_707befc9fc434ec3,P5-07 Fixture Product,,,True,5.000,0.000,Normal
9034,p5_07_fixture_sku_184d9960146b4036,P5-07 Fixture Product,,,True,4.000,0.000,Normal
9035,p5_07_fixture_sku_50a30e6edbfd43f9,P5-07 Fixture Product,,,True,4.000,0.000,Normal
9036,p5_07_fixture_sku_f6c751dde2be46e8,P5-07 Fixture Product,,,True,8.000,0.000,Normal
9037,p5_07_fixture_sku_6cebab593950464b,P5-07 Fixture Product,,,True,8.000,0.000,Normal
9038,p5_07_fixture_sku_02a0a4373a1d4563,P5-07 Fixture Product,,,True,8.000,0.000,Normal
9039,p5_07_fixture_sku_47ba80a57bd642f2,P5-07 Fixture Product,,,True,10.000,0.000,Normal
9040,p5_07_fixture_sku_8b34ff77ad104744,P5-07 Fixture Product,,,True,4.000,0.000,Normal
9041,p5_07_fixture_sku_57bc1ed39d174258,P5-07 Fixture Product,,,True,9.000,0.000,Normal
9042,p5_07_fixture_sku_5234c493f51c4665,P5-07 Fixture Product,,,True,4.000,0.000,Normal
9043,p5_07_fixture_sku_5af81bba37b44792,P5-07 Fixture Product,,,True,8.000,0.000,Normal
9044,p5_07_fixture_sku_20634a1730494870,P5-07 Fixture Product,,,True,5.000,0.000,Normal
9045,p5_07_fixture_sku_064c748d974947c6,P5-07 Fixture Product,,,True,5.000,0.000,Normal
9046,p5_07_fixture_sku_5220b5739c3d40c8,P5-07 Fixture Product,,,True,9.000,0.000,Normal
9283,p5_07_fixture_sku_8aa82ccc9aa44caf,P5-07 Fixture Product,,,True,17.000,0.000,Normal
9284,p5_07_fixture_sku_224b1bf265ef4644,P5-07 Fixture Product,,,True,8.000,0.000,Normal
9285,p5_07_fixture_sku_1c51fdb4d4424384,P5-07 Fixture Product,,,True,9.000,0.000,Normal
9286,p5_07_fixture_sku_fff8368233bb4fbf,P5-07 Fixture Product,,,True,5.000,0.000,Normal
9287,p5_07_fixture_sku_74ac48a399d74a99,P5-07 Fixture Product,,,False,5.000,0.000,Normal
9288,p5_07_fixture_sku_f850241ff53e48bc,P5-07 Fixture Product,,,True,0.000,0.000,OutOfStock
9289,p5_07_fixture_sku_30d348f673b9430f,P5-07 Fixture Product,,,True,5.000,0.000,Normal
9290,p5_07_fixture_sku_49ca357c9688440b,P5-07 Fixture Product,,,True,4.000,0.000,Normal
9291,p5_07_fixture_sku_15b8565a74cd48c8,P5-07 Fixture Product,,,True,4.000,0.000,Normal
9292,p5_07_fixture_sku_702731dca8894324,P5-07 Fixture Product,,,True,8.000,0.000,Normal
9293,p5_07_fixture_sku_869759aa6a084dff,P5-07 Fixture Product,,,True,8.000,0.000,Normal
9294,p5_07_fixture_sku_7d94f23ffdfd4625,P5-07 Fixture Product,,,True,8.000,0.000,Normal
9295,p5_07_fixture_sku_33901e15cbcd4ffe,P5-07 Fixture Product,,,True,10.000,0.000,Normal
9296,p5_07_fixture_sku_49dc2ac6b6624dba,P5-07 Fixture Product,,,True,4.000,0.000,Normal
9297,p5_07_fixture_sku_ed0a01296f234ab5,P5-07 Fixture Product,,,True,9.000,0.000,Normal
9298,p5_07_fixture_sku_be349b33fba74ffe,P5-07 Fixture Product,,,True,4.000,0.000,Normal
9299,p5_07_fixture_sku_ca58ca4fe31d4f29,P5-07 Fixture Product,,,True,8.000,0.000,Normal
9300,p5_07_fixture_sku_2621541168fb41e5,P5-07 Fixture Product,,,True,5.000,0.000,Normal
9301,p5_07_fixture_sku_c5ad1c6c670345ac,P5-07 Fixture Product,,,True,5.000,0.000,Normal
9302,p5_07_fixture_sku_38f345b39ab24d1f,P5-07 Fixture Product,,,True,9.000,0.000,Normal
9556,p5_07_fixture_sku_0621df088ec446ee,P5-07 Fixture Product,,,True,17.000,0.000,Normal
9557,p5_07_fixture_sku_cf7fd47b66ff4077,P5-07 Fixture Product,,,True,8.000,0.000,Normal
9558,p5_07_fixture_sku_6387ef8dd2b245e5,P5-07 Fixture Product,,,True,9.000,0.000,Normal
9559,p5_07_fixture_sku_715f0d310ac04a97,P5-07 Fixture Product,,,True,5.000,0.000,Normal
9560,p5_07_fixture_sku_f70f659b30834157,P5-07 Fixture Product,,,False,5.000,0.000,Normal
9561,p5_07_fixture_sku_e17acffba482475a,P5-07 Fixture Product,,,True,0.000,0.000,OutOfStock
9562,p5_07_fixture_sku_c579a58caffa48c1,P5-07 Fixture Product,,,True,5.000,0.000,Normal
9563,p5_07_fixture_sku_ff2ce85790ee4954,P5-07 Fixture Product,,,True,4.000,0.000,Normal
9564,p5_07_fixture_sku_ccf8fb8c738146ed,P5-07 Fixture Product,,,True,4.000,0.000,Normal
9565,p5_07_fixture_sku_33f8878453c34603,P5-07 Fixture Product,,,True,8.000,0.000,Normal
9566,p5_07_fixture_sku_153d86dcec4249cf,P5-07 Fixture Product,,,True,8.000,0.000,Normal
9567,p5_07_fixture_sku_f124d1792bb14410,P5-07 Fixture Product,,,True,8.000,0.000,Normal
9568,p5_07_fixture_sku_e18379db580648b3,P5-07 Fixture Product,,,True,10.000,0.000,Normal
9569,p5_07_fixture_sku_ed98086031ce4102,P5-07 Fixture Product,,,True,4.000,0.000,Normal
9570,p5_07_fixture_sku_593ed09cdc274041,P5-07 Fixture Product,,,True,9.000,0.000,Normal
9571,p5_07_fixture_sku_04baf61115d64add,P5-07 Fixture Product,,,True,4.000,0.000,Normal
9572,p5_07_fixture_sku_c6a05ff6b9434393,P5-07 Fixture Product,,,True,8.000,0.000,Normal
9573,p5_07_fixture_sku_ffae4b7c78064ca3,P5-07 Fixture Product,,,True,5.000,0.000,Normal
9574,p5_07_fixture_sku_c0412351fc134825,P5-07 Fixture Product,,,True,5.000,0.000,Normal
9575,p5_07_fixture_sku_801ab9ef6c444e4c,P5-07 Fixture Product,,,True,9.000,0.000,Normal
9812,p5_07_fixture_sku_759c0ec12e57499c,P5-07 Fixture Product,,,True,17.000,0.000,Normal
9813,p5_07_fixture_sku_ccbdd4b866654f8d,P5-07 Fixture Product,,,True,8.000,0.000,Normal
9814,p5_07_fixture_sku_5e2d798aa07f41b2,P5-07 Fixture Product,,,True,9.000,0.000,Normal
9815,p5_07_fixture_sku_7794446370514269,P5-07 Fixture Product,,,True,5.000,0.000,Normal
9816,p5_07_fixture_sku_a616749e10df4fac,P5-07 Fixture Product,,,False,5.000,0.000,Normal
9817,p5_07_fixture_sku_c89216cfb7844bd0,P5-07 Fixture Product,,,True,0.000,0.000,OutOfStock
9818,p5_07_fixture_sku_4b489c9e0c5a4204,P5-07 Fixture Product,,,True,5.000,0.000,Normal
9819,p5_07_fixture_sku_3c88ec1d589b4def,P5-07 Fixture Product,,,True,4.000,0.000,Normal
9820,p5_07_fixture_sku_99f75e8a4a76459d,P5-07 Fixture Product,,,True,4.000,0.000,Normal
9821,p5_07_fixture_sku_d1badc5040894113,P5-07 Fixture Product,,,True,8.000,0.000,Normal
9822,p5_07_fixture_sku_abe03f6b3a154b6f,P5-07 Fixture Product,,,True,8.000,0.000,Normal
9823,p5_07_fixture_sku_f32166c2224247b2,P5-07 Fixture Product,,,True,8.000,0.000,Normal
9824,p5_07_fixture_sku_458c41cf07034e2c,P5-07 Fixture Product,,,True,10.000,0.000,Normal
9825,p5_07_fixture_sku_75688a06696843b0,P5-07 Fixture Product,,,True,4.000,0.000,Normal
9826,p5_07_fixture_sku_3db764e1673d4112,P5-07 Fixture Product,,,True,9.000,0.000,Normal
9827,p5_07_fixture_sku_a5f51f9ddc4c4892,P5-07 Fixture Product,,,True,4.000,0.000,Normal
9828,p5_07_fixture_sku_2265d4cf3b864e4d,P5-07 Fixture Product,,,True,8.000,0.000,Normal
9829,p5_07_fixture_sku_5f589f3728e84565,P5-07 Fixture Product,,,True,5.000,0.000,Normal
9830,p5_07_fixture_sku_7882b9b4588646ca,P5-07 Fixture Product,,,True,5.000,0.000,Normal
9831,p5_07_fixture_sku_90d9768988814897,P5-07 Fixture Product,,,True,9.000,0.000,Normal
10068,p5_07_fixture_sku_4d0e835b772f400b,P5-07 Fixture Product,,,True,17.000,0.000,Normal
10069,p5_07_fixture_sku_653385294f4b4538,P5-07 Fixture Product,,,True,8.000,0.000,Normal
10070,p5_07_fixture_sku_5f309b2eaff640bf,P5-07 Fixture Product,,,True,9.000,0.000,Normal
10071,p5_07_fixture_sku_a94273143f294005,P5-07 Fixture Product,,,True,5.000,0.000,Normal
10072,p5_07_fixture_sku_1c5341009acd4fc9,P5-07 Fixture Product,,,False,5.000,0.000,Normal
10073,p5_07_fixture_sku_f4e26d3f7d524321,P5-07 Fixture Product,,,True,0.000,0.000,OutOfStock
10074,p5_07_fixture_sku_a94e91c83d6d44eb,P5-07 Fixture Product,,,True,5.000,0.000,Normal
10075,p5_07_fixture_sku_0c9e49f81ed741c9,P5-07 Fixture Product,,,True,4.000,0.000,Normal
10076,p5_07_fixture_sku_de4a88af51854da1,P5-07 Fixture Product,,,True,4.000,0.000,Normal
10077,p5_07_fixture_sku_2df7c0f09ea548c3,P5-07 Fixture Product,,,True,8.000,0.000,Normal
10078,p5_07_fixture_sku_fe5374891b1849e8,P5-07 Fixture Product,,,True,8.000,0.000,Normal
10079,p5_07_fixture_sku_9bbf3d5aa2cb423f,P5-07 Fixture Product,,,True,8.000,0.000,Normal
10080,p5_07_fixture_sku_02c463c94dba4b70,P5-07 Fixture Product,,,True,10.000,0.000,Normal
10081,p5_07_fixture_sku_db69320bb01a42fb,P5-07 Fixture Product,,,True,4.000,0.000,Normal
10082,p5_07_fixture_sku_b4ec9ca3ff264d5e,P5-07 Fixture Product,,,True,9.000,0.000,Normal
10083,p5_07_fixture_sku_4941d45f24044530,P5-07 Fixture Product,,,True,4.000,0.000,Normal
10084,p5_07_fixture_sku_405a73f792e84916,P5-07 Fixture Product,,,True,8.000,0.000,Normal
10085,p5_07_fixture_sku_cb95aa6b49fb4b38,P5-07 Fixture Product,,,True,5.000,0.000,Normal
10086,p5_07_fixture_sku_debebbcd36694a75,P5-07 Fixture Product,,,True,5.000,0.000,Normal
10087,p5_07_fixture_sku_a2ee81ea79a1415c,P5-07 Fixture Product,,,True,9.000,0.000,Normal
10334,p5_07_fixture_sku_23e2b02e5cd44d9d,P5-07 Fixture Product,,,True,17.000,0.000,Normal
10335,p5_07_fixture_sku_a84a00e7e0324aa7,P5-07 Fixture Product,,,True,8.000,0.000,Normal
10336,p5_07_fixture_sku_a36a5d195cff43ec,P5-07 Fixture Product,,,True,9.000,0.000,Normal
10337,p5_07_fixture_sku_00b55999be25419a,P5-07 Fixture Product,,,True,5.000,0.000,Normal
10338,p5_07_fixture_sku_c17933ad57234985,P5-07 Fixture Product,,,False,5.000,0.000,Normal
10339,p5_07_fixture_sku_0980d93bac2f4b89,P5-07 Fixture Product,,,True,0.000,0.000,OutOfStock
10340,p5_07_fixture_sku_c8fb2bba286c4610,P5-07 Fixture Product,,,True,5.000,0.000,Normal
10341,p5_07_fixture_sku_c00b4b4f2cac4866,P5-07 Fixture Product,,,True,4.000,0.000,Normal
10342,p5_07_fixture_sku_73b01dcdad0547b2,P5-07 Fixture Product,,,True,4.000,0.000,Normal
10343,p5_07_fixture_sku_e8113e51348647da,P5-07 Fixture Product,,,True,8.000,0.000,Normal
10344,p5_07_fixture_sku_9365fcbce9464601,P5-07 Fixture Product,,,True,8.000,0.000,Normal
10345,p5_07_fixture_sku_0017f89e1b4f4763,P5-07 Fixture Product,,,True,8.000,0.000,Normal
10346,p5_07_fixture_sku_a0a8f0b91d40419b,P5-07 Fixture Product,,,True,10.000,0.000,Normal
10347,p5_07_fixture_sku_f91bbf95fa624239,P5-07 Fixture Product,,,True,4.000,0.000,Normal
10348,p5_07_fixture_sku_1bad0b544e0145cb,P5-07 Fixture Product,,,True,9.000,0.000,Normal
10349,p5_07_fixture_sku_d161d18d6624425b,P5-07 Fixture Product,,,True,4.000,0.000,Normal
10350,p5_07_fixture_sku_860570a7cffe4c8a,P5-07 Fixture Product,,,True,8.000,0.000,Normal
10351,p5_07_fixture_sku_19ab88fac7f64d0a,P5-07 Fixture Product,,,True,5.000,0.000,Normal
10352,p5_07_fixture_sku_f2013a1913364c9a,P5-07 Fixture Product,,,True,5.000,0.000,Normal
10353,p5_07_fixture_sku_3d219ac40c134047,P5-07 Fixture Product,,,True,9.000,0.000,Normal
10613,p5_07_fixture_sku_ecefa5e4d3b243da,P5-07 Fixture Product,,,True,17.000,0.000,Normal
10614,p5_07_fixture_sku_1bd0fc3f60df4dbe,P5-07 Fixture Product,,,True,8.000,0.000,Normal
10615,p5_07_fixture_sku_8c2e7ce8aeec4c9a,P5-07 Fixture Product,,,True,9.000,0.000,Normal
10616,p5_07_fixture_sku_0a055ee3ee254c7e,P5-07 Fixture Product,,,True,5.000,0.000,Normal
10617,p5_07_fixture_sku_239cc2e4a4c54039,P5-07 Fixture Product,,,False,5.000,0.000,Normal
10618,p5_07_fixture_sku_4471bc2f3f704ef1,P5-07 Fixture Product,,,True,0.000,0.000,OutOfStock
10619,p5_07_fixture_sku_4ffb5f923dbd43f1,P5-07 Fixture Product,,,True,5.000,0.000,Normal
10620,p5_07_fixture_sku_207a6bf1337f4cef,P5-07 Fixture Product,,,True,4.000,0.000,Normal
10621,p5_07_fixture_sku_141c38f4022b46aa,P5-07 Fixture Product,,,True,4.000,0.000,Normal
10622,p5_07_fixture_sku_3a98e2e6efe64c6a,P5-07 Fixture Product,,,True,8.000,0.000,Normal
10623,p5_07_fixture_sku_29e8c505b5a74320,P5-07 Fixture Product,,,True,8.000,0.000,Normal
10624,p5_07_fixture_sku_3d73f9c5f9324ddb,P5-07 Fixture Product,,,True,8.000,0.000,Normal
10625,p5_07_fixture_sku_8b50fe8f7d064a73,P5-07 Fixture Product,,,True,10.000,0.000,Normal
10626,p5_07_fixture_sku_c134c22cee194fe1,P5-07 Fixture Product,,,True,4.000,0.000,Normal
10627,p5_07_fixture_sku_2f807b87da3a401a,P5-07 Fixture Product,,,True,9.000,0.000,Normal
10628,p5_07_fixture_sku_b3e9496986af4658,P5-07 Fixture Product,,,True,4.000,0.000,Normal
10629,p5_07_fixture_sku_b0da5a1e1e464bc2,P5-07 Fixture Product,,,True,8.000,0.000,Normal
10630,p5_07_fixture_sku_2ef1222ad54749f0,P5-07 Fixture Product,,,True,5.000,0.000,Normal
10631,p5_07_fixture_sku_0fe9fc2205214c93,P5-07 Fixture Product,,,True,5.000,0.000,Normal
10632,p5_07_fixture_sku_9680e5cd94a541e6,P5-07 Fixture Product,,,True,9.000,0.000,Normal
10880,p5_07_fixture_sku_7e17351dbcf64253,P5-07 Fixture Product,,,True,17.000,0.000,Normal
10881,p5_07_fixture_sku_a02a18dacbbd4d43,P5-07 Fixture Product,,,True,8.000,0.000,Normal
10882,p5_07_fixture_sku_09be346864a644fd,P5-07 Fixture Product,,,True,9.000,0.000,Normal
10883,p5_07_fixture_sku_0e04f35d4a3c4e5d,P5-07 Fixture Product,,,True,5.000,0.000,Normal
10884,p5_07_fixture_sku_5c295de25961427c,P5-07 Fixture Product,,,False,5.000,0.000,Normal
10885,p5_07_fixture_sku_1b9703f9d50347fc,P5-07 Fixture Product,,,True,0.000,0.000,OutOfStock
10886,p5_07_fixture_sku_11589d9a12474206,P5-07 Fixture Product,,,True,5.000,0.000,Normal
10887,p5_07_fixture_sku_e9c7d4f5c1aa4576,P5-07 Fixture Product,,,True,4.000,0.000,Normal
10888,p5_07_fixture_sku_5a079b68a76548d7,P5-07 Fixture Product,,,True,4.000,0.000,Normal
10889,p5_07_fixture_sku_36aae56d3b3f48aa,P5-07 Fixture Product,,,True,8.000,0.000,Normal
10890,p5_07_fixture_sku_85bf25467ac04ba1,P5-07 Fixture Product,,,True,8.000,0.000,Normal
10891,p5_07_fixture_sku_db99e286a32242a4,P5-07 Fixture Product,,,True,8.000,0.000,Normal
10892,p5_07_fixture_sku_454c4c66213c489f,P5-07 Fixture Product,,,True,10.000,0.000,Normal
10893,p5_07_fixture_sku_934c85608b7249ba,P5-07 Fixture Product,,,True,4.000,0.000,Normal
10894,p5_07_fixture_sku_4defe392e6134925,P5-07 Fixture Product,,,True,9.000,0.000,Normal
10895,p5_07_fixture_sku_518f3f1449bb4114,P5-07 Fixture Product,,,True,4.000,0.000,Normal
10896,p5_07_fixture_sku_3753bd8508a74e69,P5-07 Fixture Product,,,True,8.000,0.000,Normal
10897,p5_07_fixture_sku_37bda7d0921741a3,P5-07 Fixture Product,,,True,5.000,0.000,Normal
10898,p5_07_fixture_sku_891fcc833c9f4af1,P5-07 Fixture Product,,,True,5.000,0.000,Normal
10899,p5_07_fixture_sku_3560b7156faf4ab6,P5-07 Fixture Product,,,True,9.000,0.000,Normal
11158,p5_07_fixture_sku_184db0dd7102420c,P5-07 Fixture Product,,,True,17.000,0.000,Normal
11159,p5_07_fixture_sku_fd02a7be16184517,P5-07 Fixture Product,,,True,8.000,0.000,Normal
11160,p5_07_fixture_sku_21876a9478b4453e,P5-07 Fixture Product,,,True,9.000,0.000,Normal
11161,p5_07_fixture_sku_84ab2f3705164023,P5-07 Fixture Product,,,True,5.000,0.000,Normal
11162,p5_07_fixture_sku_df98bdf27f67492b,P5-07 Fixture Product,,,False,5.000,0.000,Normal
11163,p5_07_fixture_sku_089b7f21163545a4,P5-07 Fixture Product,,,True,0.000,0.000,OutOfStock
11164,p5_07_fixture_sku_43bdba33318d4a7e,P5-07 Fixture Product,,,True,5.000,0.000,Normal
11165,p5_07_fixture_sku_9c037bd6f38c4233,P5-07 Fixture Product,,,True,4.000,0.000,Normal
11166,p5_07_fixture_sku_f889a486cea24a85,P5-07 Fixture Product,,,True,4.000,0.000,Normal
11167,p5_07_fixture_sku_5e691793071d42cc,P5-07 Fixture Product,,,True,8.000,0.000,Normal
11168,p5_07_fixture_sku_1fad0f4b7f6f431f,P5-07 Fixture Product,,,True,8.000,0.000,Normal
11169,p5_07_fixture_sku_55e2a89395b4475d,P5-07 Fixture Product,,,True,8.000,0.000,Normal
11170,p5_07_fixture_sku_a71833665b3a4ec3,P5-07 Fixture Product,,,True,10.000,0.000,Normal
11171,p5_07_fixture_sku_93990d51cfa74bd0,P5-07 Fixture Product,,,True,4.000,0.000,Normal
11172,p5_07_fixture_sku_3ec0eead6eb84c44,P5-07 Fixture Product,,,True,9.000,0.000,Normal
11173,p5_07_fixture_sku_d42190d46e324acd,P5-07 Fixture Product,,,True,4.000,0.000,Normal
11174,p5_07_fixture_sku_c15ca42236334d80,P5-07 Fixture Product,,,True,8.000,0.000,Normal
11175,p5_07_fixture_sku_7f9037f383ce45f0,P5-07 Fixture Product,,,True,5.000,0.000,Normal
11176,p5_07_fixture_sku_bf494af7f2d34b9c,P5-07 Fixture Product,,,True,5.000,0.000,Normal
11177,p5_07_fixture_sku_1308f11f00f64a86,P5-07 Fixture Product,,,True,9.000,0.000,Normal
11425,p5_07_fixture_sku_a33083fcc7f041f8,P5-07 Fixture Product,,,True,17.000,0.000,Normal
11426,p5_07_fixture_sku_92c597c6fcde4646,P5-07 Fixture Product,,,True,8.000,0.000,Normal
11427,p5_07_fixture_sku_76f0e8ea5e68404e,P5-07 Fixture Product,,,True,9.000,0.000,Normal
11428,p5_07_fixture_sku_94f960e6208543d6,P5-07 Fixture Product,,,True,5.000,0.000,Normal
11429,p5_07_fixture_sku_44686c1aa0784135,P5-07 Fixture Product,,,False,5.000,0.000,Normal
11430,p5_07_fixture_sku_b56b5ed259c243a0,P5-07 Fixture Product,,,True,0.000,0.000,OutOfStock
11431,p5_07_fixture_sku_c0c39b03bc0b49af,P5-07 Fixture Product,,,True,5.000,0.000,Normal
11432,p5_07_fixture_sku_722bac5356034d9b,P5-07 Fixture Product,,,True,4.000,0.000,Normal
11433,p5_07_fixture_sku_f8e343b1c8514bcd,P5-07 Fixture Product,,,True,4.000,0.000,Normal
11434,p5_07_fixture_sku_27149c1ccd474929,P5-07 Fixture Product,,,True,8.000,0.000,Normal
11435,p5_07_fixture_sku_bf2210abbb8d4d6f,P5-07 Fixture Product,,,True,8.000,0.000,Normal
11436,p5_07_fixture_sku_c7a428fa972e48d5,P5-07 Fixture Product,,,True,8.000,0.000,Normal
11437,p5_07_fixture_sku_719bf8aa6581435d,P5-07 Fixture Product,,,True,10.000,0.000,Normal
11438,p5_07_fixture_sku_e2d2bafd90134705,P5-07 Fixture Product,,,True,4.000,0.000,Normal
11439,p5_07_fixture_sku_a02988b11e874475,P5-07 Fixture Product,,,True,9.000,0.000,Normal
11440,p5_07_fixture_sku_8eaea5d46b8f4528,P5-07 Fixture Product,,,True,4.000,0.000,Normal
11441,p5_07_fixture_sku_49ce8aa3381e4c2b,P5-07 Fixture Product,,,True,8.000,0.000,Normal
11442,p5_07_fixture_sku_3f60c5c321b04847,P5-07 Fixture Product,,,True,5.000,0.000,Normal
11443,p5_07_fixture_sku_e249883c657e4ffd,P5-07 Fixture Product,,,True,5.000,0.000,Normal
11444,p5_07_fixture_sku_ad79ccf014bc4bf1,P5-07 Fixture Product,,,True,9.000,0.000,Normal
11692,p5_07_fixture_sku_a2dbc7bba08b43ba,P5-07 Fixture Product,,,True,17.000,0.000,Normal
11693,p5_07_fixture_sku_8b01eb8466e34204,P5-07 Fixture Product,,,True,8.000,0.000,Normal
11694,p5_07_fixture_sku_322aebce6a844235,P5-07 Fixture Product,,,True,9.000,0.000,Normal
11695,p5_07_fixture_sku_eb374f5674254d0c,P5-07 Fixture Product,,,True,5.000,0.000,Normal
11696,p5_07_fixture_sku_418a4e8182bb4c6d,P5-07 Fixture Product,,,False,5.000,0.000,Normal
11697,p5_07_fixture_sku_6a3540412b47442b,P5-07 Fixture Product,,,True,0.000,0.000,OutOfStock
11698,p5_07_fixture_sku_edd6f0ff08274140,P5-07 Fixture Product,,,True,5.000,0.000,Normal
11699,p5_07_fixture_sku_9da2a390f4fe4845,P5-07 Fixture Product,,,True,4.000,0.000,Normal
11700,p5_07_fixture_sku_84698f39ede94745,P5-07 Fixture Product,,,True,4.000,0.000,Normal
11701,p5_07_fixture_sku_916d3687ef924b8a,P5-07 Fixture Product,,,True,8.000,0.000,Normal
11702,p5_07_fixture_sku_a93ab10205a54def,P5-07 Fixture Product,,,True,8.000,0.000,Normal
11703,p5_07_fixture_sku_97ef9c2433ac4324,P5-07 Fixture Product,,,True,8.000,0.000,Normal
11704,p5_07_fixture_sku_eccdf3b71e704c63,P5-07 Fixture Product,,,True,10.000,0.000,Normal
11705,p5_07_fixture_sku_0a57283ed7ee4175,P5-07 Fixture Product,,,True,4.000,0.000,Normal
11706,p5_07_fixture_sku_e3a77318c8a04178,P5-07 Fixture Product,,,True,9.000,0.000,Normal
11707,p5_07_fixture_sku_092448329fa24d46,P5-07 Fixture Product,,,True,4.000,0.000,Normal
11708,p5_07_fixture_sku_d87acc66af664621,P5-07 Fixture Product,,,True,8.000,0.000,Normal
11709,p5_07_fixture_sku_c899e2ec00f04f3b,P5-07 Fixture Product,,,True,5.000,0.000,Normal
11710,p5_07_fixture_sku_0857fee7f8f44918,P5-07 Fixture Product,,,True,5.000,0.000,Normal
11711,p5_07_fixture_sku_bebb0746a9a5427a,P5-07 Fixture Product,,,True,9.000,0.000,Normal
11962,p5_07_fixture_sku_47e1c01be2dd4e65,P5-07 Fixture Product,,,True,17.000,0.000,Normal
11963,p5_07_fixture_sku_d37a3179a3d34b07,P5-07 Fixture Product,,,True,8.000,0.000,Normal
11964,p5_07_fixture_sku_294093cd0baa4ae6,P5-07 Fixture Product,,,True,9.000,0.000,Normal
11965,p5_07_fixture_sku_c2e93458caa44c06,P5-07 Fixture Product,,,True,5.000,0.000,Normal
11966,p5_07_fixture_sku_21d2e8931d224c00,P5-07 Fixture Product,,,False,5.000,0.000,Normal
11967,p5_07_fixture_sku_61b8723bda794e95,P5-07 Fixture Product,,,True,0.000,0.000,OutOfStock
11968,p5_07_fixture_sku_3bbbd42d8ccc4df8,P5-07 Fixture Product,,,True,5.000,0.000,Normal
11969,p5_07_fixture_sku_d27d3d6d26254c23,P5-07 Fixture Product,,,True,4.000,0.000,Normal
11970,p5_07_fixture_sku_986433f8c4114e19,P5-07 Fixture Product,,,True,4.000,0.000,Normal
11971,p5_07_fixture_sku_ab8c3d9355264a34,P5-07 Fixture Product,,,True,8.000,0.000,Normal
11972,p5_07_fixture_sku_1dae9aaec55246f8,P5-07 Fixture Product,,,True,8.000,0.000,Normal
11973,p5_07_fixture_sku_35120d62ee0f4247,P5-07 Fixture Product,,,True,8.000,0.000,Normal
11974,p5_07_fixture_sku_2ad8091b3b404d29,P5-07 Fixture Product,,,True,10.000,0.000,Normal
11975,p5_07_fixture_sku_ae7f10b26bea4222,P5-07 Fixture Product,,,True,4.000,0.000,Normal
11976,p5_07_fixture_sku_ea7475a134f341bb,P5-07 Fixture Product,,,True,9.000,0.000,Normal
11977,p5_07_fixture_sku_33d95f0def8a49a0,P5-07 Fixture Product,,,True,4.000,0.000,Normal
11978,p5_07_fixture_sku_0b30a78e09af43f9,P5-07 Fixture Product,,,True,8.000,0.000,Normal
11979,p5_07_fixture_sku_5f07bf300ad94765,P5-07 Fixture Product,,,True,5.000,0.000,Normal
11980,p5_07_fixture_sku_11f3d9851a3d499a,P5-07 Fixture Product,,,True,5.000,0.000,Normal
11981,p5_07_fixture_sku_3090a30b94904738,P5-07 Fixture Product,,,True,9.000,0.000,Normal
12232,p5_07_fixture_sku_472ebe7615f14b66,P5-07 Fixture Product,,,True,17.000,0.000,Normal
12233,p5_07_fixture_sku_f3f2a485852543d2,P5-07 Fixture Product,,,True,8.000,0.000,Normal
12234,p5_07_fixture_sku_a09a48bc9c0a494c,P5-07 Fixture Product,,,True,9.000,0.000,Normal
12235,p5_07_fixture_sku_e77e06f7f49746bd,P5-07 Fixture Product,,,True,5.000,0.000,Normal
12236,p5_07_fixture_sku_3216ecdb03f7476c,P5-07 Fixture Product,,,False,5.000,0.000,Normal
12237,p5_07_fixture_sku_15dd12e4d7fb4f24,P5-07 Fixture Product,,,True,0.000,0.000,OutOfStock
12238,p5_07_fixture_sku_0cd72f9a240541da,P5-07 Fixture Product,,,True,5.000,0.000,Normal
12239,p5_07_fixture_sku_271c1949ed304c5f,P5-07 Fixture Product,,,True,4.000,0.000,Normal
12240,p5_07_fixture_sku_1426aa22a2044162,P5-07 Fixture Product,,,True,4.000,0.000,Normal
12241,p5_07_fixture_sku_dee32814c17745d7,P5-07 Fixture Product,,,True,8.000,0.000,Normal
12242,p5_07_fixture_sku_dc5d5da0f1864bb7,P5-07 Fixture Product,,,True,8.000,0.000,Normal
12243,p5_07_fixture_sku_c00a5e02f5734963,P5-07 Fixture Product,,,True,8.000,0.000,Normal
12244,p5_07_fixture_sku_dcb1fb47f8c74747,P5-07 Fixture Product,,,True,10.000,0.000,Normal
12245,p5_07_fixture_sku_ad8876289c9440ee,P5-07 Fixture Product,,,True,4.000,0.000,Normal
12246,p5_07_fixture_sku_7bd57862872645ba,P5-07 Fixture Product,,,True,9.000,0.000,Normal
12247,p5_07_fixture_sku_6476fb633c6a4790,P5-07 Fixture Product,,,True,4.000,0.000,Normal
12248,p5_07_fixture_sku_0b1077fd8ceb40e7,P5-07 Fixture Product,,,True,8.000,0.000,Normal
12249,p5_07_fixture_sku_d5122dbe11434fcc,P5-07 Fixture Product,,,True,5.000,0.000,Normal
12250,p5_07_fixture_sku_2ac8d44d8be340f8,P5-07 Fixture Product,,,True,5.000,0.000,Normal
12251,p5_07_fixture_sku_e1ae26b62ddc48c5,P5-07 Fixture Product,,,True,9.000,0.000,Normal
12512,p5_07_fixture_sku_4d825646408e472f,P5-07 Fixture Product,,,True,17.000,0.000,Normal
12513,p5_07_fixture_sku_51a5c99b72d24a68,P5-07 Fixture Product,,,True,8.000,0.000,Normal
12514,p5_07_fixture_sku_ceee499791614bf0,P5-07 Fixture Product,,,True,9.000,0.000,Normal
12515,p5_07_fixture_sku_d5464f13de7646f0,P5-07 Fixture Product,,,True,5.000,0.000,Normal
12516,p5_07_fixture_sku_1201c0f5ffb44006,P5-07 Fixture Product,,,False,5.000,0.000,Normal
12517,p5_07_fixture_sku_da647386ea69483a,P5-07 Fixture Product,,,True,0.000,0.000,OutOfStock
12518,p5_07_fixture_sku_3abd53613b9d4a4a,P5-07 Fixture Product,,,True,5.000,0.000,Normal
12519,p5_07_fixture_sku_2ac6dff93f6f4538,P5-07 Fixture Product,,,True,4.000,0.000,Normal
12520,p5_07_fixture_sku_04b3b335149741cd,P5-07 Fixture Product,,,True,4.000,0.000,Normal
12521,p5_07_fixture_sku_1e8db061e8464c3b,P5-07 Fixture Product,,,True,8.000,0.000,Normal
12522,p5_07_fixture_sku_a1b7017deba94735,P5-07 Fixture Product,,,True,8.000,0.000,Normal
12523,p5_07_fixture_sku_7ac75cec0ec146d4,P5-07 Fixture Product,,,True,8.000,0.000,Normal
12524,p5_07_fixture_sku_d37d3f3563db4a9e,P5-07 Fixture Product,,,True,10.000,0.000,Normal
12525,p5_07_fixture_sku_a4d4f1501a1642c6,P5-07 Fixture Product,,,True,4.000,0.000,Normal
12526,p5_07_fixture_sku_bb947832c34240d9,P5-07 Fixture Product,,,True,9.000,0.000,Normal
12527,p5_07_fixture_sku_e822d3a8948c499f,P5-07 Fixture Product,,,True,4.000,0.000,Normal
12528,p5_07_fixture_sku_fccd9b2115024c91,P5-07 Fixture Product,,,True,8.000,0.000,Normal
12529,p5_07_fixture_sku_bb2cbc3856344f88,P5-07 Fixture Product,,,True,5.000,0.000,Normal
12530,p5_07_fixture_sku_6d351e288ed4403d,P5-07 Fixture Product,,,True,5.000,0.000,Normal
12531,p5_07_fixture_sku_68e4064d78f24a78,P5-07 Fixture Product,,,True,9.000,0.000,Normal
12792,p5_07_fixture_sku_0c595b219de74e42,P5-07 Fixture Product,,,True,17.000,0.000,Normal
12793,p5_07_fixture_sku_b2ac542c5d3f47fb,P5-07 Fixture Product,,,True,8.000,0.000,Normal
12794,p5_07_fixture_sku_5197b61730ae471a,P5-07 Fixture Product,,,True,9.000,0.000,Normal
12795,p5_07_fixture_sku_a8648a8cd0c24e37,P5-07 Fixture Product,,,True,5.000,0.000,Normal
12796,p5_07_fixture_sku_538e827a93754a9d,P5-07 Fixture Product,,,False,5.000,0.000,Normal
12797,p5_07_fixture_sku_be102c13c1cd45d7,P5-07 Fixture Product,,,True,0.000,0.000,OutOfStock
12798,p5_07_fixture_sku_df99d88c91724fcc,P5-07 Fixture Product,,,True,5.000,0.000,Normal
12799,p5_07_fixture_sku_95b60058eaff47aa,P5-07 Fixture Product,,,True,4.000,0.000,Normal
12800,p5_07_fixture_sku_b6e03cee51814bb1,P5-07 Fixture Product,,,True,4.000,0.000,Normal
12801,p5_07_fixture_sku_dc859b0709394263,P5-07 Fixture Product,,,True,8.000,0.000,Normal
12802,p5_07_fixture_sku_f5a0c939ee094568,P5-07 Fixture Product,,,True,8.000,0.000,Normal
12803,p5_07_fixture_sku_0076b7e71ab04be0,P5-07 Fixture Product,,,True,8.000,0.000,Normal
12804,p5_07_fixture_sku_8b529623502549cd,P5-07 Fixture Product,,,True,10.000,0.000,Normal
12805,p5_07_fixture_sku_8519b567be1147f7,P5-07 Fixture Product,,,True,4.000,0.000,Normal
12806,p5_07_fixture_sku_6bcc7cb3a7284215,P5-07 Fixture Product,,,True,9.000,0.000,Normal
12807,p5_07_fixture_sku_20b6b219dc534e5d,P5-07 Fixture Product,,,True,4.000,0.000,Normal
12808,p5_07_fixture_sku_f1749ba6809e40b3,P5-07 Fixture Product,,,True,8.000,0.000,Normal
12809,p5_07_fixture_sku_f222054b1f704588,P5-07 Fixture Product,,,True,5.000,0.000,Normal
12810,p5_07_fixture_sku_43185ba7e84540d4,P5-07 Fixture Product,,,True,5.000,0.000,Normal
12811,p5_07_fixture_sku_8fd7b4c3e4d642c3,P5-07 Fixture Product,,,True,9.000,0.000,Normal
13072,p5_07_fixture_sku_128fb173ef9748c0,P5-07 Fixture Product,,,True,17.000,0.000,Normal
13073,p5_07_fixture_sku_af8fa98c9c734dc9,P5-07 Fixture Product,,,True,8.000,0.000,Normal
13074,p5_07_fixture_sku_f0c15bdde7044e00,P5-07 Fixture Product,,,True,9.000,0.000,Normal
13075,p5_07_fixture_sku_3b8921b27a5f456c,P5-07 Fixture Product,,,True,5.000,0.000,Normal
13076,p5_07_fixture_sku_481a4d28bab841f1,P5-07 Fixture Product,,,False,5.000,0.000,Normal
13077,p5_07_fixture_sku_233ba6376d07416c,P5-07 Fixture Product,,,True,0.000,0.000,OutOfStock
13078,p5_07_fixture_sku_32ca47448ee84e82,P5-07 Fixture Product,,,True,5.000,0.000,Normal
13079,p5_07_fixture_sku_3fcd7d97bd6e4cbe,P5-07 Fixture Product,,,True,4.000,0.000,Normal
13080,p5_07_fixture_sku_81d7d69886184d52,P5-07 Fixture Product,,,True,4.000,0.000,Normal
13081,p5_07_fixture_sku_2d68dcc655f9489d,P5-07 Fixture Product,,,True,8.000,0.000,Normal
13082,p5_07_fixture_sku_1912b67e121d4736,P5-07 Fixture Product,,,True,8.000,0.000,Normal
13083,p5_07_fixture_sku_cc95ae23e8184011,P5-07 Fixture Product,,,True,8.000,0.000,Normal
13084,p5_07_fixture_sku_826a43f60c2b48e4,P5-07 Fixture Product,,,True,10.000,0.000,Normal
13085,p5_07_fixture_sku_66636e78c1e04c8a,P5-07 Fixture Product,,,True,4.000,0.000,Normal
13086,p5_07_fixture_sku_784b56cef8f14e3b,P5-07 Fixture Product,,,True,9.000,0.000,Normal
13087,p5_07_fixture_sku_8a8a892515b64ee5,P5-07 Fixture Product,,,True,4.000,0.000,Normal
13088,p5_07_fixture_sku_35a0a824172f4083,P5-07 Fixture Product,,,True,8.000,0.000,Normal
13089,p5_07_fixture_sku_832b6d35ca594bbb,P5-07 Fixture Product,,,True,5.000,0.000,Normal
13090,p5_07_fixture_sku_425a7e480d9740cf,P5-07 Fixture Product,,,True,5.000,0.000,Normal
13091,p5_07_fixture_sku_fc21db83361540ea,P5-07 Fixture Product,,,True,9.000,0.000,Normal
13352,p5_07_fixture_sku_155c4a441e3746fc,P5-07 Fixture Product,,,True,17.000,0.000,Normal
13353,p5_07_fixture_sku_8e9487f1e8ea40f8,P5-07 Fixture Product,,,True,8.000,0.000,Normal
13354,p5_07_fixture_sku_f4434807b1e34c91,P5-07 Fixture Product,,,True,9.000,0.000,Normal
13355,p5_07_fixture_sku_c526f7a928884578,P5-07 Fixture Product,,,True,5.000,0.000,Normal
13356,p5_07_fixture_sku_470174bae5a64c5c,P5-07 Fixture Product,,,False,5.000,0.000,Normal
13357,p5_07_fixture_sku_d26b57df3b5f4f30,P5-07 Fixture Product,,,True,0.000,0.000,OutOfStock
13358,p5_07_fixture_sku_8866bc95b34c455c,P5-07 Fixture Product,,,True,5.000,0.000,Normal
13359,p5_07_fixture_sku_16c7669555334007,P5-07 Fixture Product,,,True,4.000,0.000,Normal
13360,p5_07_fixture_sku_dfa9c9ec139d491e,P5-07 Fixture Product,,,True,4.000,0.000,Normal
13361,p5_07_fixture_sku_a1b56392f37c4465,P5-07 Fixture Product,,,True,8.000,0.000,Normal
13362,p5_07_fixture_sku_ce23c592123a4210,P5-07 Fixture Product,,,True,8.000,0.000,Normal
13363,p5_07_fixture_sku_535e16a53a9e4967,P5-07 Fixture Product,,,True,8.000,0.000,Normal
13364,p5_07_fixture_sku_aa88d7c6d6794829,P5-07 Fixture Product,,,True,10.000,0.000,Normal
13365,p5_07_fixture_sku_0f6555da0ea8431c,P5-07 Fixture Product,,,True,4.000,0.000,Normal
13366,p5_07_fixture_sku_d721d6031d994488,P5-07 Fixture Product,,,True,9.000,0.000,Normal
13367,p5_07_fixture_sku_507257c10c244d68,P5-07 Fixture Product,,,True,4.000,0.000,Normal
13368,p5_07_fixture_sku_37de0f31d9854ca2,P5-07 Fixture Product,,,True,8.000,0.000,Normal
13369,p5_07_fixture_sku_d9a8ca09563d4e1c,P5-07 Fixture Product,,,True,5.000,0.000,Normal
13370,p5_07_fixture_sku_007092bd7c64434e,P5-07 Fixture Product,,,True,5.000,0.000,Normal
13371,p5_07_fixture_sku_0ceeecde29374d5d,P5-07 Fixture Product,,,True,9.000,0.000,Normal
13633,p5_07_fixture_sku_81196d6904ae4eca,P5-07 Fixture Product,,,True,17.000,0.000,Normal
13634,p5_07_fixture_sku_a0a2d9643d9f4c6c,P5-07 Fixture Product,,,True,8.000,0.000,Normal
13635,p5_07_fixture_sku_2c58601d84e846e6,P5-07 Fixture Product,,,True,9.000,0.000,Normal
13636,p5_07_fixture_sku_ae8ccc2a68874e4f,P5-07 Fixture Product,,,True,5.000,0.000,Normal
13637,p5_07_fixture_sku_f281f134aa4b47d0,P5-07 Fixture Product,,,False,5.000,0.000,Normal
13638,p5_07_fixture_sku_4392ee4703854f6b,P5-07 Fixture Product,,,True,0.000,0.000,OutOfStock
13639,p5_07_fixture_sku_2bdbdea723ca496a,P5-07 Fixture Product,,,True,5.000,0.000,Normal
13640,p5_07_fixture_sku_a119e1d22d9d48da,P5-07 Fixture Product,,,True,4.000,0.000,Normal
13641,p5_07_fixture_sku_12c4c2ed42d84aa8,P5-07 Fixture Product,,,True,4.000,0.000,Normal
13642,p5_07_fixture_sku_776a2fe7a323466d,P5-07 Fixture Product,,,True,8.000,0.000,Normal
13643,p5_07_fixture_sku_760071a445a0484b,P5-07 Fixture Product,,,True,8.000,0.000,Normal
13644,p5_07_fixture_sku_c448480fb9c9441b,P5-07 Fixture Product,,,True,8.000,0.000,Normal
13645,p5_07_fixture_sku_c13b821ab83442aa,P5-07 Fixture Product,,,True,10.000,0.000,Normal
13646,p5_07_fixture_sku_d6d106b1b05e4501,P5-07 Fixture Product,,,True,4.000,0.000,Normal
13647,p5_07_fixture_sku_95ad3f5ed17d407f,P5-07 Fixture Product,,,True,9.000,0.000,Normal
13648,p5_07_fixture_sku_00fad2a7e46a4b6e,P5-07 Fixture Product,,,True,4.000,0.000,Normal
13649,p5_07_fixture_sku_42073361edc44f68,P5-07 Fixture Product,,,True,8.000,0.000,Normal
13650,p5_07_fixture_sku_f58cdbcdf1f64a21,P5-07 Fixture Product,,,True,5.000,0.000,Normal
13651,p5_07_fixture_sku_18241a0cc08a4186,P5-07 Fixture Product,,,True,5.000,0.000,Normal
13652,p5_07_fixture_sku_9d5b7bf312eb46c0,P5-07 Fixture Product,,,True,9.000,0.000,Normal
13913,p5_07_fixture_sku_defe61a2f6324237,P5-07 Fixture Product,,,True,17.000,0.000,Normal
13914,p5_07_fixture_sku_7f84bbc0a6b24c09,P5-07 Fixture Product,,,True,8.000,0.000,Normal
13915,p5_07_fixture_sku_1890892ff5164a5b,P5-07 Fixture Product,,,True,9.000,0.000,Normal
13916,p5_07_fixture_sku_d3bdd7e34c524ef0,P5-07 Fixture Product,,,True,5.000,0.000,Normal
13917,p5_07_fixture_sku_74e5542615da41a3,P5-07 Fixture Product,,,False,5.000,0.000,Normal
13918,p5_07_fixture_sku_2ae93713ac3c4a6a,P5-07 Fixture Product,,,True,0.000,0.000,OutOfStock
13919,p5_07_fixture_sku_d0b9a76f4c41443c,P5-07 Fixture Product,,,True,5.000,0.000,Normal
13920,p5_07_fixture_sku_2c99f36553274e79,P5-07 Fixture Product,,,True,4.000,0.000,Normal
13921,p5_07_fixture_sku_da625a128e584d95,P5-07 Fixture Product,,,True,4.000,0.000,Normal
13922,p5_07_fixture_sku_01e6003f350243cf,P5-07 Fixture Product,,,True,8.000,0.000,Normal
13923,p5_07_fixture_sku_b0eed92aec8a44fd,P5-07 Fixture Product,,,True,8.000,0.000,Normal
13924,p5_07_fixture_sku_bcead8f637f746f9,P5-07 Fixture Product,,,True,8.000,0.000,Normal
13925,p5_07_fixture_sku_1fef44bb0e14421e,P5-07 Fixture Product,,,True,10.000,0.000,Normal
13926,p5_07_fixture_sku_23a068b4b7b54715,P5-07 Fixture Product,,,True,4.000,0.000,Normal
13927,p5_07_fixture_sku_49dec104aea34b4c,P5-07 Fixture Product,,,True,9.000,0.000,Normal
13928,p5_07_fixture_sku_bd7ff980bba04285,P5-07 Fixture Product,,,True,4.000,0.000,Normal
13929,p5_07_fixture_sku_f30fe11d31844619,P5-07 Fixture Product,,,True,8.000,0.000,Normal
13930,p5_07_fixture_sku_a15c883eae964bd5,P5-07 Fixture Product,,,True,5.000,0.000,Normal
13931,p5_07_fixture_sku_2720cbff4b86443b,P5-07 Fixture Product,,,True,5.000,0.000,Normal
13932,p5_07_fixture_sku_250547970ccb4fb8,P5-07 Fixture Product,,,True,9.000,0.000,Normal
5718,p5_08_fixture_sku_227edbd6940b4cad,P5-08 Fixture Product,,,True,0.000,0.000,OutOfStock
5719,p5_08_fixture_sku_6cefc82a933746da,P5-08 Fixture Product,,,True,7.000,0.000,Normal
5720,p5_08_fixture_sku_abe3e818d6d5477b,P5-08 Fixture Product,,,True,7.000,0.000,Normal
5721,p5_08_fixture_sku_25c3d0a27c5447cb,P5-08 Fixture Product,,,True,2.000,0.000,Normal
5722,p5_08_fixture_sku_03b7debd13b04752,P5-08 Fixture Product,,,True,2.000,0.000,Normal
5723,p5_08_fixture_sku_3e2bed064126443d,P5-08 Fixture Product,,,True,7.000,0.000,Normal
5724,p5_08_fixture_sku_475f0305a0024863,P5-08 Fixture Product,,,True,2.000,0.000,Normal
5725,p5_08_fixture_sku_47949c37729d4aa6,P5-08 Fixture Product,,,True,0.000,0.000,OutOfStock
5726,p5_08_fixture_sku_e93460e692d242df,P5-08 Fixture Product,,,True,0.000,0.000,OutOfStock
5727,p5_08_fixture_sku_11ac491f21134a44,P5-08 Fixture Product,,,True,0.000,0.000,OutOfStock
5728,p5_08_fixture_sku_bd2756b136794bdd,P5-08 Fixture Product,,,True,0.000,0.000,OutOfStock
5729,p5_08_fixture_sku_3a29e5e4e9444db0,P5-08 Fixture Product,,,True,0.000,0.000,OutOfStock
5730,p5_08_fixture_sku_be524ee7c8a64bb0,P5-08 Fixture Product,,,True,0.000,0.000,OutOfStock
5731,p5_08_fixture_sku_893f45c669b945bc,P5-08 Fixture Product,,,True,0.000,0.000,OutOfStock
5732,p5_08_fixture_sku_fb9ab1c26e484852,P5-08 Fixture Product,,,True,0.000,0.000,OutOfStock
5733,p5_08_fixture_sku_5958e81f9b464ac1,P5-08 Fixture Product,,,True,0.000,0.000,OutOfStock
5734,p5_08_fixture_sku_1b61d96399574d75,P5-08 Fixture Product,,,True,7.000,0.000,Normal
5735,p5_08_fixture_sku_728ea255a2304a69,P5-08 Fixture Product,,,True,2.000,0.000,Normal
5736,p5_08_fixture_sku_8b01ee43e0164941,P5-08 Fixture Product,,,True,2.000,0.000,Normal
5737,p5_08_fixture_sku_b1ecc3e74f1a4ffb,P5-08 Fixture Product,,,True,2.000,0.000,Normal
5738,p5_08_fixture_sku_acc529ffdc5347cc,P5-08 Fixture Product,,,True,2.000,0.000,Normal
5739,p5_08_fixture_sku_4be05388280343b8,P5-08 Fixture Product,,,True,2.000,0.000,Normal
5740,p5_08_fixture_sku_6bbf6242a73e4647,P5-08 Fixture Product,,,True,0.000,0.000,OutOfStock
5741,p5_08_fixture_sku_8476f91a2092403e,P5-08 Fixture Product,,,True,0.000,0.000,OutOfStock
5742,p5_08_fixture_sku_796c05b08b904e14,P5-08 Fixture Product,,,True,0.000,0.000,OutOfStock
5743,p5_08_fixture_sku_558d9a6e11694682,P5-08 Fixture Product,,,True,0.000,0.000,OutOfStock
5744,p5_08_fixture_sku_8b017e9e846d4fdf,P5-08 Fixture Product,,,True,0.000,0.000,OutOfStock
5745,p5_08_fixture_sku_8f0aaed91e5c4a2b,P5-08 Fixture Product,,,True,0.000,0.000,OutOfStock
5746,p5_08_fixture_sku_83e133fb750947e2,P5-08 Fixture Product,,,True,0.000,0.000,OutOfStock
5747,p5_08_fixture_sku_2c5c3c53779e4784,P5-08 Fixture Product,,,True,0.000,0.000,OutOfStock
5748,p5_08_fixture_sku_75ddbcf4660842dd,P5-08 Fixture Product,,,True,'-1.000,0.000,OutOfStock
5749,p5_08_fixture_sku_2941031eea204552,P5-08 Fixture Product,,,True,2.000,0.000,Normal
5750,p5_08_fixture_sku_4229713d0b444232,P5-08 Fixture Product,,,True,'-5.000,0.000,OutOfStock
5913,p5_08_fixture_sku_ca530740add648b4,P5-08 Fixture Product,,,True,0.000,0.000,OutOfStock
5914,p5_08_fixture_sku_42d58326ec7a4c3c,P5-08 Fixture Product,,,True,7.000,0.000,Normal
5915,p5_08_fixture_sku_8e69204f54194957,P5-08 Fixture Product,,,True,2.000,0.000,Normal
5916,p5_08_fixture_sku_fa85fd4e4980453d,P5-08 Fixture Product,,,True,2.000,0.000,Normal
5917,p5_08_fixture_sku_e6c8e454eceb41ec,P5-08 Fixture Product,,,True,2.000,0.000,Normal
5918,p5_08_fixture_sku_2ded16c3cd2343ac,P5-08 Fixture Product,,,True,2.000,0.000,Normal
5919,p5_08_fixture_sku_bb5948f079b94ecb,P5-08 Fixture Product,,,True,7.000,0.000,Normal
5920,p5_08_fixture_sku_8b602b6ff7ab4a7a,P5-08 Fixture Product,,,True,0.000,0.000,OutOfStock
5921,p5_08_fixture_sku_99950714f01647fb,P5-08 Fixture Product,,,True,0.000,0.000,OutOfStock
5922,p5_08_fixture_sku_50b67bb119474255,P5-08 Fixture Product,,,True,0.000,0.000,OutOfStock
5923,p5_08_fixture_sku_8d6deabb6e474ca5,P5-08 Fixture Product,,,True,0.000,0.000,OutOfStock
5924,p5_08_fixture_sku_f655a9cb25254f57,P5-08 Fixture Product,,,True,0.000,0.000,OutOfStock
5925,p5_08_fixture_sku_3c0ebd029f674c09,P5-08 Fixture Product,,,True,0.000,0.000,OutOfStock
5926,p5_08_fixture_sku_addb6648d121437f,P5-08 Fixture Product,,,True,0.000,0.000,OutOfStock
5927,p5_08_fixture_sku_796430577c744132,P5-08 Fixture Product,,,True,0.000,0.000,OutOfStock
6167,p5_08_fixture_sku_ce46b9a624414883,P5-08 Fixture Product,,,True,0.000,0.000,OutOfStock
6168,p5_08_fixture_sku_17a721034e754031,P5-08 Fixture Product,,,True,7.000,0.000,Normal
6169,p5_08_fixture_sku_9d5a2f4c9fcf448d,P5-08 Fixture Product,,,True,2.000,0.000,Normal
6170,p5_08_fixture_sku_9775e33195134c96,P5-08 Fixture Product,,,True,2.000,0.000,Normal
6171,p5_08_fixture_sku_05d0a1b7178145f3,P5-08 Fixture Product,,,True,2.000,0.000,Normal
6172,p5_08_fixture_sku_001a5f63161a4199,P5-08 Fixture Product,,,True,7.000,0.000,Normal
6173,p5_08_fixture_sku_e1ccc2a999fb4961,P5-08 Fixture Product,,,True,2.000,0.000,Normal
6174,p5_08_fixture_sku_d14eebf369254184,P5-08 Fixture Product,,,True,0.000,0.000,OutOfStock
6175,p5_08_fixture_sku_7fd1ebe716c04a5d,P5-08 Fixture Product,,,True,0.000,0.000,OutOfStock
6176,p5_08_fixture_sku_4b9ffd1f11ec4285,P5-08 Fixture Product,,,True,0.000,0.000,OutOfStock
6177,p5_08_fixture_sku_fc6b0c3c90544a22,P5-08 Fixture Product,,,True,0.000,0.000,OutOfStock
6178,p5_08_fixture_sku_8ec1af828ee54999,P5-08 Fixture Product,,,True,0.000,0.000,OutOfStock
6179,p5_08_fixture_sku_357ff08658ae4db9,P5-08 Fixture Product,,,True,0.000,0.000,OutOfStock
6180,p5_08_fixture_sku_e43a41372991492b,P5-08 Fixture Product,,,True,0.000,0.000,OutOfStock
6181,p5_08_fixture_sku_0b9ed4bfd7b040bc,P5-08 Fixture Product,,,True,0.000,0.000,OutOfStock
6407,p5_08_fixture_sku_d9a067d52daf4fb0,P5-08 Fixture Product,,,True,0.000,0.000,OutOfStock
6408,p5_08_fixture_sku_01027f81efe64f5d,P5-08 Fixture Product,,,True,2.000,0.000,Normal
6409,p5_08_fixture_sku_e26c5d93bf3046cb,P5-08 Fixture Product,,,True,2.000,0.000,Normal
6410,p5_08_fixture_sku_8326cb84fa154efb,P5-08 Fixture Product,,,True,2.000,0.000,Normal
6411,p5_08_fixture_sku_3bb025b2eed54e44,P5-08 Fixture Product,,,True,2.000,0.000,Normal
6412,p5_08_fixture_sku_c2bf535ead024b66,P5-08 Fixture Product,,,True,2.000,0.000,Normal
6413,p5_08_fixture_sku_3910da36c66042af,P5-08 Fixture Product,,,True,2.000,0.000,Normal
6414,p5_08_fixture_sku_cf75e0bdd4474e94,P5-08 Fixture Product,,,True,0.000,0.000,OutOfStock
6415,p5_08_fixture_sku_57c17dd65f484403,P5-08 Fixture Product,,,True,0.000,0.000,OutOfStock
6416,p5_08_fixture_sku_6b48c5dad00245a3,P5-08 Fixture Product,,,True,0.000,0.000,OutOfStock
6417,p5_08_fixture_sku_70c7e3b403ce449f,P5-08 Fixture Product,,,True,0.000,0.000,OutOfStock
6418,p5_08_fixture_sku_2ddb96163a0d4782,P5-08 Fixture Product,,,True,0.000,0.000,OutOfStock
6419,p5_08_fixture_sku_d52a66a31f444e5b,P5-08 Fixture Product,,,True,0.000,0.000,OutOfStock
6420,p5_08_fixture_sku_cbf9fee8cb6a448f,P5-08 Fixture Product,,,True,0.000,0.000,OutOfStock
6421,p5_08_fixture_sku_29e7b0de06b044b1,P5-08 Fixture Product,,,True,0.000,0.000,OutOfStock
6654,p5_08_fixture_sku_4c25f81d274540ae,P5-08 Fixture Product,,,True,0.000,0.000,OutOfStock
6655,p5_08_fixture_sku_39c6850abae04ef5,P5-08 Fixture Product,,,True,7.000,0.000,Normal
6656,p5_08_fixture_sku_c845a8c29e79472a,P5-08 Fixture Product,,,True,2.000,0.000,Normal
6657,p5_08_fixture_sku_54374734b66146f9,P5-08 Fixture Product,,,True,2.000,0.000,Normal
6658,p5_08_fixture_sku_f1b373cb5aad4975,P5-08 Fixture Product,,,True,2.000,0.000,Normal
6659,p5_08_fixture_sku_fd634bb424c346a8,P5-08 Fixture Product,,,True,2.000,0.000,Normal
6660,p5_08_fixture_sku_7905379146fc4801,P5-08 Fixture Product,,,True,2.000,0.000,Normal
6661,p5_08_fixture_sku_174336ab3712461c,P5-08 Fixture Product,,,True,0.000,0.000,OutOfStock
6662,p5_08_fixture_sku_3a81564534464fa3,P5-08 Fixture Product,,,True,0.000,0.000,OutOfStock
6663,p5_08_fixture_sku_3df9936994824faa,P5-08 Fixture Product,,,True,0.000,0.000,OutOfStock
6664,p5_08_fixture_sku_91e466d554fa40c3,P5-08 Fixture Product,,,True,0.000,0.000,OutOfStock
6665,p5_08_fixture_sku_889e0b63048d43e8,P5-08 Fixture Product,,,True,0.000,0.000,OutOfStock
6666,p5_08_fixture_sku_fd0d4ab564a44909,P5-08 Fixture Product,,,True,0.000,0.000,OutOfStock
6667,p5_08_fixture_sku_1a1a71c220d24ddd,P5-08 Fixture Product,,,True,0.000,0.000,OutOfStock
6668,p5_08_fixture_sku_be5eb02acd8f4162,P5-08 Fixture Product,,,True,0.000,0.000,OutOfStock
6897,p5_08_fixture_sku_bcd7a23040e34b8e,P5-08 Fixture Product,,,True,0.000,0.000,OutOfStock
6898,p5_08_fixture_sku_30c62ad5f5ad4f93,P5-08 Fixture Product,,,True,7.000,0.000,Normal
6899,p5_08_fixture_sku_f41bec8417674a58,P5-08 Fixture Product,,,True,7.000,0.000,Normal
6900,p5_08_fixture_sku_5cfbfaccde9c4a96,P5-08 Fixture Product,,,True,2.000,0.000,Normal
6901,p5_08_fixture_sku_c82bdfc72a714b8b,P5-08 Fixture Product,,,True,2.000,0.000,Normal
6902,p5_08_fixture_sku_e61f70f9384643b2,P5-08 Fixture Product,,,True,2.000,0.000,Normal
6903,p5_08_fixture_sku_2bbfcb790ec74804,P5-08 Fixture Product,,,True,2.000,0.000,Normal
6904,p5_08_fixture_sku_df77a04fc4624f44,P5-08 Fixture Product,,,True,0.000,0.000,OutOfStock
6905,p5_08_fixture_sku_6005e460a8244f61,P5-08 Fixture Product,,,True,0.000,0.000,OutOfStock
6906,p5_08_fixture_sku_b00b77a0c8e2414b,P5-08 Fixture Product,,,True,0.000,0.000,OutOfStock
6907,p5_08_fixture_sku_fa154f5c642a4afa,P5-08 Fixture Product,,,True,0.000,0.000,OutOfStock
6908,p5_08_fixture_sku_ceddfc54e6564e7a,P5-08 Fixture Product,,,True,0.000,0.000,OutOfStock
6909,p5_08_fixture_sku_64b77f635583486a,P5-08 Fixture Product,,,True,0.000,0.000,OutOfStock
6910,p5_08_fixture_sku_b6cd56afc6ff486a,P5-08 Fixture Product,,,True,0.000,0.000,OutOfStock
6911,p5_08_fixture_sku_b9042d7d77d244e4,P5-08 Fixture Product,,,True,0.000,0.000,OutOfStock
7205,p5_08_fixture_sku_678e2de034504d7a,P5-08 Fixture Product,,,True,0.000,0.000,OutOfStock
7206,p5_08_fixture_sku_30ed916ba5844f49,P5-08 Fixture Product,,,True,7.000,0.000,Normal
7207,p5_08_fixture_sku_b34312d5acfc4b9c,P5-08 Fixture Product,,,True,2.000,0.000,Normal
7208,p5_08_fixture_sku_3da50a5df7d54f67,P5-08 Fixture Product,,,True,2.000,0.000,Normal
7209,p5_08_fixture_sku_f0ab7e0bb10f49b5,P5-08 Fixture Product,,,True,2.000,0.000,Normal
7210,p5_08_fixture_sku_a745e2fbbb6e46ed,P5-08 Fixture Product,,,True,2.000,0.000,Normal
7211,p5_08_fixture_sku_59616da92e274170,P5-08 Fixture Product,,,True,2.000,0.000,Normal
7212,p5_08_fixture_sku_7721e18114e345b7,P5-08 Fixture Product,,,True,0.000,0.000,OutOfStock
7213,p5_08_fixture_sku_57b3e63f44254375,P5-08 Fixture Product,,,True,0.000,0.000,OutOfStock
7214,p5_08_fixture_sku_673f53928c564b6f,P5-08 Fixture Product,,,True,0.000,0.000,OutOfStock
7215,p5_08_fixture_sku_9f3978e782aa4a6b,P5-08 Fixture Product,,,True,0.000,0.000,OutOfStock
7216,p5_08_fixture_sku_96805c2c747e4845,P5-08 Fixture Product,,,True,0.000,0.000,OutOfStock
7217,p5_08_fixture_sku_3c8f874034aa4fe7,P5-08 Fixture Product,,,True,0.000,0.000,OutOfStock
7218,p5_08_fixture_sku_b3cbadd7fb4b426b,P5-08 Fixture Product,,,True,0.000,0.000,OutOfStock
7219,p5_08_fixture_sku_ed2ca249add94f8d,P5-08 Fixture Product,,,True,0.000,0.000,OutOfStock
7476,p5_08_fixture_sku_97c5ae6f797b4c87,P5-08 Fixture Product,,,True,0.000,0.000,OutOfStock
7477,p5_08_fixture_sku_9cfccd5a326345e7,P5-08 Fixture Product,,,True,7.000,0.000,Normal
7478,p5_08_fixture_sku_3b49259ec7b249bf,P5-08 Fixture Product,,,True,2.000,0.000,Normal
7479,p5_08_fixture_sku_983dc4d59b364449,P5-08 Fixture Product,,,True,2.000,0.000,Normal
7480,p5_08_fixture_sku_9e13b97d78954d2b,P5-08 Fixture Product,,,True,2.000,0.000,Normal
7481,p5_08_fixture_sku_f1643cf2e11f4c80,P5-08 Fixture Product,,,True,2.000,0.000,Normal
7482,p5_08_fixture_sku_99a8583483bf45b6,P5-08 Fixture Product,,,True,2.000,0.000,Normal
7483,p5_08_fixture_sku_3872c5b56ae24b92,P5-08 Fixture Product,,,True,0.000,0.000,OutOfStock
7484,p5_08_fixture_sku_b622f1ad835d4958,P5-08 Fixture Product,,,True,0.000,0.000,OutOfStock
7485,p5_08_fixture_sku_5f2d2cae56e34cc4,P5-08 Fixture Product,,,True,0.000,0.000,OutOfStock
7486,p5_08_fixture_sku_c5b80c68db914907,P5-08 Fixture Product,,,True,0.000,0.000,OutOfStock
7487,p5_08_fixture_sku_bd336ac8cab3414c,P5-08 Fixture Product,,,True,0.000,0.000,OutOfStock
7488,p5_08_fixture_sku_0e846c8cd3b64021,P5-08 Fixture Product,,,True,0.000,0.000,OutOfStock
7489,p5_08_fixture_sku_4a099d9e60d540a8,P5-08 Fixture Product,,,True,0.000,0.000,OutOfStock
7490,p5_08_fixture_sku_1dc8260a33744bec,P5-08 Fixture Product,,,True,0.000,0.000,OutOfStock
7732,p5_08_fixture_sku_0fcf332d65ab4220,P5-08 Fixture Product,,,True,0.000,0.000,OutOfStock
7733,p5_08_fixture_sku_39c5b9e91f07443d,P5-08 Fixture Product,,,True,7.000,0.000,Normal
7734,p5_08_fixture_sku_f2bc52ff29b842f3,P5-08 Fixture Product,,,True,2.000,0.000,Normal
7735,p5_08_fixture_sku_cf3212fb48d14bd0,P5-08 Fixture Product,,,True,7.000,0.000,Normal
7736,p5_08_fixture_sku_d4ee58f4e43946b8,P5-08 Fixture Product,,,True,2.000,0.000,Normal
7737,p5_08_fixture_sku_085fda8566ae441f,P5-08 Fixture Product,,,True,2.000,0.000,Normal
7738,p5_08_fixture_sku_77c05d8ab94d421a,P5-08 Fixture Product,,,True,2.000,0.000,Normal
7739,p5_08_fixture_sku_77dfe42f9d774bb8,P5-08 Fixture Product,,,True,0.000,0.000,OutOfStock
7740,p5_08_fixture_sku_2188a6b8a4414004,P5-08 Fixture Product,,,True,0.000,0.000,OutOfStock
7741,p5_08_fixture_sku_5d698b9cb04046b7,P5-08 Fixture Product,,,True,0.000,0.000,OutOfStock
7742,p5_08_fixture_sku_86ca54226de74069,P5-08 Fixture Product,,,True,0.000,0.000,OutOfStock
7743,p5_08_fixture_sku_edf768b473044356,P5-08 Fixture Product,,,True,0.000,0.000,OutOfStock
7744,p5_08_fixture_sku_27253b14f7514f9d,P5-08 Fixture Product,,,True,0.000,0.000,OutOfStock
7745,p5_08_fixture_sku_396511fb030d4310,P5-08 Fixture Product,,,True,0.000,0.000,OutOfStock
7746,p5_08_fixture_sku_36ee06ccfc184fd1,P5-08 Fixture Product,,,True,0.000,0.000,OutOfStock
7988,p5_08_fixture_sku_dff2ed7e518f48f1,P5-08 Fixture Product,,,True,0.000,0.000,OutOfStock
7989,p5_08_fixture_sku_d363de94140147c8,P5-08 Fixture Product,,,True,7.000,0.000,Normal
7990,p5_08_fixture_sku_a5909977f52940a5,P5-08 Fixture Product,,,True,2.000,0.000,Normal
7991,p5_08_fixture_sku_d2228357b7e24b3b,P5-08 Fixture Product,,,True,2.000,0.000,Normal
7992,p5_08_fixture_sku_304fdfeb55af41e1,P5-08 Fixture Product,,,True,2.000,0.000,Normal
7993,p5_08_fixture_sku_e8766c42f91244e8,P5-08 Fixture Product,,,True,2.000,0.000,Normal
7994,p5_08_fixture_sku_75df6ea2801c4312,P5-08 Fixture Product,,,True,2.000,0.000,Normal
7995,p5_08_fixture_sku_276c80b5259e448e,P5-08 Fixture Product,,,True,0.000,0.000,OutOfStock
7996,p5_08_fixture_sku_abb7968723c34e10,P5-08 Fixture Product,,,True,0.000,0.000,OutOfStock
7997,p5_08_fixture_sku_3e54c6dbdcf149b1,P5-08 Fixture Product,,,True,0.000,0.000,OutOfStock
7998,p5_08_fixture_sku_c059aff23a684d7d,P5-08 Fixture Product,,,True,0.000,0.000,OutOfStock
7999,p5_08_fixture_sku_e8642cc7b8b94706,P5-08 Fixture Product,,,True,0.000,0.000,OutOfStock
8000,p5_08_fixture_sku_afdbe2e3334b4014,P5-08 Fixture Product,,,True,0.000,0.000,OutOfStock
8001,p5_08_fixture_sku_034911b709354ad2,P5-08 Fixture Product,,,True,0.000,0.000,OutOfStock
8002,p5_08_fixture_sku_d72d1622514a4ae4,P5-08 Fixture Product,,,True,0.000,0.000,OutOfStock
8244,p5_08_fixture_sku_1da7e99a272948dc,P5-08 Fixture Product,,,True,0.000,0.000,OutOfStock
8245,p5_08_fixture_sku_2028b404aed94a38,P5-08 Fixture Product,,,True,7.000,0.000,Normal
8246,p5_08_fixture_sku_c2394c3824cc4170,P5-08 Fixture Product,,,True,2.000,0.000,Normal
8247,p5_08_fixture_sku_742ac3c676f8486c,P5-08 Fixture Product,,,True,2.000,0.000,Normal
8248,p5_08_fixture_sku_fc7f4d3e7e614102,P5-08 Fixture Product,,,True,2.000,0.000,Normal
8249,p5_08_fixture_sku_78c6452d30d94dbc,P5-08 Fixture Product,,,True,2.000,0.000,Normal
8250,p5_08_fixture_sku_aab329af888242c5,P5-08 Fixture Product,,,True,7.000,0.000,Normal
8251,p5_08_fixture_sku_682dccd0b9ca4a02,P5-08 Fixture Product,,,True,0.000,0.000,OutOfStock
8252,p5_08_fixture_sku_2d7acc4f8b704757,P5-08 Fixture Product,,,True,0.000,0.000,OutOfStock
8253,p5_08_fixture_sku_4ddb6fbef0684b22,P5-08 Fixture Product,,,True,0.000,0.000,OutOfStock
8254,p5_08_fixture_sku_ed662c7f971c4f33,P5-08 Fixture Product,,,True,0.000,0.000,OutOfStock
8255,p5_08_fixture_sku_c9de7c7eb5fb4a18,P5-08 Fixture Product,,,True,0.000,0.000,OutOfStock
8256,p5_08_fixture_sku_100cf43f229a4831,P5-08 Fixture Product,,,True,0.000,0.000,OutOfStock
8257,p5_08_fixture_sku_6739747c43854889,P5-08 Fixture Product,,,True,0.000,0.000,OutOfStock
8258,p5_08_fixture_sku_686ff6f519c04057,P5-08 Fixture Product,,,True,0.000,0.000,OutOfStock
8500,p5_08_fixture_sku_c8f60dc2ae534ea5,P5-08 Fixture Product,,,True,0.000,0.000,OutOfStock
8501,p5_08_fixture_sku_7e08c8a4253347fd,P5-08 Fixture Product,,,True,2.000,0.000,Normal
8502,p5_08_fixture_sku_121067f04bef436d,P5-08 Fixture Product,,,True,2.000,0.000,Normal
8503,p5_08_fixture_sku_d965b29942f9474d,P5-08 Fixture Product,,,True,2.000,0.000,Normal
8504,p5_08_fixture_sku_a010b846bed64818,P5-08 Fixture Product,,,True,2.000,0.000,Normal
8505,p5_08_fixture_sku_d1558f6298574db9,P5-08 Fixture Product,,,True,2.000,0.000,Normal
8506,p5_08_fixture_sku_6c71303733fd4cc7,P5-08 Fixture Product,,,True,2.000,0.000,Normal
8507,p5_08_fixture_sku_8997819693b849c2,P5-08 Fixture Product,,,True,0.000,0.000,OutOfStock
8508,p5_08_fixture_sku_30a8e945fe154761,P5-08 Fixture Product,,,True,0.000,0.000,OutOfStock
8509,p5_08_fixture_sku_da6bd4300fe04b32,P5-08 Fixture Product,,,True,0.000,0.000,OutOfStock
8510,p5_08_fixture_sku_0d5b53a2dd32468c,P5-08 Fixture Product,,,True,0.000,0.000,OutOfStock
8511,p5_08_fixture_sku_ac27f662e32641aa,P5-08 Fixture Product,,,True,0.000,0.000,OutOfStock
8512,p5_08_fixture_sku_ce3ab30541b644a7,P5-08 Fixture Product,,,True,0.000,0.000,OutOfStock
8513,p5_08_fixture_sku_bc7431ab65764a25,P5-08 Fixture Product,,,True,0.000,0.000,OutOfStock
8514,p5_08_fixture_sku_5d52d2ecb13c4ea8,P5-08 Fixture Product,,,True,0.000,0.000,OutOfStock
8756,p5_08_fixture_sku_bf9cbb24a19e4856,P5-08 Fixture Product,,,True,0.000,0.000,OutOfStock
8757,p5_08_fixture_sku_bd2942ffea6f4f5d,P5-08 Fixture Product,,,True,2.000,0.000,Normal
8758,p5_08_fixture_sku_0c03d6111dfe4aaf,P5-08 Fixture Product,,,True,2.000,0.000,Normal
8759,p5_08_fixture_sku_3a1658c3af064561,P5-08 Fixture Product,,,True,7.000,0.000,Normal
8760,p5_08_fixture_sku_4ebc5743fede40bd,P5-08 Fixture Product,,,True,7.000,0.000,Normal
8761,p5_08_fixture_sku_6678d004429a4a48,P5-08 Fixture Product,,,True,2.000,0.000,Normal
8762,p5_08_fixture_sku_9fc357f6bfd4429b,P5-08 Fixture Product,,,True,2.000,0.000,Normal
8763,p5_08_fixture_sku_76b427f525f3492e,P5-08 Fixture Product,,,True,0.000,0.000,OutOfStock
8764,p5_08_fixture_sku_c6b9483cc0474aba,P5-08 Fixture Product,,,True,0.000,0.000,OutOfStock
8765,p5_08_fixture_sku_43c9e72e8dcd41ac,P5-08 Fixture Product,,,True,0.000,0.000,OutOfStock
8766,p5_08_fixture_sku_8e820066634b4f12,P5-08 Fixture Product,,,True,0.000,0.000,OutOfStock
8767,p5_08_fixture_sku_59aa4bbc003f4da1,P5-08 Fixture Product,,,True,0.000,0.000,OutOfStock
8768,p5_08_fixture_sku_10a447395cef4e47,P5-08 Fixture Product,,,True,0.000,0.000,OutOfStock
8769,p5_08_fixture_sku_d666cdbb2f3f426a,P5-08 Fixture Product,,,True,0.000,0.000,OutOfStock
8770,p5_08_fixture_sku_d8e56f4a07634314,P5-08 Fixture Product,,,True,0.000,0.000,OutOfStock
9012,p5_08_fixture_sku_9184c00359654bef,P5-08 Fixture Product,,,True,0.000,0.000,OutOfStock
9013,p5_08_fixture_sku_143891f2de7b41ef,P5-08 Fixture Product,,,True,7.000,0.000,Normal
9014,p5_08_fixture_sku_1ef36f65c5e74901,P5-08 Fixture Product,,,True,2.000,0.000,Normal
9015,p5_08_fixture_sku_a7979d20749149a5,P5-08 Fixture Product,,,True,2.000,0.000,Normal
9016,p5_08_fixture_sku_1e750c9566ad435b,P5-08 Fixture Product,,,True,2.000,0.000,Normal
9017,p5_08_fixture_sku_4eb0c46d755e40a3,P5-08 Fixture Product,,,True,2.000,0.000,Normal
9018,p5_08_fixture_sku_926a77208b604da2,P5-08 Fixture Product,,,True,2.000,0.000,Normal
9019,p5_08_fixture_sku_f8921f3a7e9341a4,P5-08 Fixture Product,,,True,0.000,0.000,OutOfStock
9020,p5_08_fixture_sku_c4abda9cdded4350,P5-08 Fixture Product,,,True,0.000,0.000,OutOfStock
9021,p5_08_fixture_sku_e880c2bc00b74326,P5-08 Fixture Product,,,True,0.000,0.000,OutOfStock
9022,p5_08_fixture_sku_5c6eb74c59e94555,P5-08 Fixture Product,,,True,0.000,0.000,OutOfStock
9023,p5_08_fixture_sku_a5efbbf1ee0d4b1b,P5-08 Fixture Product,,,True,0.000,0.000,OutOfStock
9024,p5_08_fixture_sku_1f6877da13f84e18,P5-08 Fixture Product,,,True,0.000,0.000,OutOfStock
9025,p5_08_fixture_sku_1784f70b031d4b02,P5-08 Fixture Product,,,True,0.000,0.000,OutOfStock
9026,p5_08_fixture_sku_8ae29fa2247641a6,P5-08 Fixture Product,,,True,0.000,0.000,OutOfStock
9268,p5_08_fixture_sku_5e9ae93e08434f06,P5-08 Fixture Product,,,True,0.000,0.000,OutOfStock
9269,p5_08_fixture_sku_b7eb076e98254e8d,P5-08 Fixture Product,,,True,7.000,0.000,Normal
9270,p5_08_fixture_sku_ba9fa4469aea4486,P5-08 Fixture Product,,,True,2.000,0.000,Normal
9271,p5_08_fixture_sku_d154522e8abe413f,P5-08 Fixture Product,,,True,2.000,0.000,Normal
9272,p5_08_fixture_sku_b3e735c55bc746b3,P5-08 Fixture Product,,,True,7.000,0.000,Normal
9273,p5_08_fixture_sku_e46932a253dd4525,P5-08 Fixture Product,,,True,2.000,0.000,Normal
9274,p5_08_fixture_sku_aff1561a27a54a06,P5-08 Fixture Product,,,True,2.000,0.000,Normal
9275,p5_08_fixture_sku_a00c9cd0142e41f0,P5-08 Fixture Product,,,True,0.000,0.000,OutOfStock
9276,p5_08_fixture_sku_48da8840c2c34b35,P5-08 Fixture Product,,,True,0.000,0.000,OutOfStock
9277,p5_08_fixture_sku_715127b3dbfa4944,P5-08 Fixture Product,,,True,0.000,0.000,OutOfStock
9278,p5_08_fixture_sku_a37edae004e743a2,P5-08 Fixture Product,,,True,0.000,0.000,OutOfStock
9279,p5_08_fixture_sku_5d45e53b42a34456,P5-08 Fixture Product,,,True,0.000,0.000,OutOfStock
9280,p5_08_fixture_sku_72d70342db6a4af2,P5-08 Fixture Product,,,True,0.000,0.000,OutOfStock
9281,p5_08_fixture_sku_97952c3e5dfe4833,P5-08 Fixture Product,,,True,0.000,0.000,OutOfStock
9282,p5_08_fixture_sku_11fc8926fbbc4ed8,P5-08 Fixture Product,,,True,0.000,0.000,OutOfStock
9541,p5_08_fixture_sku_84024bb9ec214de7,P5-08 Fixture Product,,,True,0.000,0.000,OutOfStock
9542,p5_08_fixture_sku_6920797764f9436b,P5-08 Fixture Product,,,True,2.000,0.000,Normal
9543,p5_08_fixture_sku_15f33a51c7c24ac9,P5-08 Fixture Product,,,True,2.000,0.000,Normal
9544,p5_08_fixture_sku_69f7c9716bf04c4b,P5-08 Fixture Product,,,True,2.000,0.000,Normal
9545,p5_08_fixture_sku_a2af2d128b244390,P5-08 Fixture Product,,,True,2.000,0.000,Normal
9546,p5_08_fixture_sku_4e693bac35d94495,P5-08 Fixture Product,,,True,2.000,0.000,Normal
9547,p5_08_fixture_sku_cb1811bb2a6a42f0,P5-08 Fixture Product,,,True,2.000,0.000,Normal
9548,p5_08_fixture_sku_dc1d1f7caa334c34,P5-08 Fixture Product,,,True,0.000,0.000,OutOfStock
9549,p5_08_fixture_sku_8f0c8f7d00cd4023,P5-08 Fixture Product,,,True,0.000,0.000,OutOfStock
9550,p5_08_fixture_sku_80eb61102c984ac0,P5-08 Fixture Product,,,True,0.000,0.000,OutOfStock
9551,p5_08_fixture_sku_d35b0c46e41c4c53,P5-08 Fixture Product,,,True,0.000,0.000,OutOfStock
9552,p5_08_fixture_sku_a490577ad01e40d5,P5-08 Fixture Product,,,True,0.000,0.000,OutOfStock
9553,p5_08_fixture_sku_07564f95610a443b,P5-08 Fixture Product,,,True,0.000,0.000,OutOfStock
9554,p5_08_fixture_sku_6b285aa1f8c74ea1,P5-08 Fixture Product,,,True,0.000,0.000,OutOfStock
9555,p5_08_fixture_sku_3069eae7859e479c,P5-08 Fixture Product,,,True,0.000,0.000,OutOfStock
9797,p5_08_fixture_sku_672a98b028bc47e5,P5-08 Fixture Product,,,True,0.000,0.000,OutOfStock
9798,p5_08_fixture_sku_a2a4ece57725416a,P5-08 Fixture Product,,,True,7.000,0.000,Normal
9799,p5_08_fixture_sku_2cea356b1b2a4bfd,P5-08 Fixture Product,,,True,2.000,0.000,Normal
9800,p5_08_fixture_sku_c27c49e502bf4de8,P5-08 Fixture Product,,,True,2.000,0.000,Normal
9801,p5_08_fixture_sku_36b9aded29254713,P5-08 Fixture Product,,,True,2.000,0.000,Normal
9802,p5_08_fixture_sku_707b8d1d110749d7,P5-08 Fixture Product,,,True,2.000,0.000,Normal
9803,p5_08_fixture_sku_29d1ebdf0f47405c,P5-08 Fixture Product,,,True,2.000,0.000,Normal
9804,p5_08_fixture_sku_a1396b64302444d3,P5-08 Fixture Product,,,True,0.000,0.000,OutOfStock
9805,p5_08_fixture_sku_5a8e57cbd2d14832,P5-08 Fixture Product,,,True,0.000,0.000,OutOfStock
9806,p5_08_fixture_sku_e5a2a685597a4fc4,P5-08 Fixture Product,,,True,0.000,0.000,OutOfStock
9807,p5_08_fixture_sku_f2279e04a3b64c5a,P5-08 Fixture Product,,,True,0.000,0.000,OutOfStock
9808,p5_08_fixture_sku_e408a2e6f1ec4151,P5-08 Fixture Product,,,True,0.000,0.000,OutOfStock
9809,p5_08_fixture_sku_ef174b4cd3164f7c,P5-08 Fixture Product,,,True,0.000,0.000,OutOfStock
9810,p5_08_fixture_sku_23b1040425674cd7,P5-08 Fixture Product,,,True,0.000,0.000,OutOfStock
9811,p5_08_fixture_sku_d6db981b9b914058,P5-08 Fixture Product,,,True,0.000,0.000,OutOfStock
10053,p5_08_fixture_sku_66d62ed485e94da5,P5-08 Fixture Product,,,True,0.000,0.000,OutOfStock
10054,p5_08_fixture_sku_43058b5f61384956,P5-08 Fixture Product,,,True,7.000,0.000,Normal
10055,p5_08_fixture_sku_187bc32ce6aa4f90,P5-08 Fixture Product,,,True,7.000,0.000,Normal
10056,p5_08_fixture_sku_af8309a174474bcc,P5-08 Fixture Product,,,True,2.000,0.000,Normal
10057,p5_08_fixture_sku_d3a23d8c02fe440d,P5-08 Fixture Product,,,True,2.000,0.000,Normal
10058,p5_08_fixture_sku_8b4d14c20fbe4dcf,P5-08 Fixture Product,,,True,7.000,0.000,Normal
10059,p5_08_fixture_sku_96c4e31246804b19,P5-08 Fixture Product,,,True,2.000,0.000,Normal
10060,p5_08_fixture_sku_1eb015ef44704abd,P5-08 Fixture Product,,,True,0.000,0.000,OutOfStock
10061,p5_08_fixture_sku_81ee7a21bc9b4ab8,P5-08 Fixture Product,,,True,0.000,0.000,OutOfStock
10062,p5_08_fixture_sku_2180a3ee070748e9,P5-08 Fixture Product,,,True,0.000,0.000,OutOfStock
10063,p5_08_fixture_sku_dc775e62c863440c,P5-08 Fixture Product,,,True,0.000,0.000,OutOfStock
10064,p5_08_fixture_sku_184ab841032a4601,P5-08 Fixture Product,,,True,0.000,0.000,OutOfStock
10065,p5_08_fixture_sku_8049b2acf40949f7,P5-08 Fixture Product,,,True,0.000,0.000,OutOfStock
10066,p5_08_fixture_sku_d333ed417ba54fdc,P5-08 Fixture Product,,,True,0.000,0.000,OutOfStock
10067,p5_08_fixture_sku_12093101f5ff496f,P5-08 Fixture Product,,,True,0.000,0.000,OutOfStock
10319,p5_08_fixture_sku_67253b1e56ce4651,P5-08 Fixture Product,,,True,0.000,0.000,OutOfStock
10320,p5_08_fixture_sku_5af2b5f567894f5f,P5-08 Fixture Product,,,True,2.000,0.000,Normal
10321,p5_08_fixture_sku_91a879f1cd40483b,P5-08 Fixture Product,,,True,2.000,0.000,Normal
10322,p5_08_fixture_sku_3f6e0d5c255d4728,P5-08 Fixture Product,,,True,7.000,0.000,Normal
10323,p5_08_fixture_sku_cbf568bc09e84ea0,P5-08 Fixture Product,,,True,2.000,0.000,Normal
10324,p5_08_fixture_sku_d49296be63214ca4,P5-08 Fixture Product,,,True,2.000,0.000,Normal
10325,p5_08_fixture_sku_50098aba1ccb47bd,P5-08 Fixture Product,,,True,2.000,0.000,Normal
10326,p5_08_fixture_sku_53062d71c80844a3,P5-08 Fixture Product,,,True,0.000,0.000,OutOfStock
10327,p5_08_fixture_sku_16cf4c26f46a4c40,P5-08 Fixture Product,,,True,0.000,0.000,OutOfStock
10328,p5_08_fixture_sku_33ca281ff31b42ac,P5-08 Fixture Product,,,True,0.000,0.000,OutOfStock
10329,p5_08_fixture_sku_908cdc3f599245a7,P5-08 Fixture Product,,,True,0.000,0.000,OutOfStock
10330,p5_08_fixture_sku_305c32126d8d45b0,P5-08 Fixture Product,,,True,0.000,0.000,OutOfStock
10331,p5_08_fixture_sku_4fef4408bc7c46a2,P5-08 Fixture Product,,,True,0.000,0.000,OutOfStock
10332,p5_08_fixture_sku_f967731d4b7344df,P5-08 Fixture Product,,,True,0.000,0.000,OutOfStock
10333,p5_08_fixture_sku_f67f4c629d7a40fd,P5-08 Fixture Product,,,True,0.000,0.000,OutOfStock
10598,p5_08_fixture_sku_fd87ea07b5c54b42,P5-08 Fixture Product,,,True,0.000,0.000,OutOfStock
10599,p5_08_fixture_sku_9bcf748533a9435b,P5-08 Fixture Product,,,True,7.000,0.000,Normal
10600,p5_08_fixture_sku_dd5c9c5d94254e8c,P5-08 Fixture Product,,,True,7.000,0.000,Normal
10601,p5_08_fixture_sku_25a5ece25f2043ad,P5-08 Fixture Product,,,True,7.000,0.000,Normal
10602,p5_08_fixture_sku_f7770bf81d794177,P5-08 Fixture Product,,,True,2.000,0.000,Normal
10603,p5_08_fixture_sku_0645f9a683bd4551,P5-08 Fixture Product,,,True,2.000,0.000,Normal
10604,p5_08_fixture_sku_6aa7eec292ad4599,P5-08 Fixture Product,,,True,2.000,0.000,Normal
10605,p5_08_fixture_sku_ca84da235ccb49fc,P5-08 Fixture Product,,,True,0.000,0.000,OutOfStock
10606,p5_08_fixture_sku_85dc4ab0ab9b4319,P5-08 Fixture Product,,,True,0.000,0.000,OutOfStock
10607,p5_08_fixture_sku_5b92aab652364ca9,P5-08 Fixture Product,,,True,0.000,0.000,OutOfStock
10608,p5_08_fixture_sku_f8e750c60bcf44ed,P5-08 Fixture Product,,,True,0.000,0.000,OutOfStock
10609,p5_08_fixture_sku_d07fe1237ed249bd,P5-08 Fixture Product,,,True,0.000,0.000,OutOfStock
10610,p5_08_fixture_sku_70c46a97b1e74e6a,P5-08 Fixture Product,,,True,0.000,0.000,OutOfStock
10611,p5_08_fixture_sku_2c07b946703d4ee1,P5-08 Fixture Product,,,True,0.000,0.000,OutOfStock
10612,p5_08_fixture_sku_b8c6b93f01964abb,P5-08 Fixture Product,,,True,0.000,0.000,OutOfStock
10865,p5_08_fixture_sku_ca259a11009f41de,P5-08 Fixture Product,,,True,0.000,0.000,OutOfStock
10866,p5_08_fixture_sku_52e0cf21796941ae,P5-08 Fixture Product,,,True,7.000,0.000,Normal
10867,p5_08_fixture_sku_31e43edd4b98412e,P5-08 Fixture Product,,,True,2.000,0.000,Normal
10868,p5_08_fixture_sku_2856991026cc4a8a,P5-08 Fixture Product,,,True,2.000,0.000,Normal
10869,p5_08_fixture_sku_e2a22ea98b4e4013,P5-08 Fixture Product,,,True,2.000,0.000,Normal
10870,p5_08_fixture_sku_4822792bcc26479e,P5-08 Fixture Product,,,True,2.000,0.000,Normal
10871,p5_08_fixture_sku_10435b73a1b84336,P5-08 Fixture Product,,,True,2.000,0.000,Normal
10872,p5_08_fixture_sku_889e85d17a9b454e,P5-08 Fixture Product,,,True,0.000,0.000,OutOfStock
10873,p5_08_fixture_sku_5cfc2ce353f54365,P5-08 Fixture Product,,,True,0.000,0.000,OutOfStock
10874,p5_08_fixture_sku_d4272eb9fe0440cc,P5-08 Fixture Product,,,True,0.000,0.000,OutOfStock
10875,p5_08_fixture_sku_a0189b3cc8ad4867,P5-08 Fixture Product,,,True,0.000,0.000,OutOfStock
10876,p5_08_fixture_sku_5f86bebcc55347d5,P5-08 Fixture Product,,,True,0.000,0.000,OutOfStock
10877,p5_08_fixture_sku_01aa6bad14344110,P5-08 Fixture Product,,,True,0.000,0.000,OutOfStock
10878,p5_08_fixture_sku_4525729af8a641c2,P5-08 Fixture Product,,,True,0.000,0.000,OutOfStock
10879,p5_08_fixture_sku_bd2ab8912d0444de,P5-08 Fixture Product,,,True,0.000,0.000,OutOfStock
11143,p5_08_fixture_sku_0e135672c9b642fd,P5-08 Fixture Product,,,True,0.000,0.000,OutOfStock
11144,p5_08_fixture_sku_ffe105b6ba3f497b,P5-08 Fixture Product,,,True,2.000,0.000,Normal
11145,p5_08_fixture_sku_60a3a3ebc41a43a7,P5-08 Fixture Product,,,True,2.000,0.000,Normal
11146,p5_08_fixture_sku_d3b956fa86e647e7,P5-08 Fixture Product,,,True,2.000,0.000,Normal
11147,p5_08_fixture_sku_b1ba47c09cc64419,P5-08 Fixture Product,,,True,2.000,0.000,Normal
11148,p5_08_fixture_sku_48f9f1113d0b4507,P5-08 Fixture Product,,,True,7.000,0.000,Normal
11149,p5_08_fixture_sku_4fee01c08e6d4555,P5-08 Fixture Product,,,True,2.000,0.000,Normal
11150,p5_08_fixture_sku_fdf687069bd2495c,P5-08 Fixture Product,,,True,0.000,0.000,OutOfStock
11151,p5_08_fixture_sku_525e7b9ea9e34ad7,P5-08 Fixture Product,,,True,0.000,0.000,OutOfStock
11152,p5_08_fixture_sku_37e7b547fc8e45af,P5-08 Fixture Product,,,True,0.000,0.000,OutOfStock
11153,p5_08_fixture_sku_3ff9a4d431f84648,P5-08 Fixture Product,,,True,0.000,0.000,OutOfStock
11154,p5_08_fixture_sku_d8216ce2682e44ad,P5-08 Fixture Product,,,True,0.000,0.000,OutOfStock
11155,p5_08_fixture_sku_5d04a4a2ba0d4828,P5-08 Fixture Product,,,True,0.000,0.000,OutOfStock
11156,p5_08_fixture_sku_bf5e982102d44ffb,P5-08 Fixture Product,,,True,0.000,0.000,OutOfStock
11157,p5_08_fixture_sku_5c4744c0cea94848,P5-08 Fixture Product,,,True,0.000,0.000,OutOfStock
11410,p5_08_fixture_sku_ef3b1cda707b4c9a,P5-08 Fixture Product,,,True,0.000,0.000,OutOfStock
11411,p5_08_fixture_sku_6b4029d708ad4c7b,P5-08 Fixture Product,,,True,7.000,0.000,Normal
11412,p5_08_fixture_sku_8bd9f6a7745d4699,P5-08 Fixture Product,,,True,2.000,0.000,Normal
11413,p5_08_fixture_sku_ffb7772fd0464778,P5-08 Fixture Product,,,True,2.000,0.000,Normal
11414,p5_08_fixture_sku_a81aad794cc44a88,P5-08 Fixture Product,,,True,2.000,0.000,Normal
11415,p5_08_fixture_sku_0cf2f193867f497c,P5-08 Fixture Product,,,True,2.000,0.000,Normal
11416,p5_08_fixture_sku_f8fc2c618082418f,P5-08 Fixture Product,,,True,2.000,0.000,Normal
11417,p5_08_fixture_sku_833302ba69554bf2,P5-08 Fixture Product,,,True,0.000,0.000,OutOfStock
11418,p5_08_fixture_sku_db0f3c9e20344c2f,P5-08 Fixture Product,,,True,0.000,0.000,OutOfStock
11419,p5_08_fixture_sku_f7ceb27cd4644ee8,P5-08 Fixture Product,,,True,0.000,0.000,OutOfStock
11420,p5_08_fixture_sku_278261458b1542d7,P5-08 Fixture Product,,,True,0.000,0.000,OutOfStock
11421,p5_08_fixture_sku_be17ee947e764190,P5-08 Fixture Product,,,True,0.000,0.000,OutOfStock
11422,p5_08_fixture_sku_0f125c10aa644689,P5-08 Fixture Product,,,True,0.000,0.000,OutOfStock
11423,p5_08_fixture_sku_596ca779a11b43af,P5-08 Fixture Product,,,True,0.000,0.000,OutOfStock
11424,p5_08_fixture_sku_fbc31e468aac4040,P5-08 Fixture Product,,,True,0.000,0.000,OutOfStock
11677,p5_08_fixture_sku_235483884d21439a,P5-08 Fixture Product,,,True,0.000,0.000,OutOfStock
11678,p5_08_fixture_sku_13d07ee20dc642ef,P5-08 Fixture Product,,,True,7.000,0.000,Normal
11679,p5_08_fixture_sku_562274c826d84e4d,P5-08 Fixture Product,,,True,2.000,0.000,Normal
11680,p5_08_fixture_sku_f25f07cf7b784d53,P5-08 Fixture Product,,,True,7.000,0.000,Normal
11681,p5_08_fixture_sku_8b1bf77088a54988,P5-08 Fixture Product,,,True,2.000,0.000,Normal
11682,p5_08_fixture_sku_6c6be3bdcb294232,P5-08 Fixture Product,,,True,2.000,0.000,Normal
11683,p5_08_fixture_sku_22c7ffd70f064193,P5-08 Fixture Product,,,True,2.000,0.000,Normal
11684,p5_08_fixture_sku_095f0d485aee43ca,P5-08 Fixture Product,,,True,0.000,0.000,OutOfStock
11685,p5_08_fixture_sku_53f24cbdeecf4bb4,P5-08 Fixture Product,,,True,0.000,0.000,OutOfStock
11686,p5_08_fixture_sku_c28346cfbc914e53,P5-08 Fixture Product,,,True,0.000,0.000,OutOfStock
11687,p5_08_fixture_sku_e844bfd5b6bd4828,P5-08 Fixture Product,,,True,0.000,0.000,OutOfStock
11688,p5_08_fixture_sku_1fdd690e35724f7a,P5-08 Fixture Product,,,True,0.000,0.000,OutOfStock
11689,p5_08_fixture_sku_c7c1eac73bbe4266,P5-08 Fixture Product,,,True,0.000,0.000,OutOfStock
11690,p5_08_fixture_sku_bd5011cc3190497c,P5-08 Fixture Product,,,True,0.000,0.000,OutOfStock
11691,p5_08_fixture_sku_529519820bb840e8,P5-08 Fixture Product,,,True,0.000,0.000,OutOfStock
11947,p5_08_fixture_sku_7fb9fb51536f44da,P5-08 Fixture Product,,,True,0.000,0.000,OutOfStock
11948,p5_08_fixture_sku_b096db781501489f,P5-08 Fixture Product,,,True,2.000,0.000,Normal
11949,p5_08_fixture_sku_9abe46974e954f15,P5-08 Fixture Product,,,True,7.000,0.000,Normal
11950,p5_08_fixture_sku_404f006895ba49b3,P5-08 Fixture Product,,,True,2.000,0.000,Normal
11951,p5_08_fixture_sku_48f05665aa074338,P5-08 Fixture Product,,,True,2.000,0.000,Normal
11952,p5_08_fixture_sku_404ca38e824e4989,P5-08 Fixture Product,,,True,2.000,0.000,Normal
11953,p5_08_fixture_sku_1232cad202ea46d9,P5-08 Fixture Product,,,True,2.000,0.000,Normal
11954,p5_08_fixture_sku_d42c82b62a4341fa,P5-08 Fixture Product,,,True,0.000,0.000,OutOfStock
11955,p5_08_fixture_sku_0df0564f59ad47e1,P5-08 Fixture Product,,,True,0.000,0.000,OutOfStock
11956,p5_08_fixture_sku_001770af5dc64314,P5-08 Fixture Product,,,True,0.000,0.000,OutOfStock
11957,p5_08_fixture_sku_07a9d0a331714e1c,P5-08 Fixture Product,,,True,0.000,0.000,OutOfStock
11958,p5_08_fixture_sku_4217570247674af1,P5-08 Fixture Product,,,True,0.000,0.000,OutOfStock
11959,p5_08_fixture_sku_ef91df2848be44d6,P5-08 Fixture Product,,,True,0.000,0.000,OutOfStock
11960,p5_08_fixture_sku_f45e34d211fc49b4,P5-08 Fixture Product,,,True,0.000,0.000,OutOfStock
11961,p5_08_fixture_sku_ef6c1efdda3c4663,P5-08 Fixture Product,,,True,0.000,0.000,OutOfStock
12217,p5_08_fixture_sku_5ec0e4fdab0347fd,P5-08 Fixture Product,,,True,0.000,0.000,OutOfStock
12218,p5_08_fixture_sku_cae63e177e5a4df7,P5-08 Fixture Product,,,True,2.000,0.000,Normal
12219,p5_08_fixture_sku_077b90462d73460e,P5-08 Fixture Product,,,True,2.000,0.000,Normal
12220,p5_08_fixture_sku_452895f3887f46b8,P5-08 Fixture Product,,,True,2.000,0.000,Normal
12221,p5_08_fixture_sku_f7bc9278e8894961,P5-08 Fixture Product,,,True,2.000,0.000,Normal
12222,p5_08_fixture_sku_80f9faa0cad4465b,P5-08 Fixture Product,,,True,2.000,0.000,Normal
12223,p5_08_fixture_sku_8e568240ff8b441c,P5-08 Fixture Product,,,True,2.000,0.000,Normal
12224,p5_08_fixture_sku_5f8f0bb7bc62417c,P5-08 Fixture Product,,,True,0.000,0.000,OutOfStock
12225,p5_08_fixture_sku_5610992e3fe34eda,P5-08 Fixture Product,,,True,0.000,0.000,OutOfStock
12226,p5_08_fixture_sku_13d0b5a741ea4a97,P5-08 Fixture Product,,,True,0.000,0.000,OutOfStock
12227,p5_08_fixture_sku_c286100d4655463e,P5-08 Fixture Product,,,True,0.000,0.000,OutOfStock
12228,p5_08_fixture_sku_f4727b91da3f4c8c,P5-08 Fixture Product,,,True,0.000,0.000,OutOfStock
12229,p5_08_fixture_sku_65b2b8683ac14bfb,P5-08 Fixture Product,,,True,0.000,0.000,OutOfStock
12230,p5_08_fixture_sku_e0fcc457f1974a6f,P5-08 Fixture Product,,,True,0.000,0.000,OutOfStock
12231,p5_08_fixture_sku_b71fbc8a6a944c95,P5-08 Fixture Product,,,True,0.000,0.000,OutOfStock
12497,p5_08_fixture_sku_8f3a8410d92d4436,P5-08 Fixture Product,,,True,0.000,0.000,OutOfStock
12498,p5_08_fixture_sku_79f5d2677fbe4e13,P5-08 Fixture Product,,,True,7.000,0.000,Normal
12499,p5_08_fixture_sku_f4e24ed9113d489a,P5-08 Fixture Product,,,True,2.000,0.000,Normal
12500,p5_08_fixture_sku_468da58949f84053,P5-08 Fixture Product,,,True,2.000,0.000,Normal
12501,p5_08_fixture_sku_4c051d6745f64ca7,P5-08 Fixture Product,,,True,7.000,0.000,Normal
12502,p5_08_fixture_sku_8a32fa5951ab4a8a,P5-08 Fixture Product,,,True,2.000,0.000,Normal
12503,p5_08_fixture_sku_39f69eca53ed432f,P5-08 Fixture Product,,,True,2.000,0.000,Normal
12504,p5_08_fixture_sku_f7979b06142248d2,P5-08 Fixture Product,,,True,0.000,0.000,OutOfStock
12505,p5_08_fixture_sku_de7347c38abd4f53,P5-08 Fixture Product,,,True,0.000,0.000,OutOfStock
12506,p5_08_fixture_sku_c2ac2d63e4a943d6,P5-08 Fixture Product,,,True,0.000,0.000,OutOfStock
12507,p5_08_fixture_sku_79ba90c98af0496f,P5-08 Fixture Product,,,True,0.000,0.000,OutOfStock
12508,p5_08_fixture_sku_ed1773634d3d4121,P5-08 Fixture Product,,,True,0.000,0.000,OutOfStock
12509,p5_08_fixture_sku_90c5ee9a6419451c,P5-08 Fixture Product,,,True,0.000,0.000,OutOfStock
12510,p5_08_fixture_sku_7ce8d7ec83624d2f,P5-08 Fixture Product,,,True,0.000,0.000,OutOfStock
12511,p5_08_fixture_sku_35124a3ba31b4db4,P5-08 Fixture Product,,,True,0.000,0.000,OutOfStock
12777,p5_08_fixture_sku_1feb5321219c4ef0,P5-08 Fixture Product,,,True,0.000,0.000,OutOfStock
12778,p5_08_fixture_sku_7b5b3b1d8e93400c,P5-08 Fixture Product,,,True,7.000,0.000,Normal
12779,p5_08_fixture_sku_d5430637ef3c400b,P5-08 Fixture Product,,,True,7.000,0.000,Normal
12780,p5_08_fixture_sku_78ddcb0e6d58462e,P5-08 Fixture Product,,,True,2.000,0.000,Normal
12781,p5_08_fixture_sku_beef1dd0ca0140b1,P5-08 Fixture Product,,,True,2.000,0.000,Normal
12782,p5_08_fixture_sku_7f06eb880bc34d44,P5-08 Fixture Product,,,True,2.000,0.000,Normal
12783,p5_08_fixture_sku_c357aa6d89ab4221,P5-08 Fixture Product,,,True,2.000,0.000,Normal
12784,p5_08_fixture_sku_9b90c45b1a384729,P5-08 Fixture Product,,,True,0.000,0.000,OutOfStock
12785,p5_08_fixture_sku_d847511f57474128,P5-08 Fixture Product,,,True,0.000,0.000,OutOfStock
12786,p5_08_fixture_sku_da402df0084c4721,P5-08 Fixture Product,,,True,0.000,0.000,OutOfStock
12787,p5_08_fixture_sku_bb05ba56ad474623,P5-08 Fixture Product,,,True,0.000,0.000,OutOfStock
12788,p5_08_fixture_sku_a63c1c7524764cfc,P5-08 Fixture Product,,,True,0.000,0.000,OutOfStock
12789,p5_08_fixture_sku_b099bd41cb8f4405,P5-08 Fixture Product,,,True,0.000,0.000,OutOfStock
12790,p5_08_fixture_sku_efa03a08e3db480f,P5-08 Fixture Product,,,True,0.000,0.000,OutOfStock
12791,p5_08_fixture_sku_428ec264fbcb4051,P5-08 Fixture Product,,,True,0.000,0.000,OutOfStock
13057,p5_08_fixture_sku_bfbb234be000469b,P5-08 Fixture Product,,,True,0.000,0.000,OutOfStock
13058,p5_08_fixture_sku_8c3d6661576f4177,P5-08 Fixture Product,,,True,2.000,0.000,Normal
13059,p5_08_fixture_sku_dee3d0b9d8514a6a,P5-08 Fixture Product,,,True,2.000,0.000,Normal
13060,p5_08_fixture_sku_ccfe6e29301e4647,P5-08 Fixture Product,,,True,2.000,0.000,Normal
13061,p5_08_fixture_sku_e7de345621e84848,P5-08 Fixture Product,,,True,2.000,0.000,Normal
13062,p5_08_fixture_sku_6a846a672baa4fc3,P5-08 Fixture Product,,,True,2.000,0.000,Normal
13063,p5_08_fixture_sku_4fe49cf618934609,P5-08 Fixture Product,,,True,2.000,0.000,Normal
13064,p5_08_fixture_sku_4d46eadee5704505,P5-08 Fixture Product,,,True,0.000,0.000,OutOfStock
13065,p5_08_fixture_sku_c917c23239224bfe,P5-08 Fixture Product,,,True,0.000,0.000,OutOfStock
13066,p5_08_fixture_sku_04d39b50414c47c7,P5-08 Fixture Product,,,True,0.000,0.000,OutOfStock
13067,p5_08_fixture_sku_be07715d939c4520,P5-08 Fixture Product,,,True,0.000,0.000,OutOfStock
13068,p5_08_fixture_sku_03304f292ded47d7,P5-08 Fixture Product,,,True,0.000,0.000,OutOfStock
13069,p5_08_fixture_sku_cdeb2842e95e43c8,P5-08 Fixture Product,,,True,0.000,0.000,OutOfStock
13070,p5_08_fixture_sku_35864ead9a904763,P5-08 Fixture Product,,,True,0.000,0.000,OutOfStock
13071,p5_08_fixture_sku_77eed927969145e9,P5-08 Fixture Product,,,True,0.000,0.000,OutOfStock
13337,p5_08_fixture_sku_fb156b02cf394aa4,P5-08 Fixture Product,,,True,0.000,0.000,OutOfStock
13338,p5_08_fixture_sku_ec5befefb99b4893,P5-08 Fixture Product,,,True,7.000,0.000,Normal
13339,p5_08_fixture_sku_5a8e6fbbbf5a4a25,P5-08 Fixture Product,,,True,7.000,0.000,Normal
13340,p5_08_fixture_sku_738133c0209c4e01,P5-08 Fixture Product,,,True,7.000,0.000,Normal
13341,p5_08_fixture_sku_17d3a3bce05647ff,P5-08 Fixture Product,,,True,2.000,0.000,Normal
13342,p5_08_fixture_sku_d8cc7fc66d8b49ff,P5-08 Fixture Product,,,True,2.000,0.000,Normal
13343,p5_08_fixture_sku_5083be16276548f4,P5-08 Fixture Product,,,True,2.000,0.000,Normal
13344,p5_08_fixture_sku_a6cef2d7daa947ae,P5-08 Fixture Product,,,True,0.000,0.000,OutOfStock
13345,p5_08_fixture_sku_8bc316df58564a27,P5-08 Fixture Product,,,True,0.000,0.000,OutOfStock
13346,p5_08_fixture_sku_cb17608f8cdc4e7a,P5-08 Fixture Product,,,True,0.000,0.000,OutOfStock
13347,p5_08_fixture_sku_ae840b742ade407d,P5-08 Fixture Product,,,True,0.000,0.000,OutOfStock
13348,p5_08_fixture_sku_426e473815ba46cf,P5-08 Fixture Product,,,True,0.000,0.000,OutOfStock
13349,p5_08_fixture_sku_eb9aa39f44e3413a,P5-08 Fixture Product,,,True,0.000,0.000,OutOfStock
13350,p5_08_fixture_sku_c581c980605840f7,P5-08 Fixture Product,,,True,0.000,0.000,OutOfStock
13351,p5_08_fixture_sku_685524a9038f4cbc,P5-08 Fixture Product,,,True,0.000,0.000,OutOfStock
13618,p5_08_fixture_sku_662d9673ab324a02,P5-08 Fixture Product,,,True,0.000,0.000,OutOfStock
13619,p5_08_fixture_sku_03aebeda66234306,P5-08 Fixture Product,,,True,7.000,0.000,Normal
13620,p5_08_fixture_sku_38caff89ddf249ce,P5-08 Fixture Product,,,True,7.000,0.000,Normal
13621,p5_08_fixture_sku_fe900c270da7420f,P5-08 Fixture Product,,,True,2.000,0.000,Normal
13622,p5_08_fixture_sku_abdad8dcd6f943a5,P5-08 Fixture Product,,,True,2.000,0.000,Normal
13623,p5_08_fixture_sku_60ac48e5ec8f4ef5,P5-08 Fixture Product,,,True,2.000,0.000,Normal
13624,p5_08_fixture_sku_b857da87fe094ffb,P5-08 Fixture Product,,,True,7.000,0.000,Normal
13625,p5_08_fixture_sku_e4e96551da824467,P5-08 Fixture Product,,,True,0.000,0.000,OutOfStock
13626,p5_08_fixture_sku_2adbdaf5791f4fb9,P5-08 Fixture Product,,,True,0.000,0.000,OutOfStock
13627,p5_08_fixture_sku_71bf9a398c464f20,P5-08 Fixture Product,,,True,0.000,0.000,OutOfStock
13628,p5_08_fixture_sku_f8c49007eb134960,P5-08 Fixture Product,,,True,0.000,0.000,OutOfStock
13629,p5_08_fixture_sku_ffe2f088d3ec4cf8,P5-08 Fixture Product,,,True,0.000,0.000,OutOfStock
13630,p5_08_fixture_sku_a47809e5a24841c2,P5-08 Fixture Product,,,True,0.000,0.000,OutOfStock
13631,p5_08_fixture_sku_7ad01a5eb0b64840,P5-08 Fixture Product,,,True,0.000,0.000,OutOfStock
13632,p5_08_fixture_sku_a38574b940ae45af,P5-08 Fixture Product,,,True,0.000,0.000,OutOfStock
13898,p5_08_fixture_sku_19e22e56e8674283,P5-08 Fixture Product,,,True,0.000,0.000,OutOfStock
13899,p5_08_fixture_sku_c61d76b586014748,P5-08 Fixture Product,,,True,7.000,0.000,Normal
13900,p5_08_fixture_sku_1b44554dc91349ba,P5-08 Fixture Product,,,True,2.000,0.000,Normal
13901,p5_08_fixture_sku_c0bcccd0ab234def,P5-08 Fixture Product,,,True,2.000,0.000,Normal
13902,p5_08_fixture_sku_3072a72398264d36,P5-08 Fixture Product,,,True,2.000,0.000,Normal
13903,p5_08_fixture_sku_50659f5f5c70475e,P5-08 Fixture Product,,,True,2.000,0.000,Normal
13904,p5_08_fixture_sku_397ce34724fc4e0b,P5-08 Fixture Product,,,True,2.000,0.000,Normal
13905,p5_08_fixture_sku_4f5e3bd129cf44a4,P5-08 Fixture Product,,,True,0.000,0.000,OutOfStock
13906,p5_08_fixture_sku_9683263252204d39,P5-08 Fixture Product,,,True,0.000,0.000,OutOfStock
13907,p5_08_fixture_sku_02563aab531d4ac1,P5-08 Fixture Product,,,True,0.000,0.000,OutOfStock
13908,p5_08_fixture_sku_7847009d1a534558,P5-08 Fixture Product,,,True,0.000,0.000,OutOfStock
13909,p5_08_fixture_sku_0e984a9fd9304aee,P5-08 Fixture Product,,,True,0.000,0.000,OutOfStock
13910,p5_08_fixture_sku_e82e61a2c6d34cc8,P5-08 Fixture Product,,,True,0.000,0.000,OutOfStock
13911,p5_08_fixture_sku_8562102283f94449,P5-08 Fixture Product,,,True,0.000,0.000,OutOfStock
13912,p5_08_fixture_sku_99593d02de254aef,P5-08 Fixture Product,,,True,0.000,0.000,OutOfStock
6952,p5_11_fixture_sku_ff3a397d248c4e9f,P5-11 Fixture Product,,,True,0.000,0.000,OutOfStock
6953,p5_11_fixture_sku_81677134a9424101,P5-11 Fixture Product,,,True,0.000,0.000,OutOfStock
6954,p5_11_fixture_sku_d9e27a100d624b2f,P5-11 Fixture Product,,,True,0.000,0.000,OutOfStock
6955,p5_11_fixture_sku_0e2611b4142d49f9,P5-11 Fixture Product,,,True,0.000,0.000,OutOfStock
6956,p5_11_fixture_sku_0bfd1062b23c4fc6,P5-11 Fixture Product,,,True,0.000,0.000,OutOfStock
6957,p5_11_fixture_sku_1bd9d208a4fc486d,P5-11 Fixture Product,,,True,0.000,0.000,OutOfStock
6958,p5_11_fixture_sku_ba113a9439994783,P5-11 Fixture Product,,,True,0.000,0.000,OutOfStock
6959,p5_11_fixture_sku_6fa85af460614d32,P5-11 Fixture Product,,,True,0.000,0.000,OutOfStock
6960,p5_11_fixture_sku_65ca5ce326b64051,P5-11 Fixture Product,,,True,0.000,0.000,OutOfStock
6961,p5_11_fixture_sku_3e59000f317f4e56,P5-11 Fixture Product,,,True,0.000,0.000,OutOfStock
6962,p5_11_fixture_sku_e48266e8bfa14717,P5-11 Fixture Product,,,True,0.000,0.000,OutOfStock
6963,p5_11_fixture_sku_1e391c5e64b54564,P5-11 Fixture Product,,,True,0.000,0.000,OutOfStock
6964,p5_11_fixture_sku_2c159795e68440a0,P5-11 Fixture Product,,,True,0.000,0.000,OutOfStock
6991,p5_11_fixture_sku_33a85ff3c25d4cea,P5-11 Fixture Product,,,True,0.000,0.000,OutOfStock
6992,p5_11_fixture_sku_0285ad9b3c30440b,P5-11 Fixture Product,,,True,0.000,0.000,OutOfStock
6993,p5_11_fixture_sku_be399b9667424ad0,P5-11 Fixture Product,,,True,0.000,0.000,OutOfStock
6994,p5_11_fixture_sku_cde4126204244276,P5-11 Fixture Product,,,True,0.000,0.000,OutOfStock
6995,p5_11_fixture_sku_de6e28a968de43cd,P5-11 Fixture Product,,,True,0.000,0.000,OutOfStock
6996,p5_11_fixture_sku_dff96b68f6354fa4,P5-11 Fixture Product,,,True,0.000,0.000,OutOfStock
6997,p5_11_fixture_sku_c6c6211b0500445b,P5-11 Fixture Product,,,True,0.000,0.000,OutOfStock
6998,p5_11_fixture_sku_32b847ba3400441f,P5-11 Fixture Product,,,True,0.000,0.000,OutOfStock
6999,p5_11_fixture_sku_f81c57c31626434b,P5-11 Fixture Product,,,True,0.000,0.000,OutOfStock
7000,p5_11_fixture_sku_37dbb0b40f4f48f1,P5-11 Fixture Product,,,True,0.000,0.000,OutOfStock
7001,p5_11_fixture_sku_c4a2b902aee74bc0,P5-11 Fixture Product,,,True,0.000,0.000,OutOfStock
7002,p5_11_fixture_sku_3d51c4e1fd734943,P5-11 Fixture Product,,,True,0.000,0.000,OutOfStock
7003,p5_11_fixture_sku_454e12b08d564eb1,P5-11 Fixture Product,,,True,0.000,0.000,OutOfStock
7004,p5_11_fixture_sku_d192d360b6b24508,P5-11 Fixture Product,,,True,0.000,0.000,OutOfStock
7005,p5_11_fixture_sku_c82af4b628264973,P5-11 Fixture Product,,,True,5.000,0.000,Normal
7006,p5_11_fixture_sku_adad203a7fa54188,P5-11 Fixture Product,,,True,0.000,0.000,OutOfStock
7007,p5_11_fixture_sku_20be1c7729714bae,P5-11 Fixture Product,,,True,2.000,0.000,Normal
7008,p5_11_fixture_sku_08aa00cf1efe4e3c,P5-11 Fixture Product,,,True,2.000,0.000,Normal
7009,p5_11_fixture_sku_c49160f561ed4395,P5-11 Fixture Product,,,True,4.000,0.000,Normal
7010,p5_11_fixture_sku_bfe7f20531d3489d,P5-11 Fixture Product,,,True,2.000,0.000,Normal
7011,p5_11_fixture_sku_f757540eb3d54df7,P5-11 Fixture Product,,,True,2.000,0.000,Normal
7012,p5_11_fixture_sku_bc221b6a45c74f03,P5-11 Fixture Product,,,True,0.000,0.000,OutOfStock
7013,p5_11_fixture_sku_19f95250be474732,P5-11 Fixture Product,,,True,0.000,0.000,OutOfStock
7014,p5_11_fixture_sku_557af84561714064,P5-11 Fixture Product,,,True,2.000,0.000,Normal
7015,p5_11_fixture_sku_b70c1b544a2c4322,P5-11 Fixture Product,,,True,0.000,0.000,OutOfStock
7016,p5_11_fixture_sku_b34d77064e5d4ff9,P5-11 Fixture Product,,,True,0.000,0.000,OutOfStock
7017,p5_11_fixture_sku_9f90974632424f26,P5-11 Fixture Product,,,True,0.000,0.000,OutOfStock
7018,p5_11_fixture_sku_fe2b469eca1343ee,P5-11 Fixture Product,,,True,5.000,0.000,Normal
7019,p5_11_fixture_sku_96fde6a7f48c4a43,P5-11 Fixture Product,,,True,0.000,0.000,OutOfStock
7020,p5_11_fixture_sku_f044bd150eaf4e2d,P5-11 Fixture Product,,,True,2.000,0.000,Normal
7021,p5_11_fixture_sku_045a2d315300431c,P5-11 Fixture Product,,,True,2.000,0.000,Normal
7022,p5_11_fixture_sku_9d10b93f1b8a4194,P5-11 Fixture Product,,,True,4.000,0.000,Normal
7023,p5_11_fixture_sku_bc157f9c67794b5d,P5-11 Fixture Product,,,True,2.000,0.000,Normal
7024,p5_11_fixture_sku_f2a97261ffb74123,P5-11 Fixture Product,,,True,2.000,0.000,Normal
7025,p5_11_fixture_sku_0040d4b391a74f90,P5-11 Fixture Product,,,True,0.000,0.000,OutOfStock
7026,p5_11_fixture_sku_51f88b21f96743bf,P5-11 Fixture Product,,,True,0.000,0.000,OutOfStock
7027,p5_11_fixture_sku_11f5ce20dbe64b8d,P5-11 Fixture Product,,,True,2.000,0.000,Normal
7028,p5_11_fixture_sku_02ad13780a5d4242,P5-11 Fixture Product,,,True,0.000,0.000,OutOfStock
7029,p5_11_fixture_sku_b1db6bcfa8034f5f,P5-11 Fixture Product,,,True,0.000,0.000,OutOfStock
7030,p5_11_fixture_sku_cbc0a5a3f21041d9,P5-11 Fixture Product,,,True,0.000,0.000,OutOfStock
7031,p5_11_fixture_sku_1702ff72cf0646c3,P5-11 Fixture Product,,,True,5.000,0.000,Normal
7032,p5_11_fixture_sku_b87f9c44e65046cd,P5-11 Fixture Product,,,True,0.000,0.000,OutOfStock
7033,p5_11_fixture_sku_98fad968bf0e42ee,P5-11 Fixture Product,,,True,2.000,0.000,Normal
7034,p5_11_fixture_sku_a2727d02c23243f6,P5-11 Fixture Product,,,True,2.000,0.000,Normal
7035,p5_11_fixture_sku_5097e2a0a0e44faa,P5-11 Fixture Product,,,True,4.000,0.000,Normal
7036,p5_11_fixture_sku_4c2ab6b63ff5410c,P5-11 Fixture Product,,,True,2.000,0.000,Normal
7037,p5_11_fixture_sku_6603a23c4dae4c60,P5-11 Fixture Product,,,True,2.000,0.000,Normal
7038,p5_11_fixture_sku_18400c3b0cec4541,P5-11 Fixture Product,,,True,0.000,0.000,OutOfStock
7039,p5_11_fixture_sku_b5f8d0255bec4a6a,P5-11 Fixture Product,,,True,0.000,0.000,OutOfStock
7040,p5_11_fixture_sku_795ffe0fc2e3493c,P5-11 Fixture Product,,,True,2.000,0.000,Normal
7041,p5_11_fixture_sku_fa9a5b9624f04444,P5-11 Fixture Product,,,True,0.000,0.000,OutOfStock
7042,p5_11_fixture_sku_7181a3b76b1247d0,P5-11 Fixture Product,,,True,0.000,0.000,OutOfStock
7260,p5_11_fixture_sku_8073cafc1ebb4ba2,P5-11 Fixture Product,,,True,0.000,0.000,OutOfStock
7261,p5_11_fixture_sku_3610dd2144e5461b,P5-11 Fixture Product,,,True,5.000,0.000,Normal
7262,p5_11_fixture_sku_0c0494816b154e8a,P5-11 Fixture Product,,,True,0.000,0.000,OutOfStock
7263,p5_11_fixture_sku_273f9ac278404875,P5-11 Fixture Product,,,True,2.000,0.000,Normal
7264,p5_11_fixture_sku_16ff3e72165743c7,P5-11 Fixture Product,,,True,2.000,0.000,Normal
7265,p5_11_fixture_sku_995221ef1c4d4603,P5-11 Fixture Product,,,True,4.000,0.000,Normal
7266,p5_11_fixture_sku_9054f70202374f1d,P5-11 Fixture Product,,,True,2.000,0.000,Normal
7267,p5_11_fixture_sku_971c580ca5d9403a,P5-11 Fixture Product,,,True,2.000,0.000,Normal
7268,p5_11_fixture_sku_d42d8cebbde74dba,P5-11 Fixture Product,,,True,0.000,0.000,OutOfStock
7269,p5_11_fixture_sku_88b697a71b084f15,P5-11 Fixture Product,,,True,0.000,0.000,OutOfStock
7270,p5_11_fixture_sku_b63e6cc3db0b48e2,P5-11 Fixture Product,,,True,2.000,0.000,Normal
7271,p5_11_fixture_sku_5f59b22477da4568,P5-11 Fixture Product,,,True,0.000,0.000,OutOfStock
7272,p5_11_fixture_sku_8314d652130b4551,P5-11 Fixture Product,,,True,0.000,0.000,OutOfStock
7299,p5_11_fixture_sku_8fc185a075484a80,P5-11 Fixture Product,,,True,0.000,0.000,OutOfStock
7300,p5_11_fixture_sku_55ecc26a78ca4385,P5-11 Fixture Product,,,True,5.000,0.000,Normal
7301,p5_11_fixture_sku_5a1c8f3a46f14341,P5-11 Fixture Product,,,True,0.000,0.000,OutOfStock
7302,p5_11_fixture_sku_adf01da18a82496b,P5-11 Fixture Product,,,True,2.000,0.000,Normal
7303,p5_11_fixture_sku_232838aa386347bb,P5-11 Fixture Product,,,True,2.000,0.000,Normal
7304,p5_11_fixture_sku_4cbe3465b67c4998,P5-11 Fixture Product,,,True,4.000,0.000,Normal
7305,p5_11_fixture_sku_648daf5344b24ec5,P5-11 Fixture Product,,,True,2.000,0.000,Normal
7306,p5_11_fixture_sku_619d1bf53ef64e48,P5-11 Fixture Product,,,True,2.000,0.000,Normal
7307,p5_11_fixture_sku_b5e63c046c284048,P5-11 Fixture Product,,,True,0.000,0.000,OutOfStock
7308,p5_11_fixture_sku_15e6a21209ca48ac,P5-11 Fixture Product,,,True,0.000,0.000,OutOfStock
7309,p5_11_fixture_sku_08e30e6aa83446b5,P5-11 Fixture Product,,,True,2.000,0.000,Normal
7310,p5_11_fixture_sku_251af4803bf74f78,P5-11 Fixture Product,,,True,0.000,0.000,OutOfStock
7311,p5_11_fixture_sku_d2481feacb8848b5,P5-11 Fixture Product,,,True,0.000,0.000,OutOfStock
7312,p5_11_fixture_sku_5f9c9d2107044a11,P5-11 Fixture Product,,,True,4.000,0.000,Normal
7313,p5_11_fixture_sku_d1e7e7c8541c485c,P5-11 Fixture Product,,,True,4.000,0.000,Normal
7531,p5_11_fixture_sku_f7e8bfd7ea82447c,P5-11 Fixture Product,,,True,0.000,0.000,OutOfStock
7532,p5_11_fixture_sku_f4ab038df2c44fd4,P5-11 Fixture Product,,,True,5.000,0.000,Normal
7533,p5_11_fixture_sku_ad513e84be364560,P5-11 Fixture Product,,,True,0.000,0.000,OutOfStock
7534,p5_11_fixture_sku_359cc8194e924955,P5-11 Fixture Product,,,True,2.000,0.000,Normal
7535,p5_11_fixture_sku_64cdb17c31d54bec,P5-11 Fixture Product,,,True,2.000,0.000,Normal
7536,p5_11_fixture_sku_582460da2dbd481d,P5-11 Fixture Product,,,True,4.000,0.000,Normal
7537,p5_11_fixture_sku_14e89b5a9c614791,P5-11 Fixture Product,,,True,2.000,0.000,Normal
7538,p5_11_fixture_sku_ab812cb066bb4c55,P5-11 Fixture Product,,,True,2.000,0.000,Normal
7539,p5_11_fixture_sku_5d29b7be11ae4ce5,P5-11 Fixture Product,,,True,0.000,0.000,OutOfStock
7540,p5_11_fixture_sku_13734a237e8d46cb,P5-11 Fixture Product,,,True,0.000,0.000,OutOfStock
7541,p5_11_fixture_sku_f391559cc1c9448c,P5-11 Fixture Product,,,True,2.000,0.000,Normal
7542,p5_11_fixture_sku_848edb96b6d1430f,P5-11 Fixture Product,,,True,0.000,0.000,OutOfStock
7543,p5_11_fixture_sku_d66dda61ef2348f1,P5-11 Fixture Product,,,True,0.000,0.000,OutOfStock
7787,p5_11_fixture_sku_888fddfb79db4c83,P5-11 Fixture Product,,,True,0.000,0.000,OutOfStock
7788,p5_11_fixture_sku_5b0c358345344fa4,P5-11 Fixture Product,,,True,5.000,0.000,Normal
7789,p5_11_fixture_sku_1f9ca2de35bc4598,P5-11 Fixture Product,,,True,0.000,0.000,OutOfStock
7790,p5_11_fixture_sku_371c5104b3e148a1,P5-11 Fixture Product,,,True,2.000,0.000,Normal
7791,p5_11_fixture_sku_ab2c9d8ea10948ab,P5-11 Fixture Product,,,True,2.000,0.000,Normal
7792,p5_11_fixture_sku_1f47a476a8c74ef6,P5-11 Fixture Product,,,True,4.000,0.000,Normal
7793,p5_11_fixture_sku_345908df769a4da3,P5-11 Fixture Product,,,True,2.000,0.000,Normal
7794,p5_11_fixture_sku_b2f41eba9fa0415e,P5-11 Fixture Product,,,True,2.000,0.000,Normal
7795,p5_11_fixture_sku_bb8d406622b24f5c,P5-11 Fixture Product,,,True,0.000,0.000,OutOfStock
7796,p5_11_fixture_sku_4e958eda9540457d,P5-11 Fixture Product,,,True,0.000,0.000,OutOfStock
7797,p5_11_fixture_sku_9544ce0e4ce5435b,P5-11 Fixture Product,,,True,2.000,0.000,Normal
7798,p5_11_fixture_sku_245eb59a58de4854,P5-11 Fixture Product,,,True,0.000,0.000,OutOfStock
7799,p5_11_fixture_sku_567fd79a08c94546,P5-11 Fixture Product,,,True,0.000,0.000,OutOfStock
8043,p5_11_fixture_sku_66f7099c59a14b9f,P5-11 Fixture Product,,,True,0.000,0.000,OutOfStock
8044,p5_11_fixture_sku_633bb6f4befb417b,P5-11 Fixture Product,,,True,5.000,0.000,Normal
8045,p5_11_fixture_sku_4aefa3de53684cff,P5-11 Fixture Product,,,True,0.000,0.000,OutOfStock
8046,p5_11_fixture_sku_b1090170b4124486,P5-11 Fixture Product,,,True,2.000,0.000,Normal
8047,p5_11_fixture_sku_b7668eb4bca648f7,P5-11 Fixture Product,,,True,2.000,0.000,Normal
8048,p5_11_fixture_sku_dcf85677241f4071,P5-11 Fixture Product,,,True,4.000,0.000,Normal
8049,p5_11_fixture_sku_4bbe933c3b39413a,P5-11 Fixture Product,,,True,2.000,0.000,Normal
8050,p5_11_fixture_sku_5d89b08b4f8d4ef7,P5-11 Fixture Product,,,True,2.000,0.000,Normal
8051,p5_11_fixture_sku_07de6a2268e64397,P5-11 Fixture Product,,,True,0.000,0.000,OutOfStock
8052,p5_11_fixture_sku_f514d062036349ff,P5-11 Fixture Product,,,True,0.000,0.000,OutOfStock
8053,p5_11_fixture_sku_4f6c5c369add4b9e,P5-11 Fixture Product,,,True,2.000,0.000,Normal
8054,p5_11_fixture_sku_74bfff397d9d4746,P5-11 Fixture Product,,,True,0.000,0.000,OutOfStock
8055,p5_11_fixture_sku_c751b6bd5b3c4ee4,P5-11 Fixture Product,,,True,0.000,0.000,OutOfStock
8299,p5_11_fixture_sku_5b9fbeabce2a4dc1,P5-11 Fixture Product,,,True,0.000,0.000,OutOfStock
8300,p5_11_fixture_sku_deb673bcbe764ecc,P5-11 Fixture Product,,,True,5.000,0.000,Normal
8301,p5_11_fixture_sku_7ba6fd9e85da46b9,P5-11 Fixture Product,,,True,0.000,0.000,OutOfStock
8302,p5_11_fixture_sku_5188764e0fe14532,P5-11 Fixture Product,,,True,2.000,0.000,Normal
8303,p5_11_fixture_sku_bf03cd7649134854,P5-11 Fixture Product,,,True,2.000,0.000,Normal
8304,p5_11_fixture_sku_bf11d5548d544edb,P5-11 Fixture Product,,,True,4.000,0.000,Normal
8305,p5_11_fixture_sku_5787551d920c41cf,P5-11 Fixture Product,,,True,2.000,0.000,Normal
8306,p5_11_fixture_sku_c07e4c4ef2484400,P5-11 Fixture Product,,,True,2.000,0.000,Normal
8307,p5_11_fixture_sku_ebc67edee0a246c2,P5-11 Fixture Product,,,True,0.000,0.000,OutOfStock
8308,p5_11_fixture_sku_e109bb86120e4119,P5-11 Fixture Product,,,True,0.000,0.000,OutOfStock
8309,p5_11_fixture_sku_8485736f9adf40a1,P5-11 Fixture Product,,,True,2.000,0.000,Normal
8310,p5_11_fixture_sku_faaa6dddc07f4e80,P5-11 Fixture Product,,,True,0.000,0.000,OutOfStock
8311,p5_11_fixture_sku_dd4bbb5ba8294194,P5-11 Fixture Product,,,True,0.000,0.000,OutOfStock
8555,p5_11_fixture_sku_580186b2bb6b45f6,P5-11 Fixture Product,,,True,0.000,0.000,OutOfStock
8556,p5_11_fixture_sku_78c6fd7f6cd0478e,P5-11 Fixture Product,,,True,5.000,0.000,Normal
8557,p5_11_fixture_sku_3867c1ca06b0488c,P5-11 Fixture Product,,,True,0.000,0.000,OutOfStock
8558,p5_11_fixture_sku_b888cac40b844a3c,P5-11 Fixture Product,,,True,2.000,0.000,Normal
8559,p5_11_fixture_sku_6783ae357f934dd0,P5-11 Fixture Product,,,True,2.000,0.000,Normal
8560,p5_11_fixture_sku_866123e4b81c46bb,P5-11 Fixture Product,,,True,4.000,0.000,Normal
8561,p5_11_fixture_sku_2c1f892331894718,P5-11 Fixture Product,,,True,2.000,0.000,Normal
8562,p5_11_fixture_sku_1cb8d66276d04d40,P5-11 Fixture Product,,,True,2.000,0.000,Normal
8563,p5_11_fixture_sku_226c23fb6bbc4982,P5-11 Fixture Product,,,True,0.000,0.000,OutOfStock
8564,p5_11_fixture_sku_ec9880d2b0a742fb,P5-11 Fixture Product,,,True,0.000,0.000,OutOfStock
8565,p5_11_fixture_sku_3abdc726c1ea4ec5,P5-11 Fixture Product,,,True,2.000,0.000,Normal
8566,p5_11_fixture_sku_d5685a557f4441a4,P5-11 Fixture Product,,,True,0.000,0.000,OutOfStock
8567,p5_11_fixture_sku_de8f37955dab4462,P5-11 Fixture Product,,,True,0.000,0.000,OutOfStock
8811,p5_11_fixture_sku_8b54600d65f6465c,P5-11 Fixture Product,,,True,0.000,0.000,OutOfStock
8812,p5_11_fixture_sku_e9fa3f15e0f6461e,P5-11 Fixture Product,,,True,5.000,0.000,Normal
8813,p5_11_fixture_sku_4fff5a3cd7e7400f,P5-11 Fixture Product,,,True,0.000,0.000,OutOfStock
8814,p5_11_fixture_sku_a773c73050484701,P5-11 Fixture Product,,,True,2.000,0.000,Normal
8815,p5_11_fixture_sku_e1f80ad907bd4b2b,P5-11 Fixture Product,,,True,2.000,0.000,Normal
8816,p5_11_fixture_sku_8cbaa47d96964320,P5-11 Fixture Product,,,True,4.000,0.000,Normal
8817,p5_11_fixture_sku_75d31777e11c4166,P5-11 Fixture Product,,,True,2.000,0.000,Normal
8818,p5_11_fixture_sku_85cf833252be4aef,P5-11 Fixture Product,,,True,2.000,0.000,Normal
8819,p5_11_fixture_sku_46b750391f914f08,P5-11 Fixture Product,,,True,0.000,0.000,OutOfStock
8820,p5_11_fixture_sku_bc9e487c70704b31,P5-11 Fixture Product,,,True,0.000,0.000,OutOfStock
8821,p5_11_fixture_sku_e4f36bc1eeab4b7b,P5-11 Fixture Product,,,True,2.000,0.000,Normal
8822,p5_11_fixture_sku_a0328cd288504357,P5-11 Fixture Product,,,True,0.000,0.000,OutOfStock
8823,p5_11_fixture_sku_a959ca20d3684741,P5-11 Fixture Product,,,True,0.000,0.000,OutOfStock
9067,p5_11_fixture_sku_eefc8b820a5341bd,P5-11 Fixture Product,,,True,0.000,0.000,OutOfStock
9068,p5_11_fixture_sku_a490fbbe9a7b4339,P5-11 Fixture Product,,,True,5.000,0.000,Normal
9069,p5_11_fixture_sku_00b0624ea0514980,P5-11 Fixture Product,,,True,0.000,0.000,OutOfStock
9070,p5_11_fixture_sku_a83949ba2f4b4314,P5-11 Fixture Product,,,True,2.000,0.000,Normal
9071,p5_11_fixture_sku_4cf9ace18b104740,P5-11 Fixture Product,,,True,2.000,0.000,Normal
9072,p5_11_fixture_sku_cc8b609253af4dd8,P5-11 Fixture Product,,,True,4.000,0.000,Normal
9073,p5_11_fixture_sku_24270fd3bbc6435a,P5-11 Fixture Product,,,True,2.000,0.000,Normal
9074,p5_11_fixture_sku_4022d33e3b884fa2,P5-11 Fixture Product,,,True,2.000,0.000,Normal
9075,p5_11_fixture_sku_470299674c964590,P5-11 Fixture Product,,,True,0.000,0.000,OutOfStock
9076,p5_11_fixture_sku_be521ea5011947b8,P5-11 Fixture Product,,,True,0.000,0.000,OutOfStock
9077,p5_11_fixture_sku_a4dbb06c3ebc461d,P5-11 Fixture Product,,,True,2.000,0.000,Normal
9078,p5_11_fixture_sku_49dc17dd67844ab9,P5-11 Fixture Product,,,True,0.000,0.000,OutOfStock
9079,p5_11_fixture_sku_0151ffc0a2524214,P5-11 Fixture Product,,,True,0.000,0.000,OutOfStock
9323,p5_11_fixture_sku_0f8329195ea54632,P5-11 Fixture Product,,,True,0.000,0.000,OutOfStock
9324,p5_11_fixture_sku_090ce1ea0a8544c4,P5-11 Fixture Product,,,True,5.000,0.000,Normal
9325,p5_11_fixture_sku_19ae2976aef94601,P5-11 Fixture Product,,,True,0.000,0.000,OutOfStock
9326,p5_11_fixture_sku_496322b5b17c4df7,P5-11 Fixture Product,,,True,2.000,0.000,Normal
9327,p5_11_fixture_sku_1b7e94804cb34fc3,P5-11 Fixture Product,,,True,2.000,0.000,Normal
9328,p5_11_fixture_sku_1cc3e72a20c04c87,P5-11 Fixture Product,,,True,4.000,0.000,Normal
9329,p5_11_fixture_sku_8a66086bff4440b9,P5-11 Fixture Product,,,True,2.000,0.000,Normal
9330,p5_11_fixture_sku_d5eedd23a8b44926,P5-11 Fixture Product,,,True,2.000,0.000,Normal
9331,p5_11_fixture_sku_e1a002cc901648b1,P5-11 Fixture Product,,,True,0.000,0.000,OutOfStock
9332,p5_11_fixture_sku_a6bb54ce4cd843ff,P5-11 Fixture Product,,,True,0.000,0.000,OutOfStock
9333,p5_11_fixture_sku_6e0001732bcc4548,P5-11 Fixture Product,,,True,2.000,0.000,Normal
9334,p5_11_fixture_sku_81043baca31e4909,P5-11 Fixture Product,,,True,0.000,0.000,OutOfStock
9335,p5_11_fixture_sku_f97885f1ee1a42f4,P5-11 Fixture Product,,,True,0.000,0.000,OutOfStock
9596,p5_11_fixture_sku_226b34b8264649db,P5-11 Fixture Product,,,True,0.000,0.000,OutOfStock
9597,p5_11_fixture_sku_ba375f200ad045ee,P5-11 Fixture Product,,,True,5.000,0.000,Normal
9598,p5_11_fixture_sku_7d80eb8b03424ffe,P5-11 Fixture Product,,,True,0.000,0.000,OutOfStock
9599,p5_11_fixture_sku_94ed1420e67f4e85,P5-11 Fixture Product,,,True,2.000,0.000,Normal
9600,p5_11_fixture_sku_6a32142f191141a7,P5-11 Fixture Product,,,True,2.000,0.000,Normal
9601,p5_11_fixture_sku_cd1e4b7517674104,P5-11 Fixture Product,,,True,4.000,0.000,Normal
9602,p5_11_fixture_sku_77f8184a43c94ad4,P5-11 Fixture Product,,,True,2.000,0.000,Normal
9603,p5_11_fixture_sku_a9eb6db70ce843a3,P5-11 Fixture Product,,,True,2.000,0.000,Normal
9604,p5_11_fixture_sku_d41a864cbdb34129,P5-11 Fixture Product,,,True,0.000,0.000,OutOfStock
9605,p5_11_fixture_sku_e7ace07c638244e9,P5-11 Fixture Product,,,True,0.000,0.000,OutOfStock
9606,p5_11_fixture_sku_e55c2a22587447c9,P5-11 Fixture Product,,,True,2.000,0.000,Normal
9607,p5_11_fixture_sku_73bd21e404e24d40,P5-11 Fixture Product,,,True,0.000,0.000,OutOfStock
9608,p5_11_fixture_sku_8653187aac6e4a90,P5-11 Fixture Product,,,True,0.000,0.000,OutOfStock
9852,p5_11_fixture_sku_175b6bc238824412,P5-11 Fixture Product,,,True,0.000,0.000,OutOfStock
9853,p5_11_fixture_sku_3dc86f710ca141c8,P5-11 Fixture Product,,,True,5.000,0.000,Normal
9854,p5_11_fixture_sku_76ce30cdc169455f,P5-11 Fixture Product,,,True,0.000,0.000,OutOfStock
9855,p5_11_fixture_sku_427cf843bc734fd1,P5-11 Fixture Product,,,True,2.000,0.000,Normal
9856,p5_11_fixture_sku_df53385f77904e75,P5-11 Fixture Product,,,True,2.000,0.000,Normal
9857,p5_11_fixture_sku_ff2609abc20f4b35,P5-11 Fixture Product,,,True,4.000,0.000,Normal
9858,p5_11_fixture_sku_321474b65a034a9c,P5-11 Fixture Product,,,True,2.000,0.000,Normal
9859,p5_11_fixture_sku_5d26f265b7224915,P5-11 Fixture Product,,,True,2.000,0.000,Normal
9860,p5_11_fixture_sku_a5cdc94fca904bc9,P5-11 Fixture Product,,,True,0.000,0.000,OutOfStock
9861,p5_11_fixture_sku_8c9bd56721c14f18,P5-11 Fixture Product,,,True,0.000,0.000,OutOfStock
9862,p5_11_fixture_sku_36c526e80ece48f2,P5-11 Fixture Product,,,True,2.000,0.000,Normal
9863,p5_11_fixture_sku_2366b3985e6346b0,P5-11 Fixture Product,,,True,0.000,0.000,OutOfStock
9864,p5_11_fixture_sku_9529d0a26d024081,P5-11 Fixture Product,,,True,0.000,0.000,OutOfStock
10113,p5_11_fixture_sku_a14e404b815c4e24,P5-11 Fixture Product,,,True,0.000,0.000,OutOfStock
10114,p5_11_fixture_sku_3faab3d710a34fe1,P5-11 Fixture Product,,,True,5.000,0.000,Normal
10115,p5_11_fixture_sku_8e8b50fcb180460f,P5-11 Fixture Product,,,True,0.000,0.000,OutOfStock
10116,p5_11_fixture_sku_1938bcc506aa44ec,P5-11 Fixture Product,,,True,2.000,0.000,Normal
10117,p5_11_fixture_sku_1f2d29e4942a4123,P5-11 Fixture Product,,,True,2.000,0.000,Normal
10118,p5_11_fixture_sku_45b0567029264e8e,P5-11 Fixture Product,,,True,4.000,0.000,Normal
10119,p5_11_fixture_sku_683c39c7418a4c13,P5-11 Fixture Product,,,True,2.000,0.000,Normal
10120,p5_11_fixture_sku_3d5174b2467041df,P5-11 Fixture Product,,,True,2.000,0.000,Normal
10121,p5_11_fixture_sku_beea71767b0545ce,P5-11 Fixture Product,,,True,0.000,0.000,OutOfStock
10122,p5_11_fixture_sku_5d8089a21e6a43db,P5-11 Fixture Product,,,True,0.000,0.000,OutOfStock
10123,p5_11_fixture_sku_717941a6e961429c,P5-11 Fixture Product,,,True,2.000,0.000,Normal
10124,p5_11_fixture_sku_6012a59a21224a26,P5-11 Fixture Product,,,True,0.000,0.000,OutOfStock
10125,p5_11_fixture_sku_772177eeee4d45bc,P5-11 Fixture Product,,,True,0.000,0.000,OutOfStock
10379,p5_11_fixture_sku_b1a3ffe702764fd1,P5-11 Fixture Product,,,True,0.000,0.000,OutOfStock
10380,p5_11_fixture_sku_10e0b74c59f9429b,P5-11 Fixture Product,,,True,5.000,0.000,Normal
10381,p5_11_fixture_sku_64cf5b039e4240a1,P5-11 Fixture Product,,,True,0.000,0.000,OutOfStock
10382,p5_11_fixture_sku_605b3a26b7074ff6,P5-11 Fixture Product,,,True,2.000,0.000,Normal
10383,p5_11_fixture_sku_28174533f5744f6c,P5-11 Fixture Product,,,True,2.000,0.000,Normal
10384,p5_11_fixture_sku_118c712576c74c8a,P5-11 Fixture Product,,,True,4.000,0.000,Normal
10385,p5_11_fixture_sku_4e9f85f501994190,P5-11 Fixture Product,,,True,2.000,0.000,Normal
10386,p5_11_fixture_sku_8bac5ca669974eb3,P5-11 Fixture Product,,,True,2.000,0.000,Normal
10387,p5_11_fixture_sku_70c1a08fb130482a,P5-11 Fixture Product,,,True,0.000,0.000,OutOfStock
10388,p5_11_fixture_sku_bbb7c2595b2d4a8e,P5-11 Fixture Product,,,True,0.000,0.000,OutOfStock
10389,p5_11_fixture_sku_a7de803157734021,P5-11 Fixture Product,,,True,2.000,0.000,Normal
10390,p5_11_fixture_sku_a75063c915c04309,P5-11 Fixture Product,,,True,0.000,0.000,OutOfStock
10391,p5_11_fixture_sku_fa4d5f4be4774d8e,P5-11 Fixture Product,,,True,0.000,0.000,OutOfStock
10658,p5_11_fixture_sku_f369a1241b2141db,P5-11 Fixture Product,,,True,0.000,0.000,OutOfStock
10659,p5_11_fixture_sku_cebd1f698cd74302,P5-11 Fixture Product,,,True,5.000,0.000,Normal
10660,p5_11_fixture_sku_9878d721ac5d4811,P5-11 Fixture Product,,,True,0.000,0.000,OutOfStock
10661,p5_11_fixture_sku_c4b6e1b2393b4aa2,P5-11 Fixture Product,,,True,2.000,0.000,Normal
10662,p5_11_fixture_sku_3ca67cb20c3a4b1e,P5-11 Fixture Product,,,True,2.000,0.000,Normal
10663,p5_11_fixture_sku_bca96a24ee1d4684,P5-11 Fixture Product,,,True,4.000,0.000,Normal
10664,p5_11_fixture_sku_952d354cf50c4041,P5-11 Fixture Product,,,True,2.000,0.000,Normal
10665,p5_11_fixture_sku_89491cfe162a4f48,P5-11 Fixture Product,,,True,2.000,0.000,Normal
10666,p5_11_fixture_sku_f080d31eaffc4878,P5-11 Fixture Product,,,True,0.000,0.000,OutOfStock
10667,p5_11_fixture_sku_4a66e753f5ca4a54,P5-11 Fixture Product,,,True,0.000,0.000,OutOfStock
10668,p5_11_fixture_sku_b96836377f574e0f,P5-11 Fixture Product,,,True,2.000,0.000,Normal
10669,p5_11_fixture_sku_99ee8fe8698a4340,P5-11 Fixture Product,,,True,0.000,0.000,OutOfStock
10670,p5_11_fixture_sku_02e5909213584746,P5-11 Fixture Product,,,True,0.000,0.000,OutOfStock
10925,p5_11_fixture_sku_c538992020194077,P5-11 Fixture Product,,,True,0.000,0.000,OutOfStock
10926,p5_11_fixture_sku_f317dc09682a49a0,P5-11 Fixture Product,,,True,5.000,0.000,Normal
10927,p5_11_fixture_sku_aa63082f21374862,P5-11 Fixture Product,,,True,0.000,0.000,OutOfStock
10928,p5_11_fixture_sku_b564c18b62344aeb,P5-11 Fixture Product,,,True,2.000,0.000,Normal
10929,p5_11_fixture_sku_c7c7e8a64f8b4337,P5-11 Fixture Product,,,True,2.000,0.000,Normal
10930,p5_11_fixture_sku_9df892e7833f40ec,P5-11 Fixture Product,,,True,4.000,0.000,Normal
10931,p5_11_fixture_sku_6a6a0c1bff3e4368,P5-11 Fixture Product,,,True,2.000,0.000,Normal
10932,p5_11_fixture_sku_01cd103e7c684fa0,P5-11 Fixture Product,,,True,2.000,0.000,Normal
10933,p5_11_fixture_sku_c680acb0a7094ff5,P5-11 Fixture Product,,,True,0.000,0.000,OutOfStock
10934,p5_11_fixture_sku_78f84cbfb52f4863,P5-11 Fixture Product,,,True,0.000,0.000,OutOfStock
10935,p5_11_fixture_sku_a5bb479ca1074b19,P5-11 Fixture Product,,,True,2.000,0.000,Normal
10936,p5_11_fixture_sku_f80c0981ebe64b7a,P5-11 Fixture Product,,,True,0.000,0.000,OutOfStock
10937,p5_11_fixture_sku_3adbdb122dbc47a1,P5-11 Fixture Product,,,True,0.000,0.000,OutOfStock
11203,p5_11_fixture_sku_04e1b8fd2a364031,P5-11 Fixture Product,,,True,0.000,0.000,OutOfStock
11204,p5_11_fixture_sku_593a928ba6a64fea,P5-11 Fixture Product,,,True,5.000,0.000,Normal
11205,p5_11_fixture_sku_94bdd135c6a74ec6,P5-11 Fixture Product,,,True,0.000,0.000,OutOfStock
11206,p5_11_fixture_sku_25656b7b0d874c14,P5-11 Fixture Product,,,True,2.000,0.000,Normal
11207,p5_11_fixture_sku_d41d831c5a544a30,P5-11 Fixture Product,,,True,2.000,0.000,Normal
11208,p5_11_fixture_sku_3188317157f145c1,P5-11 Fixture Product,,,True,4.000,0.000,Normal
11209,p5_11_fixture_sku_40812a41b29747f4,P5-11 Fixture Product,,,True,2.000,0.000,Normal
11210,p5_11_fixture_sku_f7d67bbc9c284390,P5-11 Fixture Product,,,True,2.000,0.000,Normal
11211,p5_11_fixture_sku_1ee21ba2baef444a,P5-11 Fixture Product,,,True,0.000,0.000,OutOfStock
11212,p5_11_fixture_sku_da42182c3a544007,P5-11 Fixture Product,,,True,0.000,0.000,OutOfStock
11213,p5_11_fixture_sku_50c358b776e7474c,P5-11 Fixture Product,,,True,2.000,0.000,Normal
11214,p5_11_fixture_sku_0834ba43ff5a4d98,P5-11 Fixture Product,,,True,0.000,0.000,OutOfStock
11215,p5_11_fixture_sku_059d247f109147b7,P5-11 Fixture Product,,,True,0.000,0.000,OutOfStock
11470,p5_11_fixture_sku_1b355344c3054e03,P5-11 Fixture Product,,,True,0.000,0.000,OutOfStock
11471,p5_11_fixture_sku_346c27bb15c54177,P5-11 Fixture Product,,,True,5.000,0.000,Normal
11472,p5_11_fixture_sku_77df1e50c54c41fc,P5-11 Fixture Product,,,True,0.000,0.000,OutOfStock
11473,p5_11_fixture_sku_9621a4aa16024ff2,P5-11 Fixture Product,,,True,2.000,0.000,Normal
11474,p5_11_fixture_sku_eefd259db5364a05,P5-11 Fixture Product,,,True,2.000,0.000,Normal
11475,p5_11_fixture_sku_87b0dd1938f54421,P5-11 Fixture Product,,,True,4.000,0.000,Normal
11476,p5_11_fixture_sku_39901cefd582412b,P5-11 Fixture Product,,,True,2.000,0.000,Normal
11477,p5_11_fixture_sku_37305a16ec0b431b,P5-11 Fixture Product,,,True,2.000,0.000,Normal
11478,p5_11_fixture_sku_e2bda691fdea4365,P5-11 Fixture Product,,,True,0.000,0.000,OutOfStock
11479,p5_11_fixture_sku_b5e7b737b5a246c1,P5-11 Fixture Product,,,True,0.000,0.000,OutOfStock
11480,p5_11_fixture_sku_302b6d54c0a24ade,P5-11 Fixture Product,,,True,2.000,0.000,Normal
11481,p5_11_fixture_sku_10cbdc0709e14ee5,P5-11 Fixture Product,,,True,0.000,0.000,OutOfStock
11482,p5_11_fixture_sku_df4baa5a4402477f,P5-11 Fixture Product,,,True,0.000,0.000,OutOfStock
11737,p5_11_fixture_sku_8d7362b03d22456d,P5-11 Fixture Product,,,True,0.000,0.000,OutOfStock
11738,p5_11_fixture_sku_410d68cbc602432f,P5-11 Fixture Product,,,True,5.000,0.000,Normal
11739,p5_11_fixture_sku_c86e673179ab4db7,P5-11 Fixture Product,,,True,0.000,0.000,OutOfStock
11740,p5_11_fixture_sku_0c12df92668b4cfb,P5-11 Fixture Product,,,True,2.000,0.000,Normal
11741,p5_11_fixture_sku_07e4cdcde6624cd8,P5-11 Fixture Product,,,True,2.000,0.000,Normal
11742,p5_11_fixture_sku_92deea31fa274b50,P5-11 Fixture Product,,,True,4.000,0.000,Normal
11743,p5_11_fixture_sku_7a82bf62138f4201,P5-11 Fixture Product,,,True,2.000,0.000,Normal
11744,p5_11_fixture_sku_813525548ea84989,P5-11 Fixture Product,,,True,2.000,0.000,Normal
11745,p5_11_fixture_sku_36d1d3af130945a6,P5-11 Fixture Product,,,True,0.000,0.000,OutOfStock
11746,p5_11_fixture_sku_a42c3e98da6c4d7d,P5-11 Fixture Product,,,True,0.000,0.000,OutOfStock
11747,p5_11_fixture_sku_55940732a48c4019,P5-11 Fixture Product,,,True,2.000,0.000,Normal
11748,p5_11_fixture_sku_92b54901be0546eb,P5-11 Fixture Product,,,True,0.000,0.000,OutOfStock
11749,p5_11_fixture_sku_6a2486b150c941a1,P5-11 Fixture Product,,,True,0.000,0.000,OutOfStock
12007,p5_11_fixture_sku_f68669fdae374ace,P5-11 Fixture Product,,,True,0.000,0.000,OutOfStock
12008,p5_11_fixture_sku_f056c813ba994d54,P5-11 Fixture Product,,,True,5.000,0.000,Normal
12009,p5_11_fixture_sku_a125c6f13374498e,P5-11 Fixture Product,,,True,0.000,0.000,OutOfStock
12010,p5_11_fixture_sku_9a1e35fdd0224bf4,P5-11 Fixture Product,,,True,2.000,0.000,Normal
12011,p5_11_fixture_sku_92f5582f17f04295,P5-11 Fixture Product,,,True,2.000,0.000,Normal
12012,p5_11_fixture_sku_80194502defd4203,P5-11 Fixture Product,,,True,4.000,0.000,Normal
12013,p5_11_fixture_sku_38ebfaad4e504772,P5-11 Fixture Product,,,True,2.000,0.000,Normal
12014,p5_11_fixture_sku_d42f01466be24af4,P5-11 Fixture Product,,,True,2.000,0.000,Normal
12015,p5_11_fixture_sku_f3221a5aab8946e3,P5-11 Fixture Product,,,True,0.000,0.000,OutOfStock
12016,p5_11_fixture_sku_a4fca68e7e334753,P5-11 Fixture Product,,,True,0.000,0.000,OutOfStock
12017,p5_11_fixture_sku_7ecfec7b2900449e,P5-11 Fixture Product,,,True,2.000,0.000,Normal
12018,p5_11_fixture_sku_7f924b6bb80c454c,P5-11 Fixture Product,,,True,0.000,0.000,OutOfStock
12019,p5_11_fixture_sku_55bd6574bb604415,P5-11 Fixture Product,,,True,0.000,0.000,OutOfStock
12277,p5_11_fixture_sku_899e953ccc264f69,P5-11 Fixture Product,,,True,0.000,0.000,OutOfStock
12278,p5_11_fixture_sku_0826f0574e984301,P5-11 Fixture Product,,,True,5.000,0.000,Normal
12279,p5_11_fixture_sku_3c6ae5c851224ac0,P5-11 Fixture Product,,,True,0.000,0.000,OutOfStock
12280,p5_11_fixture_sku_b03dfe88e92e47b5,P5-11 Fixture Product,,,True,2.000,0.000,Normal
12281,p5_11_fixture_sku_8d1f3dd6aef04001,P5-11 Fixture Product,,,True,2.000,0.000,Normal
12282,p5_11_fixture_sku_63c7e897b59f4850,P5-11 Fixture Product,,,True,4.000,0.000,Normal
12283,p5_11_fixture_sku_d35c83d07efb4058,P5-11 Fixture Product,,,True,2.000,0.000,Normal
12284,p5_11_fixture_sku_13d7e28e70654a72,P5-11 Fixture Product,,,True,2.000,0.000,Normal
12285,p5_11_fixture_sku_1568e3af0520451c,P5-11 Fixture Product,,,True,0.000,0.000,OutOfStock
12286,p5_11_fixture_sku_aa7e89d66b0547e2,P5-11 Fixture Product,,,True,0.000,0.000,OutOfStock
12287,p5_11_fixture_sku_063252359e394e0f,P5-11 Fixture Product,,,True,2.000,0.000,Normal
12288,p5_11_fixture_sku_461b2476f43049ae,P5-11 Fixture Product,,,True,0.000,0.000,OutOfStock
12289,p5_11_fixture_sku_007f4236eb284688,P5-11 Fixture Product,,,True,0.000,0.000,OutOfStock
12557,p5_11_fixture_sku_812ef0b2fd474630,P5-11 Fixture Product,,,True,0.000,0.000,OutOfStock
12558,p5_11_fixture_sku_63bdd47d3fce4f0e,P5-11 Fixture Product,,,True,5.000,0.000,Normal
12559,p5_11_fixture_sku_65e05cc420364f49,P5-11 Fixture Product,,,True,0.000,0.000,OutOfStock
12560,p5_11_fixture_sku_8c1ffb926c1c4a43,P5-11 Fixture Product,,,True,2.000,0.000,Normal
12561,p5_11_fixture_sku_431fdc9273f4401c,P5-11 Fixture Product,,,True,2.000,0.000,Normal
12562,p5_11_fixture_sku_e9815cee581f4660,P5-11 Fixture Product,,,True,4.000,0.000,Normal
12563,p5_11_fixture_sku_54d63e29cabd4917,P5-11 Fixture Product,,,True,2.000,0.000,Normal
12564,p5_11_fixture_sku_cd8e2521546c4025,P5-11 Fixture Product,,,True,2.000,0.000,Normal
12565,p5_11_fixture_sku_5f38c97cffb84f98,P5-11 Fixture Product,,,True,0.000,0.000,OutOfStock
12566,p5_11_fixture_sku_dbf093c631894858,P5-11 Fixture Product,,,True,0.000,0.000,OutOfStock
12567,p5_11_fixture_sku_49dec1ba90644cf2,P5-11 Fixture Product,,,True,2.000,0.000,Normal
12568,p5_11_fixture_sku_348b17996b824fde,P5-11 Fixture Product,,,True,0.000,0.000,OutOfStock
12569,p5_11_fixture_sku_8194304d6b8c42b8,P5-11 Fixture Product,,,True,0.000,0.000,OutOfStock
12837,p5_11_fixture_sku_a7ee804bcf184a5e,P5-11 Fixture Product,,,True,0.000,0.000,OutOfStock
12838,p5_11_fixture_sku_c308b4e446a544d1,P5-11 Fixture Product,,,True,5.000,0.000,Normal
12839,p5_11_fixture_sku_e6f90db982244d1b,P5-11 Fixture Product,,,True,0.000,0.000,OutOfStock
12840,p5_11_fixture_sku_8897018c7ec54b0d,P5-11 Fixture Product,,,True,2.000,0.000,Normal
12841,p5_11_fixture_sku_592c98d1a37147cb,P5-11 Fixture Product,,,True,2.000,0.000,Normal
12842,p5_11_fixture_sku_e8fd12e76a594676,P5-11 Fixture Product,,,True,4.000,0.000,Normal
12843,p5_11_fixture_sku_557462d46ac945bf,P5-11 Fixture Product,,,True,2.000,0.000,Normal
12844,p5_11_fixture_sku_2ffbfaabcc6046ae,P5-11 Fixture Product,,,True,2.000,0.000,Normal
12845,p5_11_fixture_sku_6761d2edaa2d444e,P5-11 Fixture Product,,,True,0.000,0.000,OutOfStock
12846,p5_11_fixture_sku_6afb6fca81b74c43,P5-11 Fixture Product,,,True,0.000,0.000,OutOfStock
12847,p5_11_fixture_sku_3ee13ee205954562,P5-11 Fixture Product,,,True,2.000,0.000,Normal
12848,p5_11_fixture_sku_8498ed85827140a8,P5-11 Fixture Product,,,True,0.000,0.000,OutOfStock
12849,p5_11_fixture_sku_13cc6c0cf85d4f1e,P5-11 Fixture Product,,,True,0.000,0.000,OutOfStock
13117,p5_11_fixture_sku_caeb511880da4f18,P5-11 Fixture Product,,,True,0.000,0.000,OutOfStock
13118,p5_11_fixture_sku_a729028aa2234329,P5-11 Fixture Product,,,True,5.000,0.000,Normal
13119,p5_11_fixture_sku_d4d1733992ac44ba,P5-11 Fixture Product,,,True,0.000,0.000,OutOfStock
13120,p5_11_fixture_sku_5a4c4e04bdce4427,P5-11 Fixture Product,,,True,2.000,0.000,Normal
13121,p5_11_fixture_sku_bf71d018355b40a9,P5-11 Fixture Product,,,True,2.000,0.000,Normal
13122,p5_11_fixture_sku_5efd34ccc29c491d,P5-11 Fixture Product,,,True,4.000,0.000,Normal
13123,p5_11_fixture_sku_3e24c7b2c54c44c0,P5-11 Fixture Product,,,True,2.000,0.000,Normal
13124,p5_11_fixture_sku_2fc441e175a04e6e,P5-11 Fixture Product,,,True,2.000,0.000,Normal
13125,p5_11_fixture_sku_74ddb66c56e14d68,P5-11 Fixture Product,,,True,0.000,0.000,OutOfStock
13126,p5_11_fixture_sku_d5fcf070a3494e8a,P5-11 Fixture Product,,,True,0.000,0.000,OutOfStock
13127,p5_11_fixture_sku_d18e8f8519f14dcf,P5-11 Fixture Product,,,True,2.000,0.000,Normal
13128,p5_11_fixture_sku_563c148776c347a9,P5-11 Fixture Product,,,True,0.000,0.000,OutOfStock
13129,p5_11_fixture_sku_824a4e729f5a4337,P5-11 Fixture Product,,,True,0.000,0.000,OutOfStock
13397,p5_11_fixture_sku_d8fae82a29be4457,P5-11 Fixture Product,,,True,0.000,0.000,OutOfStock
13398,p5_11_fixture_sku_ddec5cd537504b5a,P5-11 Fixture Product,,,True,5.000,0.000,Normal
13399,p5_11_fixture_sku_f8abe57ca0d54e64,P5-11 Fixture Product,,,True,0.000,0.000,OutOfStock
13400,p5_11_fixture_sku_645da074b6e647d9,P5-11 Fixture Product,,,True,2.000,0.000,Normal
13401,p5_11_fixture_sku_caeb303eb8f84e8b,P5-11 Fixture Product,,,True,2.000,0.000,Normal
13402,p5_11_fixture_sku_e2dd27913a3a4cf5,P5-11 Fixture Product,,,True,4.000,0.000,Normal
13403,p5_11_fixture_sku_6159255715f64efa,P5-11 Fixture Product,,,True,2.000,0.000,Normal
13404,p5_11_fixture_sku_105308a3f7e64fd7,P5-11 Fixture Product,,,True,2.000,0.000,Normal
13405,p5_11_fixture_sku_268c44263b8644f3,P5-11 Fixture Product,,,True,0.000,0.000,OutOfStock
13406,p5_11_fixture_sku_e6081345afc44ab4,P5-11 Fixture Product,,,True,0.000,0.000,OutOfStock
13407,p5_11_fixture_sku_5039b11005514ea0,P5-11 Fixture Product,,,True,2.000,0.000,Normal
13408,p5_11_fixture_sku_eb279ef42af24867,P5-11 Fixture Product,,,True,0.000,0.000,OutOfStock
13409,p5_11_fixture_sku_97f93b10e08e4824,P5-11 Fixture Product,,,True,0.000,0.000,OutOfStock
13678,p5_11_fixture_sku_02c529c4ecec4115,P5-11 Fixture Product,,,True,0.000,0.000,OutOfStock
13679,p5_11_fixture_sku_933e398a646846bf,P5-11 Fixture Product,,,True,5.000,0.000,Normal
13680,p5_11_fixture_sku_8055aac6ad2e48b4,P5-11 Fixture Product,,,True,0.000,0.000,OutOfStock
13681,p5_11_fixture_sku_692d656b0f6f4467,P5-11 Fixture Product,,,True,2.000,0.000,Normal
13682,p5_11_fixture_sku_8da96826abbf4989,P5-11 Fixture Product,,,True,2.000,0.000,Normal
13683,p5_11_fixture_sku_af18c05f17374089,P5-11 Fixture Product,,,True,4.000,0.000,Normal
13684,p5_11_fixture_sku_a2ea95c9dcc14d8e,P5-11 Fixture Product,,,True,2.000,0.000,Normal
13685,p5_11_fixture_sku_c6460a4830ef458a,P5-11 Fixture Product,,,True,2.000,0.000,Normal
13686,p5_11_fixture_sku_6d2732c489c742d6,P5-11 Fixture Product,,,True,0.000,0.000,OutOfStock
13687,p5_11_fixture_sku_ef995ee5772d4977,P5-11 Fixture Product,,,True,0.000,0.000,OutOfStock
13688,p5_11_fixture_sku_80bb09c39d3345d2,P5-11 Fixture Product,,,True,2.000,0.000,Normal
13689,p5_11_fixture_sku_b25ba143a09f4894,P5-11 Fixture Product,,,True,0.000,0.000,OutOfStock
13690,p5_11_fixture_sku_d3eeeeb803f4419c,P5-11 Fixture Product,,,True,0.000,0.000,OutOfStock
13958,p5_11_fixture_sku_4ce734de3cd94018,P5-11 Fixture Product,,,True,0.000,0.000,OutOfStock
13959,p5_11_fixture_sku_d6c3bdff5bd846e3,P5-11 Fixture Product,,,True,5.000,0.000,Normal
13960,p5_11_fixture_sku_5ec6e7177c7d4241,P5-11 Fixture Product,,,True,0.000,0.000,OutOfStock
13961,p5_11_fixture_sku_c05d607c44034f9e,P5-11 Fixture Product,,,True,2.000,0.000,Normal
13962,p5_11_fixture_sku_8f429c59dfac44af,P5-11 Fixture Product,,,True,2.000,0.000,Normal
13963,p5_11_fixture_sku_3cc710f181104028,P5-11 Fixture Product,,,True,4.000,0.000,Normal
13964,p5_11_fixture_sku_204ebbc775e241e8,P5-11 Fixture Product,,,True,2.000,0.000,Normal
13965,p5_11_fixture_sku_b311d89637954d91,P5-11 Fixture Product,,,True,2.000,0.000,Normal
13966,p5_11_fixture_sku_2b69424693874cbf,P5-11 Fixture Product,,,True,0.000,0.000,OutOfStock
13967,p5_11_fixture_sku_264229a3fcdc4190,P5-11 Fixture Product,,,True,0.000,0.000,OutOfStock
13968,p5_11_fixture_sku_b236f7f25b6d4943,P5-11 Fixture Product,,,True,2.000,0.000,Normal
13969,p5_11_fixture_sku_926348ce4ea0443f,P5-11 Fixture Product,,,True,0.000,0.000,OutOfStock
13970,p5_11_fixture_sku_4700698c89124345,P5-11 Fixture Product,,,True,0.000,0.000,OutOfStock
10088,p6_02_fixture_sku_01656105e2e649e0,P6-02 Fixture Product,,,True,45.000,0.000,Normal
10089,p6_02_fixture_sku_dc21c7320dbf4d3f,P6-02 Fixture Product,,,True,45.000,0.000,Normal
10090,p6_02_fixture_sku_8b1395e7201648b3,P6-02 Fixture Product,,,True,47.000,0.000,Normal
10091,p6_02_fixture_sku_88d11e7b40224462,P6-02 Fixture Product,,,True,49.000,0.000,Normal
10092,p6_02_fixture_sku_3e6a9d27ebfc4431,P6-02 Fixture Product,,,True,8.000,0.000,Normal
10152,p6_02_fixture_sku_9616e501611b4471,P6-02 Fixture Product,,,True,45.000,0.000,Normal
10153,p6_02_fixture_sku_de8c416705bc4d02,P6-02 Fixture Product,,,True,45.000,0.000,Normal
10154,p6_02_fixture_sku_4d0c281969574576,P6-02 Fixture Product,,,True,47.000,0.000,Normal
10155,p6_02_fixture_sku_ef3b84a4beb645b7,P6-02 Fixture Product,,,True,49.000,0.000,Normal
10156,p6_02_fixture_sku_80860413685f4989,P6-02 Fixture Product,,,True,8.000,0.000,Normal
10354,p6_02_fixture_sku_049b0f6fba414841,P6-02 Fixture Product,,,True,45.000,0.000,Normal
10355,p6_02_fixture_sku_6725eab388484cb2,P6-02 Fixture Product,,,True,45.000,0.000,Normal
10356,p6_02_fixture_sku_ff7bef21e66940bb,P6-02 Fixture Product,,,True,47.000,0.000,Normal
10357,p6_02_fixture_sku_23ed5f5225914e63,P6-02 Fixture Product,,,True,49.000,0.000,Normal
10358,p6_02_fixture_sku_af44a4d58308466a,P6-02 Fixture Product,,,True,8.000,0.000,Normal
10633,p6_02_fixture_sku_eb20e5d4caa54bc9,P6-02 Fixture Product,,,True,45.000,0.000,Normal
10634,p6_02_fixture_sku_0fa9cd7cf4d74922,P6-02 Fixture Product,,,True,45.000,0.000,Normal
10635,p6_02_fixture_sku_1bbb6473196a4fdc,P6-02 Fixture Product,,,True,47.000,0.000,Normal
10636,p6_02_fixture_sku_85d4d2faaca84410,P6-02 Fixture Product,,,True,49.000,0.000,Normal
10637,p6_02_fixture_sku_5125a173fee84a3c,P6-02 Fixture Product,,,True,8.000,0.000,Normal
10900,p6_02_fixture_sku_e9bb6ed242d0472b,P6-02 Fixture Product,,,True,45.000,0.000,Normal
10901,p6_02_fixture_sku_7c4724358d9a4a89,P6-02 Fixture Product,,,True,45.000,0.000,Normal
10902,p6_02_fixture_sku_e0f7218064bc4ff7,P6-02 Fixture Product,,,True,47.000,0.000,Normal
10903,p6_02_fixture_sku_4aafa64e8b6e4fbb,P6-02 Fixture Product,,,True,49.000,0.000,Normal
10904,p6_02_fixture_sku_d21ad0d56e5d4942,P6-02 Fixture Product,,,True,8.000,0.000,Normal
10970,p6_02_fixture_sku_b34ff67715c24a1b,P6-02 Fixture Product,,,True,45.000,0.000,Normal
10971,p6_02_fixture_sku_bd41d64b664c438d,P6-02 Fixture Product,,,True,45.000,0.000,Normal
10972,p6_02_fixture_sku_955c7014bfbe4c38,P6-02 Fixture Product,,,True,47.000,0.000,Normal
10973,p6_02_fixture_sku_d46d04bab3da4023,P6-02 Fixture Product,,,True,49.000,0.000,Normal
10974,p6_02_fixture_sku_a331a93b94d04920,P6-02 Fixture Product,,,True,8.000,0.000,Normal
11178,p6_02_fixture_sku_3589dad6309a46eb,P6-02 Fixture Product,,,True,45.000,0.000,Normal
11179,p6_02_fixture_sku_1c5d10ee98bc4bcd,P6-02 Fixture Product,,,True,45.000,0.000,Normal
11180,p6_02_fixture_sku_98ba0078100d4795,P6-02 Fixture Product,,,True,47.000,0.000,Normal
11181,p6_02_fixture_sku_81b2d51453b04845,P6-02 Fixture Product,,,True,49.000,0.000,Normal
11182,p6_02_fixture_sku_05125bbdc0934f34,P6-02 Fixture Product,,,True,8.000,0.000,Normal
11445,p6_02_fixture_sku_797ab8df3ab0465d,P6-02 Fixture Product,,,True,45.000,0.000,Normal
11446,p6_02_fixture_sku_60ba275cc0be4a88,P6-02 Fixture Product,,,True,45.000,0.000,Normal
11447,p6_02_fixture_sku_73401dc2280743ab,P6-02 Fixture Product,,,True,47.000,0.000,Normal
11448,p6_02_fixture_sku_875110835cc84b2f,P6-02 Fixture Product,,,True,49.000,0.000,Normal
11449,p6_02_fixture_sku_a5cd6c22af954b24,P6-02 Fixture Product,,,True,8.000,0.000,Normal
11712,p6_02_fixture_sku_ab8191a84a8a49ba,P6-02 Fixture Product,,,True,45.000,0.000,Normal
11713,p6_02_fixture_sku_226a64fdc7e6413d,P6-02 Fixture Product,,,True,45.000,0.000,Normal
11714,p6_02_fixture_sku_46247f612db046a3,P6-02 Fixture Product,,,True,47.000,0.000,Normal
11715,p6_02_fixture_sku_e05558a1d6a14edd,P6-02 Fixture Product,,,True,49.000,0.000,Normal
11716,p6_02_fixture_sku_603f1943c93c48aa,P6-02 Fixture Product,,,True,8.000,0.000,Normal
11982,p6_02_fixture_sku_34be1acd7c554cb1,P6-02 Fixture Product,,,True,45.000,0.000,Normal
11983,p6_02_fixture_sku_b476d3871b584f0e,P6-02 Fixture Product,,,True,45.000,0.000,Normal
11984,p6_02_fixture_sku_13f8a28b82a04e07,P6-02 Fixture Product,,,True,47.000,0.000,Normal
11985,p6_02_fixture_sku_92cc93683989406a,P6-02 Fixture Product,,,True,49.000,0.000,Normal
11986,p6_02_fixture_sku_247f284830e0439b,P6-02 Fixture Product,,,True,8.000,0.000,Normal
12252,p6_02_fixture_sku_b8f1fdafc9424958,P6-02 Fixture Product,,,True,45.000,0.000,Normal
12253,p6_02_fixture_sku_dc88ccd8addf4d30,P6-02 Fixture Product,,,True,45.000,0.000,Normal
12254,p6_02_fixture_sku_037e712620594fc0,P6-02 Fixture Product,,,True,47.000,0.000,Normal
12255,p6_02_fixture_sku_4fa65b72d13c43ec,P6-02 Fixture Product,,,True,49.000,0.000,Normal
12256,p6_02_fixture_sku_8c7f95a85dab406d,P6-02 Fixture Product,,,True,8.000,0.000,Normal
12532,p6_02_fixture_sku_484c8c34f10248f7,P6-02 Fixture Product,,,True,45.000,0.000,Normal
12533,p6_02_fixture_sku_5de5e51d6a20447e,P6-02 Fixture Product,,,True,45.000,0.000,Normal
12534,p6_02_fixture_sku_6611ef87295748c5,P6-02 Fixture Product,,,True,47.000,0.000,Normal
12535,p6_02_fixture_sku_8cc218a828c34ccb,P6-02 Fixture Product,,,True,49.000,0.000,Normal
12536,p6_02_fixture_sku_4c62381d01cf4ab3,P6-02 Fixture Product,,,True,8.000,0.000,Normal
12812,p6_02_fixture_sku_e05735a6843a4319,P6-02 Fixture Product,,,True,45.000,0.000,Normal
12813,p6_02_fixture_sku_7c69913870834ba1,P6-02 Fixture Product,,,True,45.000,0.000,Normal
12814,p6_02_fixture_sku_f01ab98d5621409a,P6-02 Fixture Product,,,True,47.000,0.000,Normal
12815,p6_02_fixture_sku_a3e58cf569ca4e09,P6-02 Fixture Product,,,True,49.000,0.000,Normal
12816,p6_02_fixture_sku_5307e2c22842474e,P6-02 Fixture Product,,,True,8.000,0.000,Normal
13092,p6_02_fixture_sku_f5ffc750bdd84da6,P6-02 Fixture Product,,,True,45.000,0.000,Normal
13093,p6_02_fixture_sku_d500f283650b49a7,P6-02 Fixture Product,,,True,45.000,0.000,Normal
13094,p6_02_fixture_sku_580151cfde3c4b8a,P6-02 Fixture Product,,,True,47.000,0.000,Normal
13095,p6_02_fixture_sku_50e9f21d4fed4e79,P6-02 Fixture Product,,,True,49.000,0.000,Normal
13096,p6_02_fixture_sku_dbb68ad60ed64c57,P6-02 Fixture Product,,,True,8.000,0.000,Normal
13372,p6_02_fixture_sku_fe5f30bcde554344,P6-02 Fixture Product,,,True,45.000,0.000,Normal
13373,p6_02_fixture_sku_a00117cc311f4dd2,P6-02 Fixture Product,,,True,45.000,0.000,Normal
13374,p6_02_fixture_sku_c7bf0befa7104769,P6-02 Fixture Product,,,True,47.000,0.000,Normal
13375,p6_02_fixture_sku_4e40e835850f409c,P6-02 Fixture Product,,,True,49.000,0.000,Normal
13376,p6_02_fixture_sku_64dfe93ab02440fe,P6-02 Fixture Product,,,True,8.000,0.000,Normal
13653,p6_02_fixture_sku_9427093a162f47e6,P6-02 Fixture Product,,,True,45.000,0.000,Normal
13654,p6_02_fixture_sku_ed47dc6c41314bf3,P6-02 Fixture Product,,,True,45.000,0.000,Normal
13655,p6_02_fixture_sku_a264a060510a42c7,P6-02 Fixture Product,,,True,47.000,0.000,Normal
13656,p6_02_fixture_sku_e90e867d14d94ce0,P6-02 Fixture Product,,,True,49.000,0.000,Normal
13657,p6_02_fixture_sku_1319f7b9e8734bd3,P6-02 Fixture Product,,,True,8.000,0.000,Normal
13933,p6_02_fixture_sku_0ac61b0d77494d19,P6-02 Fixture Product,,,True,45.000,0.000,Normal
13934,p6_02_fixture_sku_842e672f53134ccc,P6-02 Fixture Product,,,True,45.000,0.000,Normal
13935,p6_02_fixture_sku_d30149f04ef54bb5,P6-02 Fixture Product,,,True,47.000,0.000,Normal
13936,p6_02_fixture_sku_bd2b30468b21413e,P6-02 Fixture Product,,,True,49.000,0.000,Normal
13937,p6_02_fixture_sku_9ab2b53eabae4963,P6-02 Fixture Product,,,True,8.000,0.000,Normal
10418,p6_03_fixture_sku_43682838462d4462,P6-03 Fixture Product,,,True,45.000,0.000,Normal
10419,p6_03_fixture_sku_1df9ef0962994b99,P6-03 Fixture Product,,,True,44.000,0.000,Normal
10420,p6_03_fixture_sku_d5ad04808b884187,P6-03 Fixture Product,,,True,49.000,0.000,Normal
10421,p6_03_fixture_sku_db07574297af4231,P6-03 Fixture Product,,,True,19.000,0.000,Normal
10422,p6_03_fixture_sku_e352d734f4304b88,P6-03 Fixture Product,,,True,19.000,0.000,Normal
10423,p6_03_fixture_sku_855030a5175c4036,P6-03 Fixture Product,,,True,18.000,0.000,Normal
10424,p6_03_fixture_sku_4343df6fb5884c04,P6-03 Fixture Product,,,True,45.000,0.000,Normal
10425,p6_03_fixture_sku_dc89d34909fd4ffb,P6-03 Fixture Product,,,True,44.000,0.000,Normal
10426,p6_03_fixture_sku_ae4cfdd9f781487a,P6-03 Fixture Product,,,True,49.000,0.000,Normal
10427,p6_03_fixture_sku_8381fa7805df4a68,P6-03 Fixture Product,,,True,19.000,0.000,Normal
10428,p6_03_fixture_sku_78ac9f1109f44e92,P6-03 Fixture Product,,,True,19.000,0.000,Normal
10429,p6_03_fixture_sku_09a2b0ce05ca45a0,P6-03 Fixture Product,,,True,18.000,0.000,Normal
10592,p6_03_fixture_sku_86bc00e631f54676,P6-03 Fixture Product,,,True,45.000,0.000,Normal
10593,p6_03_fixture_sku_0c3628eb01b74041,P6-03 Fixture Product,,,True,44.000,0.000,Normal
10594,p6_03_fixture_sku_eb95f512abf5446e,P6-03 Fixture Product,,,True,49.000,0.000,Normal
10595,p6_03_fixture_sku_ebc1b7aaecbe49cc,P6-03 Fixture Product,,,True,19.000,0.000,Normal
10596,p6_03_fixture_sku_d58b827b5f1742ee,P6-03 Fixture Product,,,True,19.000,0.000,Normal
10597,p6_03_fixture_sku_eb8ae59cf72149d4,P6-03 Fixture Product,,,True,18.000,0.000,Normal
10859,p6_03_fixture_sku_ea2a2da9c21144cb,P6-03 Fixture Product,,,True,45.000,0.000,Normal
10860,p6_03_fixture_sku_6f675b4bcbfc446d,P6-03 Fixture Product,,,True,44.000,0.000,Normal
10861,p6_03_fixture_sku_3500184355044f3a,P6-03 Fixture Product,,,True,49.000,0.000,Normal
10862,p6_03_fixture_sku_7921ba1326954ff3,P6-03 Fixture Product,,,True,19.000,0.000,Normal
10863,p6_03_fixture_sku_3882fa1cfdea4f36,P6-03 Fixture Product,,,True,19.000,0.000,Normal
10864,p6_03_fixture_sku_ebea8994aa184627,P6-03 Fixture Product,,,True,18.000,0.000,Normal
10964,p6_03_fixture_sku_792c94ee041f49d3,P6-03 Fixture Product,,,True,45.000,0.000,Normal
10965,p6_03_fixture_sku_51c6b44297c9460a,P6-03 Fixture Product,,,True,44.000,0.000,Normal
10966,p6_03_fixture_sku_737d1cccda9f40f3,P6-03 Fixture Product,,,True,49.000,0.000,Normal
10967,p6_03_fixture_sku_c06a9e093a8e430d,P6-03 Fixture Product,,,True,19.000,0.000,Normal
10968,p6_03_fixture_sku_40806d1a9f1b43a0,P6-03 Fixture Product,,,True,19.000,0.000,Normal
10969,p6_03_fixture_sku_b8c7794d35db4721,P6-03 Fixture Product,,,True,18.000,0.000,Normal
11137,p6_03_fixture_sku_1ef4d0b55bf24143,P6-03 Fixture Product,,,True,45.000,0.000,Normal
11138,p6_03_fixture_sku_ec166ba9c0ed4e5d,P6-03 Fixture Product,,,True,44.000,0.000,Normal
11139,p6_03_fixture_sku_91420121d7354ea4,P6-03 Fixture Product,,,True,49.000,0.000,Normal
11140,p6_03_fixture_sku_92e3aa44e11d4bd7,P6-03 Fixture Product,,,True,19.000,0.000,Normal
11141,p6_03_fixture_sku_e3c673558a8c4ea2,P6-03 Fixture Product,,,True,19.000,0.000,Normal
11142,p6_03_fixture_sku_1654e5216c0d4460,P6-03 Fixture Product,,,True,18.000,0.000,Normal
11404,p6_03_fixture_sku_cfaaa27dfcf54a2c,P6-03 Fixture Product,,,True,45.000,0.000,Normal
11405,p6_03_fixture_sku_aad7b1304b3848a7,P6-03 Fixture Product,,,True,44.000,0.000,Normal
11406,p6_03_fixture_sku_7f14dbc74f1d4a9a,P6-03 Fixture Product,,,True,49.000,0.000,Normal
11407,p6_03_fixture_sku_dcd55023946348da,P6-03 Fixture Product,,,True,19.000,0.000,Normal
11408,p6_03_fixture_sku_32127d22f0ad4fc6,P6-03 Fixture Product,,,True,19.000,0.000,Normal
11409,p6_03_fixture_sku_819a40df9401468e,P6-03 Fixture Product,,,True,18.000,0.000,Normal
11671,p6_03_fixture_sku_3aaf58a9863547fe,P6-03 Fixture Product,,,True,45.000,0.000,Normal
11672,p6_03_fixture_sku_e72db9231e2a460a,P6-03 Fixture Product,,,True,44.000,0.000,Normal
11673,p6_03_fixture_sku_7f898e52efec4127,P6-03 Fixture Product,,,True,49.000,0.000,Normal
11674,p6_03_fixture_sku_95786285cd464daf,P6-03 Fixture Product,,,True,19.000,0.000,Normal
11675,p6_03_fixture_sku_e42e70eac99946d2,P6-03 Fixture Product,,,True,19.000,0.000,Normal
11676,p6_03_fixture_sku_53fc5d43062a4356,P6-03 Fixture Product,,,True,18.000,0.000,Normal
11941,p6_03_fixture_sku_6d9345954e2846a0,P6-03 Fixture Product,,,True,45.000,0.000,Normal
11942,p6_03_fixture_sku_a778952ab2194ac9,P6-03 Fixture Product,,,True,44.000,0.000,Normal
11943,p6_03_fixture_sku_74ccfafda5454731,P6-03 Fixture Product,,,True,49.000,0.000,Normal
11944,p6_03_fixture_sku_b628b6a088574a2b,P6-03 Fixture Product,,,True,19.000,0.000,Normal
11945,p6_03_fixture_sku_21f1c9652b8a43c8,P6-03 Fixture Product,,,True,19.000,0.000,Normal
11946,p6_03_fixture_sku_01aaff0a2dad423a,P6-03 Fixture Product,,,True,18.000,0.000,Normal
12211,p6_03_fixture_sku_3116e6442d914253,P6-03 Fixture Product,,,True,45.000,0.000,Normal
12212,p6_03_fixture_sku_c5ec5a93b94f41cf,P6-03 Fixture Product,,,True,44.000,0.000,Normal
12213,p6_03_fixture_sku_595d436b6818405c,P6-03 Fixture Product,,,True,49.000,0.000,Normal
12214,p6_03_fixture_sku_eb2f8f512e3345f2,P6-03 Fixture Product,,,True,19.000,0.000,Normal
12215,p6_03_fixture_sku_801c37b11b564e61,P6-03 Fixture Product,,,True,19.000,0.000,Normal
12216,p6_03_fixture_sku_903776e624714d95,P6-03 Fixture Product,,,True,18.000,0.000,Normal
12491,p6_03_fixture_sku_4ee7db26f7f44576,P6-03 Fixture Product,,,True,45.000,0.000,Normal
12492,p6_03_fixture_sku_3fc2020384904e93,P6-03 Fixture Product,,,True,44.000,0.000,Normal
12493,p6_03_fixture_sku_473972943a7b40b8,P6-03 Fixture Product,,,True,49.000,0.000,Normal
12494,p6_03_fixture_sku_f766ddb93e054456,P6-03 Fixture Product,,,True,19.000,0.000,Normal
12495,p6_03_fixture_sku_a68590f9a8ca4bfa,P6-03 Fixture Product,,,True,19.000,0.000,Normal
12496,p6_03_fixture_sku_d98fa7619c564e44,P6-03 Fixture Product,,,True,18.000,0.000,Normal
12771,p6_03_fixture_sku_3e510ec07faa49c9,P6-03 Fixture Product,,,True,45.000,0.000,Normal
12772,p6_03_fixture_sku_8a3c51b6fc0f4b88,P6-03 Fixture Product,,,True,44.000,0.000,Normal
12773,p6_03_fixture_sku_ddd11dbb4f3b4878,P6-03 Fixture Product,,,True,49.000,0.000,Normal
12774,p6_03_fixture_sku_e9c497be4fe14bc0,P6-03 Fixture Product,,,True,19.000,0.000,Normal
12775,p6_03_fixture_sku_93842233d645480f,P6-03 Fixture Product,,,True,19.000,0.000,Normal
12776,p6_03_fixture_sku_c338555fbeef4a9a,P6-03 Fixture Product,,,True,18.000,0.000,Normal
13051,p6_03_fixture_sku_96c709a5dde04a5b,P6-03 Fixture Product,,,True,45.000,0.000,Normal
13052,p6_03_fixture_sku_3956ebf4ef604dd6,P6-03 Fixture Product,,,True,44.000,0.000,Normal
13053,p6_03_fixture_sku_c6ad6fb5967c4d05,P6-03 Fixture Product,,,True,49.000,0.000,Normal
13054,p6_03_fixture_sku_21cf3ec65ca0443c,P6-03 Fixture Product,,,True,19.000,0.000,Normal
13055,p6_03_fixture_sku_67959f59152847df,P6-03 Fixture Product,,,True,19.000,0.000,Normal
13056,p6_03_fixture_sku_cd652c26f5e24f76,P6-03 Fixture Product,,,True,18.000,0.000,Normal
13331,p6_03_fixture_sku_90588272402a4d32,P6-03 Fixture Product,,,True,45.000,0.000,Normal
13332,p6_03_fixture_sku_35a0dc3b320b4a70,P6-03 Fixture Product,,,True,44.000,0.000,Normal
13333,p6_03_fixture_sku_5e5b2d1556124d5f,P6-03 Fixture Product,,,True,49.000,0.000,Normal
13334,p6_03_fixture_sku_87c937a28dd24a09,P6-03 Fixture Product,,,True,19.000,0.000,Normal
13335,p6_03_fixture_sku_1af733580e694390,P6-03 Fixture Product,,,True,19.000,0.000,Normal
13336,p6_03_fixture_sku_e628a89cb11a4fc9,P6-03 Fixture Product,,,True,18.000,0.000,Normal
13612,p6_03_fixture_sku_40d47f6d18e241f2,P6-03 Fixture Product,,,True,45.000,0.000,Normal
13613,p6_03_fixture_sku_f0c87f7c62844e59,P6-03 Fixture Product,,,True,44.000,0.000,Normal
13614,p6_03_fixture_sku_e253aecc1d064572,P6-03 Fixture Product,,,True,49.000,0.000,Normal
13615,p6_03_fixture_sku_264420fab1994e91,P6-03 Fixture Product,,,True,19.000,0.000,Normal
13616,p6_03_fixture_sku_790e2aaf36e24c0e,P6-03 Fixture Product,,,True,19.000,0.000,Normal
13617,p6_03_fixture_sku_3238964a79924e10,P6-03 Fixture Product,,,True,18.000,0.000,Normal
13892,p6_03_fixture_sku_7249e8ec0a05439e,P6-03 Fixture Product,,,True,45.000,0.000,Normal
13893,p6_03_fixture_sku_aae63ecc831b4381,P6-03 Fixture Product,,,True,44.000,0.000,Normal
13894,p6_03_fixture_sku_52029c2bc47747b6,P6-03 Fixture Product,,,True,49.000,0.000,Normal
13895,p6_03_fixture_sku_09d09418ccae4991,P6-03 Fixture Product,,,True,19.000,0.000,Normal
13896,p6_03_fixture_sku_f35238967422462b,P6-03 Fixture Product,,,True,19.000,0.000,Normal
13897,p6_03_fixture_sku_bf945129196849d5,P6-03 Fixture Product,,,True,18.000,0.000,Normal
11837,p6_04_fixture_sku_17afba52f89f45c4,P6-04 Fixture Product,,,True,9.000,0.000,Normal
11838,p6_04_fixture_sku_3cdb0505dc05468a,P6-04 Fixture Product,,,True,7.000,0.000,Normal
11839,p6_04_fixture_sku_69cf6dea4d4a4b8f,P6-04 Fixture Product,,,True,0.000,0.000,OutOfStock
12107,p6_04_fixture_sku_a6a306f19008467d,P6-04 Fixture Product,,,True,9.000,0.000,Normal
12108,p6_04_fixture_sku_7f01e6501e5e4be2,P6-04 Fixture Product,,,True,7.000,0.000,Normal
12109,p6_04_fixture_sku_91fd534fc6d64ff9,P6-04 Fixture Product,,,True,0.000,0.000,OutOfStock
12387,p6_04_fixture_sku_82a3b4f9e99a4502,P6-04 Fixture Product,,,True,9.000,0.000,Normal
12388,p6_04_fixture_sku_994942837752411d,P6-04 Fixture Product,,,True,7.000,0.000,Normal
12389,p6_04_fixture_sku_6f38463479884a70,P6-04 Fixture Product,,,True,0.000,0.000,OutOfStock
12667,p6_04_fixture_sku_ca32532c665c4954,P6-04 Fixture Product,,,True,9.000,0.000,Normal
12668,p6_04_fixture_sku_f858767b08dd44b1,P6-04 Fixture Product,,,True,7.000,0.000,Normal
12669,p6_04_fixture_sku_70702f764cb4483f,P6-04 Fixture Product,,,True,0.000,0.000,OutOfStock
12947,p6_04_fixture_sku_840211d502894bf9,P6-04 Fixture Product,,,True,9.000,0.000,Normal
12948,p6_04_fixture_sku_06aa892f73e64569,P6-04 Fixture Product,,,True,7.000,0.000,Normal
12949,p6_04_fixture_sku_e3e2fdfd9ad3468f,P6-04 Fixture Product,,,True,0.000,0.000,OutOfStock
13227,p6_04_fixture_sku_753ff5dd1efa488b,P6-04 Fixture Product,,,True,9.000,0.000,Normal
13228,p6_04_fixture_sku_bfbcd57c17a94eea,P6-04 Fixture Product,,,True,7.000,0.000,Normal
13229,p6_04_fixture_sku_48712c5e78ff4c85,P6-04 Fixture Product,,,True,0.000,0.000,OutOfStock
13508,p6_04_fixture_sku_fd84a8b72e8841e5,P6-04 Fixture Product,,,True,9.000,0.000,Normal
13509,p6_04_fixture_sku_2a086336c9194e68,P6-04 Fixture Product,,,True,7.000,0.000,Normal
13510,p6_04_fixture_sku_2f54d96904344f36,P6-04 Fixture Product,,,True,0.000,0.000,OutOfStock
13788,p6_04_fixture_sku_3d54f3e2ce204ba6,P6-04 Fixture Product,,,True,9.000,0.000,Normal
13789,p6_04_fixture_sku_059af5acc0944e79,P6-04 Fixture Product,,,True,7.000,0.000,Normal
13790,p6_04_fixture_sku_5a0e080aa1f94592,P6-04 Fixture Product,,,True,0.000,0.000,OutOfStock
12338,p6_05_fixture_sku_deaa2d7b571f49a9,P6-05 Fixture Product,97,P6-05 Category 6fffd5ffbf10,True,0.000,5.000,OutOfStock
12339,p6_05_fixture_sku_bab343520fd341b5,P6-05 Fixture Product,,,True,0.000,5.000,OutOfStock
12340,p6_05_fixture_sku_06db88a499af40f5,P6-05 Fixture Product,,,True,0.000,5.000,OutOfStock
12341,p6_05_fixture_sku_7ac9589b700c4b73,P6-05 Fixture Product,,,True,0.000,5.000,OutOfStock
12342,p6_05_fixture_sku_961d9326abe44113,P6-05 Fixture Product,,,True,0.000,5.000,OutOfStock
12343,p6_05_fixture_sku_41592a66794c49f1,P6-05 Fixture Product,,,True,0.000,0.000,OutOfStock
12344,p6_05_fixture_sku_80e3d11a01dd4e52,P6-05 Fixture Product,,,True,0.000,0.000,OutOfStock
12345,p6_05_fixture_sku_8ea9eb5ca63640f6,P6-05 Fixture Product,,,True,0.000,0.000,OutOfStock
12346,p6_05_fixture_sku_253f41ea70b34b0b,P6-05 Fixture Product,,,True,0.000,0.000,OutOfStock
12347,p6_05_fixture_sku_93c44be256ac4851,P6-05 Fixture Product,,,True,0.000,0.000,OutOfStock
12618,p6_05_fixture_sku_80ae7363af0b4647,P6-05 Fixture Product,99,P6-05 Category 5d3880b37f03,True,8.000,5.000,Normal
12619,p6_05_fixture_sku_1651049fdef546a3,P6-05 Fixture Product,,,True,3.000,5.000,Low
12620,p6_05_fixture_sku_767f06d743cd4328,P6-05 Fixture Product,,,True,0.000,5.000,OutOfStock
12621,p6_05_fixture_sku_19cc565591c74592,P6-05 Fixture Product,,,True,2.000,5.000,Low
12622,p6_05_fixture_sku_bba8ccc835d64e32,P6-05 Fixture Product,,,True,9.000,5.000,Normal
12623,p6_05_fixture_sku_a751734009f8414d,P6-05 Fixture Product,,,True,4.000,0.000,Normal
12624,p6_05_fixture_sku_fbf3191ba4a94fa5,P6-05 Fixture Product,,,True,5.000,0.000,Normal
12625,p6_05_fixture_sku_069e77901bd34fcf,P6-05 Fixture Product,,,True,5.000,0.000,Normal
12626,p6_05_fixture_sku_834709e578c24d91,P6-05 Fixture Product,,,True,5.000,0.000,Normal
12627,p6_05_fixture_sku_179410a2833248c3,P6-05 Fixture Product,,,True,15.000,0.000,Normal
12898,p6_05_fixture_sku_517a844aa3454eb8,P6-05 Fixture Product,101,P6-05 Category e98bcf48daff,True,8.000,5.000,Normal
12899,p6_05_fixture_sku_d6279e02318d462c,P6-05 Fixture Product,,,True,3.000,5.000,Low
12900,p6_05_fixture_sku_548fbde0ca334ef9,P6-05 Fixture Product,,,True,0.000,5.000,OutOfStock
12901,p6_05_fixture_sku_c85b7e4a978649ca,P6-05 Fixture Product,,,True,2.000,5.000,Low
12902,p6_05_fixture_sku_f5f8c76035bd4c83,P6-05 Fixture Product,,,True,9.000,5.000,Normal
12903,p6_05_fixture_sku_c878f49234d64bd8,P6-05 Fixture Product,,,True,4.000,0.000,Normal
12904,p6_05_fixture_sku_47022b117224432c,P6-05 Fixture Product,,,True,5.000,0.000,Normal
12905,p6_05_fixture_sku_f95731138a0f4ff9,P6-05 Fixture Product,,,True,5.000,0.000,Normal
12906,p6_05_fixture_sku_55e3d33d9abf4dcf,P6-05 Fixture Product,,,True,5.000,0.000,Normal
12907,p6_05_fixture_sku_d1e0e0340b78448f,P6-05 Fixture Product,,,True,15.000,0.000,Normal
13178,p6_05_fixture_sku_111abee6a9564c50,P6-05 Fixture Product,103,P6-05 Category 43ab8d8b6f5d,True,8.000,5.000,Normal
13179,p6_05_fixture_sku_f9363eeba7c740e4,P6-05 Fixture Product,,,True,3.000,5.000,Low
13180,p6_05_fixture_sku_966af028215443ee,P6-05 Fixture Product,,,True,0.000,5.000,OutOfStock
13181,p6_05_fixture_sku_f469454bfb0c4a59,P6-05 Fixture Product,,,True,2.000,5.000,Low
13182,p6_05_fixture_sku_c8a0e81040684431,P6-05 Fixture Product,,,True,9.000,5.000,Normal
13183,p6_05_fixture_sku_2f3abe2e069d436c,P6-05 Fixture Product,,,True,4.000,0.000,Normal
13184,p6_05_fixture_sku_5b5112a9c14f4a2d,P6-05 Fixture Product,,,True,5.000,0.000,Normal
13185,p6_05_fixture_sku_6424ad2508b64482,P6-05 Fixture Product,,,True,5.000,0.000,Normal
13186,p6_05_fixture_sku_6b37c1b496a24a2d,P6-05 Fixture Product,,,True,5.000,0.000,Normal
13187,p6_05_fixture_sku_979f352f1b2a459d,P6-05 Fixture Product,,,True,15.000,0.000,Normal
13459,p6_05_fixture_sku_2408e3a5cbca4f40,P6-05 Fixture Product,105,P6-05 Category a09ac3ea518a,True,8.000,5.000,Normal
13460,p6_05_fixture_sku_f8c798f221e54114,P6-05 Fixture Product,,,True,3.000,5.000,Low
13461,p6_05_fixture_sku_baf6fef37829432f,P6-05 Fixture Product,,,True,0.000,5.000,OutOfStock
13462,p6_05_fixture_sku_674b82a75eb34516,P6-05 Fixture Product,,,True,2.000,5.000,Low
13463,p6_05_fixture_sku_77f1de424afe4588,P6-05 Fixture Product,,,True,9.000,5.000,Normal
13464,p6_05_fixture_sku_9de6e3659aa14b81,P6-05 Fixture Product,,,True,4.000,0.000,Normal
13465,p6_05_fixture_sku_506c8a662f67457f,P6-05 Fixture Product,,,True,5.000,0.000,Normal
13466,p6_05_fixture_sku_25fdf90347df4594,P6-05 Fixture Product,,,True,5.000,0.000,Normal
13467,p6_05_fixture_sku_96791a4c91544f5b,P6-05 Fixture Product,,,True,5.000,0.000,Normal
13468,p6_05_fixture_sku_a007e92190074a2a,P6-05 Fixture Product,,,True,15.000,0.000,Normal
13739,p6_05_fixture_sku_97e96bb304d340e2,P6-05 Fixture Product,107,P6-05 Category 62e04bf76265,True,8.000,5.000,Normal
13740,p6_05_fixture_sku_b750102f3da6418e,P6-05 Fixture Product,,,True,3.000,5.000,Low
13741,p6_05_fixture_sku_a7ad72a04de2460d,P6-05 Fixture Product,,,True,0.000,5.000,OutOfStock
13742,p6_05_fixture_sku_097940ed3d144a43,P6-05 Fixture Product,,,True,2.000,5.000,Low
13743,p6_05_fixture_sku_1f59dc6afa074469,P6-05 Fixture Product,,,True,9.000,5.000,Normal
13744,p6_05_fixture_sku_192aa31a82744100,P6-05 Fixture Product,,,True,4.000,0.000,Normal
13745,p6_05_fixture_sku_cffcec91adb84851,P6-05 Fixture Product,,,True,5.000,0.000,Normal
13746,p6_05_fixture_sku_d360d31bf0c14954,P6-05 Fixture Product,,,True,5.000,0.000,Normal
13747,p6_05_fixture_sku_c9256e05b61e4968,P6-05 Fixture Product,,,True,5.000,0.000,Normal
13748,p6_05_fixture_sku_5e920da7a449449d,P6-05 Fixture Product,,,True,15.000,0.000,Normal
98,HDW-1008,PVC Pipe 1/2in x 3m,5,Plumbing,True,0.000,0.000,OutOfStock
95,HDW-1005,Wood Screws 1in (100pc box),3,Fasteners,True,0.000,0.000,OutOfStock
